title,release_date,genres,rating
A Working Man,2025-03-26,"28,80,53",6.4
In the Lost Lands,2025-02-27,"14,12,28",6.3
A Minecraft Movie,2025-03-31,"10751,35,12,14",6.1
Captain America: Brave New World,2025-02-12,"28,53,878",6.1
G20,2025-04-09,"28,9648,18",6.7
Novocaine,2025-03-12,"28,35,53",6.9
Gunslingers,2025-04-11,"37,28",6.9
The Woman in the Yard,2025-03-27,"27,9648",6.1
Sinners,2025-04-16,"27,28,53",7.4
The Passion of the Christ,2004-02-25,18,7.5
A Knight's War,2025-02-07,"27,28,14",5.1
Home Sweet Home: Rebirth,2025-03-20,"27,14,53,9648,28",6.8
Moana 2,2024-11-21,"16,12,10751,35",7.1
Mufasa: The Lion King,2024-12-18,"12,10751,16",7.4
Sonic the Hedgehog 3,2024-12-19,"28,878,35,10751",7.7
Cleaner,2025-02-19,"28,53",6.6
The Codes of War,2025-03-20,"28,10752",6.2
Mickey 17,2025-02-28,"878,35,12",6.9
Laila,2025-02-14,"35,10749",1.0
Carjackers,2025-03-27,"28,12",6.2
The Hard Hit,2023-10-20,"28,53,80",7.0
Ask Me What You Want,2024-11-29,"10749,18",5.9
Flight Risk,2025-01-22,"28,53",6.1
Sugar Baby,2024-10-15,"53,35",6.5
Deva,2025-01-31,"28,53,9648,80",6.0
The Gorge,2025-02-13,"10749,878,53",7.7
Night Shift,2024-10-31,27,6.4
Cosmic Chaos,2023-08-03,"53,878",6.0
Peter Pan's Neverland Nightmare,2025-01-13,"27,53,14",5.0
The Quiet Ones,2024-10-31,"28,18",5.8
The Amateur,2025-04-09,"53,28",6.6
Batman Ninja vs. Yakuza League,2025-03-17,"16,28",6.6
825 Forest Road,2025-04-04,"27,53",5.9
Nightwatch: Demons Are Forever,2023-12-14,"27,53,9648",5.9
Superboys of Malegaon,2025-02-28,"35,18",8.0
Counterattack,2025-02-27,"28,12,53",8.4
Snow White,2025-03-19,"10751,14",4.5
Bloody Escape: Bats out of Hell,2024-01-05,"16,28,878",6.5
Venom: The Last Dance,2024-10-22,"28,878,12",6.8
Una pequeña confusión,2024-12-25,35,7.6
iHostage,2025-04-18,"53,80,18",6.2
Fight or Flight,2025-04-03,"28,35,53",5.6
My Fault,2023-06-08,"10749,18",7.8
Amaran,2024-10-31,"28,18,12,10752",7.4
Heart Eyes,2025-02-06,"27,35,10749",6.3
Despicable Me 4,2024-06-20,"16,10751,35,878",7.1
Memoir of a Snail,2024-10-17,"16,18,35",8.0
Kraven the Hunter,2024-12-11,"28,12,53",6.6
Demon City,2025-02-26,"28,80,14,53",6.9
Popeye the Slayer Man,2025-03-21,27,6.0
Ghost Game,2024-10-18,"27,53",3.8
Gladiator II,2024-11-13,"28,12,18",6.8
Deadpool & Wolverine,2024-07-24,"28,35,878",7.6
Plankton: The Movie,2025-03-08,"16,12,35,10751,14",6.8
Flow,2024-08-29,"16,14,12",8.2
The Wild Robot,2024-09-12,"16,878,10751",8.3
Panda Plan,2024-10-01,"28,35",6.9
Your Fault,2024-12-26,"10749,18",7.1
"I, the Executioner",2024-09-13,"28,80",6.9
Companion,2025-01-22,"27,878,53",7.1
Warfare,2025-04-09,"10752,28",7.2
Avengers: Infinity War,2018-04-25,"12,28,878",8.2
Hellhound,2024-06-20,"28,80,53",6.6
The Substance,2024-09-07,"27,878",7.1
Old Guy,2024-12-13,"28,35",5.6
"Oh, Canada",2024-12-06,18,6.0
Inside Out 2,2024-06-11,"16,12,35,10751",7.6
My Fault: London,2025-02-12,"10749,18",7.5
Sky Force,2025-01-24,"28,53",6.6
Alarum,2025-01-16,"28,80,53",5.8
Clawfoot,2024-04-24,53,5.0
Dog Man,2025-01-24,"10751,35,12,16",7.8
The Life List,2025-03-27,"10749,35,18",6.9
Red One,2024-10-31,"28,35,14",7.1
Cinderella's Revenge,2024-04-26,"14,27",5.6
Black Bag,2025-03-12,"18,9648,53",6.4
The Ten Commandments,1956-10-05,"18,36",7.8
The Accountant 2,2025-04-23,"80,53,28",7.3
Anora,2024-10-14,"18,35,10749",7.1
Interstellar,2014-11-05,"12,18,878",8.5
Super Papa,2024-08-07,"35,10751",5.4
Titanic,1997-11-18,"18,10749",7.9
Apocalypse Z: The Beginning of the End,2024-10-04,"18,28,27",6.7
The Alto Knights,2025-03-14,"80,18,36",6.1
"Robotia, la película",2024-06-07,"16,12",7.3
The King of Kings,2025-04-07,"16,18,10751,14",7.5
The Maze Runner,2014-09-10,"28,9648,878,53",7.2
Ben-Hur,1959-11-18,"36,18,12,28",7.9
The Travelling Dog,2023-08-25,"10751,12",6.5
The Avengers,2012-04-25,"878,28,12",7.7
Titanic: The Digital Resurrection,2025-04-12,99,8.5
Breathing In,2023-10-18,"27,53,18",5.0
Dark Match,2024-07-21,"28,27",5.1
Solo Leveling -ReAwakening-,2024-11-26,"28,12,14,16",7.0
Elevation,2024-11-07,"28,878,53",6.5
"The Chronicles of Narnia: The Lion, the Witch and the Wardrobe",2005-12-07,"12,10751,14",7.1
Pulp Fiction,1994-09-10,"53,80",8.5
The Godfather,1972-03-14,"18,80",8.7
Bad Boys: Ride or Die,2024-06-05,"28,35,80,53,12",7.4
"Miraculous World: London, At the Edge of Time",2024-11-14,"16,12,28,14",7.3
GoodFellas,1990-09-12,"18,80",8.5
"The Good, the Bad and the Ugly",1966-12-22,37,8.5
The Gardener,2025-01-30,"28,35",6.3
xXx,2002-08-09,"28,12,53,80",5.9
Harry Potter and the Philosopher's Stone,2001-11-16,"12,14",7.9
The Vigilante,2023-09-08,"53,28",6.0
365 Days: This Day,2022-04-26,"10749,18",5.9
Alien: Romulus,2024-08-13,"27,878",7.2
Dalia and the Red Book,2024-10-17,"12,18,14,16",7.3
Absolution,2024-10-31,"28,80,53,9648,10751",5.9
Opus,2025-03-13,"27,9648,53",5.4
Henry Danger: The Movie,2025-01-17,"28,35,10751,878",7.8
Ne Zha 2,2025-01-29,"16,14,12",7.8
Drop,2025-04-10,"9648,53",6.5
Presence,2025-01-16,"27,18,53",6.0
The Shawshank Redemption,1994-09-23,"18,80",8.7
Love Hurts,2025-02-06,"28,35,10749",5.9
Smile 2,2024-10-16,"27,9648",6.6
Star Wars: The Last Jedi,2017-12-13,"12,28,878",6.8
Uranus 2324,2024-07-04,"10749,18,878",7.0
Survive,2024-06-19,"878,53,12,28",5.8
Sidelined: The QB and Me,2025-02-06,"35,10749",6.0
Z Zone,2024-10-04,27,6.7
Sex Education Mistresses,1973-11-20,35,5.9
Jesus,1979-10-19,"18,14",8.3
The Lord of the Rings: The War of the Rohirrim,2024-12-05,"16,14,12,28",6.7
Schindler's List,1993-12-15,"18,36,10752",8.6
The Last Supper,2025-03-14,"18,36",7.4
Back in Action,2025-01-15,"28,35",6.5
The Matrix,1999-03-31,"28,878",8.2
Fast X,2023-05-17,"28,80,53,12,9648",7.0
"The Wizard of the Emerald City, Part 1",2025-01-01,"18,14",7.3
Dear David,2023-02-09,"18,10749,14",6.1
Conclave,2024-10-25,"18,53,9648",7.2
The Green Mile,1999-12-10,"14,18,80",8.5
Big Brother,2018-08-16,"28,18,35",7.4
Possession Street,2024-10-31,"27,18",9.5
Avatar: The Way of Water,2022-12-14,"878,12,28",7.6
The Accountant,2016-10-13,"80,53,18",7.1
Attack on Titan: THE LAST ATTACK,2024-11-08,"16,28,12,14",8.6
John Wick: Chapter 4,2023-03-22,"28,53,80",7.7
The Dark Knight,2008-07-16,"18,28,80,53",8.5
Marinette,2023-06-07,"18,36",6.7
Nosferatu,2024-12-25,"27,14",6.7
Shrek,2001-05-18,"16,35,14,12,10751",7.8
Blade Runner 2049,2017-10-04,"878,18",7.6
The Monkey,2025-02-14,"27,35",5.8
Escape,2024-07-03,"28,18",7.3
The Electric State,2025-03-07,"878,12,28",6.6
Heretic,2024-10-31,"27,53",7.1
Spider-Man: Homecoming,2017-07-05,"28,12,878,18",7.3
Werewolves,2024-12-04,"28,27,53",6.2
Terrifier 3,2024-10-09,"27,53",6.9
Thunderbolts*,2025-04-22,"12,18,28",10.0
Victoria,2024-12-14,18,5.0
Spider-Man: No Way Home,2021-12-15,"28,12,878",7.9
Fight Club,1999-10-15,18,8.4
Gladiator,2000-05-04,"28,18,12",8.2
Night Nurse,1979-02-07,35,5.3
Dune: Part Two,2024-02-27,"878,12",8.1
Top Gun: Maverick,2022-05-21,"28,18",8.2
Beauty and the Beast,2017-03-16,"10751,14,10749",7.0
Batman v Superman: Dawn of Justice,2016-03-23,"28,12,14",6.0
Anastasia,1953-07-12,"18,10770",4.0
Pride & Prejudice,2005-09-16,"18,10749",8.1
Ellie and the Monster Team,2024-06-27,"16,10751,35",5.6
The Lion King,1994-06-15,"10751,16,18",8.3
Devara : Part 1,2024-09-26,"28,18",7.0
Seven Veils,2025-03-07,18,6.0
From Good to the Hood,2024-12-05,35,5.4
Skin. Like. Sun.,2009-10-10,10749,5.7
Squad 36,2025-02-27,"28,80,18,53",6.5
Wicked,2024-11-20,"18,10749,14",6.9
The Garfield Movie,2024-04-30,"10751,35,12,16",7.1
Godzilla x Kong: The New Empire,2024-03-27,"28,12,878",7.1
Dirty Angels,2024-12-11,"28,18,53,10752",6.2
Puri for Rent,2025-04-04,"18,10749",8.8
Kung Fu Panda 4,2024-03-02,"16,10751,28,35,12,14",7.1
The Lion King,2019-07-12,"12,18,10751,16",7.1
Se7en,1995-09-22,"80,9648,53",8.4
Sniper: The Last Stand,2025-01-21,"28,53",6.7
Parasite,2019-05-30,"35,53,18",8.5
Inside Out,2015-06-17,"16,10751,12,18,35",7.9
Harry Potter and the Prisoner of Azkaban,2004-05-31,"12,14",8.0
Babygirl,2024-12-25,18,5.8
Transformers One,2024-09-11,"16,878,12,10751",8.1
A Love Too Captivating,2025-04-06,"10749,16",5.0
Harry Potter and the Goblet of Fire,2005-11-16,"12,14",7.8
Azrael,2024-09-27,"28,27,53",6.0
The Super Mario Bros. Movie,2023-04-05,"10751,35,12,16",7.6
Civil War,2024-04-10,"10752,28,18",6.9
Coraline,2009-02-05,"16,10751,14",7.9
The Wolf of Wall Street,2013-12-25,"80,18,35",8.0
Toy Story,1995-11-22,"16,12,10751,35",8.0
Last Breath,2025-02-27,"53,18",6.9
Chhaava,2025-02-14,"36,28,18",6.7
Piglet,2025-01-25,27,5.7
Avatar,2009-12-15,"28,12,14,878",7.6
The Conjuring,2013-07-18,"27,53",7.5
Jurassic World Dominion,2022-06-01,"12,28,878",6.7
Avengers: Endgame,2019-04-24,"12,878,28",8.2
Mad Max: Fury Road,2015-05-13,"28,12,878",7.6
Mientras Cupido no está,2025-04-02,35,5.0
Spider-Man: Across the Spider-Verse,2023-05-31,"16,28,12,878",8.3
The Lord of the Rings: The Fellowship of the Ring,2001-12-18,"12,14,28",8.4
Prisoners,2013-09-19,"18,53,80",8.1
Until Dawn,2025-04-23,27,5.8
The Island,2023-07-21,"28,80,53",6.2
Dune,2021-09-15,"878,12",7.8
Hereditary,2018-06-07,"27,9648,53",7.3
Room in Rome,2010-05-07,"18,10749",6.4
Harry Potter and the Chamber of Secrets,2002-11-13,"12,14",7.7
The Chosen: Last Supper,2025-03-27,"18,36,12",7.6
O Filho do Homem,2019-08-29,18,6.0
The Dark Tower,2017-08-03,"14,28,878",5.8
Elemental,2023-06-14,"16,35,10751,14,10749",7.6
Den of Thieves 2: Pantera,2025-01-08,"28,80,53",6.8
Spider-Man,2002-05-01,"28,878",7.3
Twilight,2008-11-20,"14,18,10749",6.3
Inception,2010-07-15,"28,878,12",8.4
Paddington in Peru,2024-11-08,"10751,35,12",6.8
The Brutalist,2024-12-20,18,7.1
Barbie,2023-07-19,"35,12",7.0
Sonic the Hedgehog 2,2022-03-30,"28,12,10751,35",7.5
Holland,2025-03-09,"53,9648",5.4
King of Kings,1961-10-11,"18,36",7.1
Carry-On,2024-12-05,"53,28",6.9
The Revenant,2015-12-25,"37,18,12",7.5
Self,2024-02-01,"16,10751,14",6.1
V for Vengeance,2022-06-07,"27,28",5.5
Wolf Man,2025-01-15,"27,53",6.4
The Terminator,1984-10-26,"28,53,878",7.7
The Bayou,2025-01-31,"53,27,28",6.3
Risen,2016-02-18,"28,12,18,14",6.2
Train to Busan,2016-07-20,"27,53,28,12",7.8
Wrath of Man,2021-04-22,"80,53,28",7.6
The Notebook,2004-05-25,"10749,18",7.9
Spirited Away,2001-07-20,"16,10751,14",8.5
Migration,2023-12-06,"16,12,35,10751",7.4
Rabia,2024-11-27,"18,53",6.7
Your Name.,2016-08-26,"16,10749,18",8.5
The Beekeeper,2024-01-08,"28,80,53",7.3
Furiosa: A Mad Max Saga,2024-05-22,"28,878,12",7.5
The Lord of the Rings: The Return of the King,2003-12-17,"12,14,28",8.5
Black Panther: Wakanda Forever,2022-11-09,"28,12,878",7.1
Mission: Impossible - Dead Reckoning Part One,2023-07-08,"28,12",7.5
Coco,2017-10-27,"10751,16,10402,12",8.2
Kingdom of the Planet of the Apes,2024-05-08,"878,12,28,18,53",7.1
Zootopia,2016-02-11,"16,12,10751,35",7.7
Howl's Moving Castle,2004-09-09,"14,16,12",8.4
Harry Potter and the Order of the Phoenix,2007-07-08,"12,14",7.7
The Handmaiden,2016-06-01,"53,18,10749",8.2
After,2019-04-11,"10749,18",7.1
Forrest Gump,1994-06-23,"35,18,10749",8.5
Justice League,2017-11-15,"28,12,878",6.1
Black Panther,2018-02-13,"28,12,878",7.4
Pirates of the Caribbean: The Curse of the Black Pearl,2003-07-09,"12,14,28",7.8
Transformers: Rise of the Beasts,2023-06-06,"878,12,28",7.2
Pleasure,2021-10-08,18,6.3
El Vacío,2023-06-08,,5.0
Kiskisan,2024-09-27,18,5.3
Operation Undead,2024-07-20,"27,28,53",3.8
The Real You,2024-11-08,"18,878",9.0
Peacemaker Kurogane: Belief,2018-06-02,"16,36,28,18,14,10749",5.1
The Platform 2,2024-09-27,"878,27,53",5.6
Tangled,2010-11-24,"16,10751,12",7.6
Ice Age,2002-03-10,"16,35,10751,12",7.4
Kingdom IV: Return of the Great General,2024-07-12,"28,12",6.8
Sugar Baby,2024-04-25,"10749,18",7.2
28 Days Later,2002-10-31,"27,53,878",7.2
Star Wars,1977-05-25,"12,28,878",8.2
Shutter Island,2010-02-14,"18,53,9648",8.2
The Pursuit of Happyness,2006-12-14,18,7.9
Snowpiercer,2013-08-01,"28,878,18",6.9
Puss in Boots: The Last Wish,2022-12-07,"16,12,14,35,10751",8.2
The X-Treme Riders,2023-11-09,"28,80",7.9
The Robe,1953-09-16,"18,36",6.8
Den of Thieves,2018-01-18,"28,80,53",6.8
The Truman Show,1998-06-04,"35,18",8.1
Snow White and the Seven Dwarfs,1938-01-14,"14,16,10751",7.1
The Prince of Egypt,1998-12-16,"12,16,18,10751",7.3
Caveat,2021-10-20,"27,9648,53",6.2
A Quiet Place: Day One,2024-06-26,"27,878,53",6.7
The Count of Monte Cristo,2024-06-28,"12,28,18",8.0
Captain America: Civil War,2016-04-27,"12,28,878",7.4
Jaat,2025-04-10,"28,18",7.0
The Crow,2024-08-21,"28,14,27",5.8
Encanto,2021-10-13,"16,35,10751,14",7.6
"Monsters, Inc.",2001-11-01,"16,35,10751",7.8
Spider-Man: Into the Spider-Verse,2018-12-06,"16,28,12,878",8.4
Death Whisperer 2,2024-10-10,"27,53,28",7.0
The Social Network,2010-10-01,18,7.4
Better Man,2024-12-06,"10402,18",7.8
Triangle,2009-10-16,27,6.9
Monster,2023-06-02,"9648,53,18",8.0
Jurassic World: Fallen Kingdom,2018-06-06,"28,12,878,53",6.5
Big Hero 6,2014-10-24,"12,10751,16,28,35",7.7
Scorned,1993-07-14,"18,53",5.1
Dark Phoenix,2019-06-05,"878,28,12",6.0
How to Make Millions Before Grandma Dies,2024-04-04,18,8.1
Shang-Chi and the Legend of the Ten Rings,2021-09-01,"28,12,14,878",7.5
Gone Girl,2014-10-01,"9648,53,18",7.9
The Day the Earth Blew Up: A Looney Tunes Movie,2024-08-01,"10751,35,12,16",7.6
The Equalizer,2014-09-24,"53,28,80",7.3
Oppenheimer,2023-07-19,"18,36",8.1
Oldboy,2003-11-21,"18,53,9648,28",8.2
Rita,2024-03-22,18,6.6
Shrek 2,2004-05-19,"16,10751,35,14,12",7.3
The Batman,2022-03-01,"80,9648,53",7.7
Sonic the Hedgehog,2020-02-12,"28,878,35,10751",7.3
Wallace & Gromit: Vengeance Most Fowl,2024-12-18,"10751,35,12,16",7.5
Zack Snyder's Justice League,2021-03-18,"28,12,14",8.1
Iron Man,2008-04-30,"28,878,12",7.7
Baby Face,1933-07-13,18,7.2
Speak No Evil,2024-09-11,"27,53",7.3
La La Land,2016-12-01,"35,18,10749,10402",7.9
The Hangover,2009-06-02,35,7.3
Rebel Ridge,2024-08-27,"80,28,53,18",7.0
My Hero Academia: You're Next,2024-08-02,"16,28,12,878",6.9
Finding Nemo,2003-05-30,"16,10751",7.8
Legends of the Condor Heroes: The Gallants,2025-01-29,"28,18,36",6.3
Donnie Darko,2001-01-19,"14,18,9648",7.8
Young Hearts,2024-10-26,"18,10749",8.5
Asterix & Obelix: The Middle Kingdom,2023-02-01,"10751,35,12",4.9
Bad Influence,2025-01-24,"18,53,10749",7.8
Shufu to Sei-seikatsu,1984-11-23,18,1.3
Alien,1979-05-25,"27,878",8.2
World War Z,2013-06-19,"28,27,878,53",6.8
Ratatouille,2007-06-28,"16,35,10751,14",7.8
Smile,2022-09-23,"27,9648",6.7
Mesa de regalos,2025-01-16,35,8.6
Hotel Desire,2011-12-07,"18,10749",6.0
Kingdom of Heaven,2005-05-03,"18,28,12,36,10752",7.0
The Shining,1980-05-23,"27,53",8.2
Fifty Shades of Grey,2015-02-11,"18,10749,53",5.9
Joker,2019-10-01,"80,53,18",8.1
Joker,2019-10-01,"80,53,18",8.1
Black Widow,2021-07-07,"28,12,878",7.2
Night Call,2024-08-28,"53,28",6.8
¿Quién es quién?,2024-12-05,"35,10751",5.5
Heat,1995-12-15,"80,18,28",7.9
Midsommar,2019-07-03,"27,18,9648",7.2
Black Swan,2010-12-03,"18,53,27",7.7
Wonka,2023-12-06,"35,10751,14",7.1
Venom: Let There Be Carnage,2021-09-30,"878,28,12",6.8
Green Book,2018-11-16,"18,36",8.2
Avengers: Age of Ultron,2015-04-22,"28,12,878",7.3
Frozen,2013-11-20,"16,10751,12,14",7.2
The Ministry of Ungentlemanly Warfare,2024-04-18,"28,10752,35",7.1
Banger,2025-04-01,"35,10402",4.6
IF,2024-05-08,"35,14,10751",7.1
Jurassic Park,1993-06-11,"12,878",8.0
Bridget Jones: Mad About the Boy,2025-02-12,"10749,35,18",6.7
How to Train Your Dragon 2,2014-06-05,"14,28,12,16,35,10751",7.7
The Karate Kid,2010-06-10,"28,12,18,10751",6.5
The Tomorrow War,2021-09-03,"28,878,12",7.5
Harry Potter and the Deathly Hallows: Part 2,2011-07-12,"14,12",8.1
Fury,2014-10-15,"10752,18,28",7.5
Knives Out,2019-11-27,"35,80,9648",7.8
The Lord of the Rings: The Two Towers,2002-12-18,"12,14,28",8.4
The Greatest Story Ever Told,1965-04-09,"18,36",6.4
Blink Twice,2024-08-21,"9648,53",6.7
Everything Everywhere All at Once,2022-03-24,"28,12,878",7.8
A Quiet Place,2018-04-03,"27,18,878",7.4
Girl Play,2004-07-11,"35,10749",5.4
The Hobbit: The Battle of the Five Armies,2014-12-10,"28,12,14",7.3
Poor Things,2023-12-07,"878,10749,35",7.7
Aquaman and the Lost Kingdom,2023-12-20,"28,12,14",6.6
Aftermath,2024-09-27,"28,53",6.2
The Pursuit of Lust,2025-01-23,"10749,18",5.9
Dhoom Dhaam,2025-02-13,"35,10749,28",6.7
Pirates of the Caribbean: Dead Man's Chest,2006-07-06,"12,14,28",7.4
Turning Red,2022-03-10,"16,10751,35,14",7.3
Luca,2021-06-17,"16,35,14,12,10751",7.8
Wolfs,2024-09-20,"80,35,28",6.5
Jurassic World,2015-06-06,"28,12,878,53",6.7
The Boy and the Heron,2023-07-14,"16,12,14,10751,18",7.5
Africa Addio,1966-02-11,"99,27",6.3
Pabrik Gula,2025-03-31,"27,53",8.4
Five Nights at Freddy's,2023-10-25,"27,53",7.5
A Complete Unknown,2024-12-18,"18,10402",7.1
Bagman,2024-09-20,"27,53",6.3
Mr. & Mrs. Smith,2005-06-07,"28,35,18,53",6.7
Saving Private Ryan,1998-07-24,"18,36,10752",8.2
The Intern,2015-09-23,35,7.2
Thor: Ragnarok,2017-10-02,"28,12,878",7.6
Guardians of the Galaxy Vol. 3,2023-05-03,"878,12,28,35",7.9
Hop,2011-03-30,"16,35,10751",5.8
Spider-Man 3,2007-05-01,"28,12,878",6.4
Ready Player One,2018-03-28,"12,28,878",7.6
Catch Me If You Can,2002-12-16,"18,80",8.0
Grown Ups,2010-06-24,35,6.4
Armor,2024-10-30,"28,80,53,18",5.7
The Forge,2024-08-22,"18,10751",8.3
The Hunger Games: Mockingjay - Part 1,2014-11-19,"878,12,53",6.8
The Curse of the Necklace,2024-09-27,"27,9648,53",5.6
Mean Girls,2004-04-30,"18,35",7.2
Whisper of the Witch,2024-06-13,"27,53",6.5
Harry Potter and the Half-Blood Prince,2009-07-15,"12,14",7.7
10 Things I Hate About You,1999-03-30,"35,10749,18",7.6
Léon: The Professional,1994-09-14,"80,18,28",8.3
The Dark Knight Rises,2012-07-17,"28,80,18,53",7.8
"The Gangster, the Cop, the Devil",2019-05-15,"80,28,53",7.8
Ikenie tenshi,1988-01-09,18,2.0
Top Gun,1986-05-16,"28,18",7.1
One of Them Days,2025-01-16,35,6.9
The Equalizer 3,2023-08-30,"28,53,80",7.3
Frogman,2024-09-26,"27,14",5.0
Death of a Unicorn,2025-03-27,"27,35,14",6.2
Godzilla Minus One,2023-11-03,"878,27,28",7.6
The Mummy,1999-04-16,"12,28,14",6.9
The Pianist,2002-09-17,"18,10752",8.4
Demon Slayer -Kimetsu no Yaiba- The Movie: Mugen Train,2020-10-16,"16,28,14,53",8.2
Once Upon a Time... in Hollywood,2019-07-24,"35,18,53",7.4
A Real Pain,2024-11-01,"35,18",6.8
Control Freak,2025-03-12,27,5.5
Troy,2004-05-13,"12,36,10752",7.2
I'm Still Here,2024-09-19,"18,36",8.0
Twisters,2024-07-10,"28,53",6.8
Taken,2008-02-18,"28,53",7.4
The Fallout,2021-03-17,18,7.6
Magazine Dreams,2025-03-21,18,6.4
Good Will Hunting,1997-12-05,18,8.2
Maze Runner: The Death Cure,2018-01-10,"878,28,12,53",7.1
Cruella,2021-05-26,"35,80,12",8.0
How to Train Your Dragon,2010-03-18,"14,12,16,10751",7.8
Star Wars: Episode III - Revenge of the Sith,2005-05-17,"12,28,878",7.4
Fifty Shades Freed,2018-01-17,"18,10749",6.7
Star Wars: The Last Jedi,2017-12-13,"12,28,878",6.8
Flipped,2010-08-06,"10749,18",8.0
The Suicide Squad,2021-07-28,"28,35,12",7.5
Lembayung,2024-09-19,"27,53",6.9
The Hunger Games: The Ballad of Songbirds & Snakes,2023-11-15,"18,878,12,28",7.0
Mission: Impossible,1996-05-22,"12,28,53",7.0
Harry Potter and the Deathly Hallows: Part 1,2010-11-17,"12,14",7.7
Final Destination,2000-03-17,27,6.6
Toy Story 2,1999-10-30,"16,35,10751",7.6
A Night at the Roxbury,1998-10-01,"35,10749",6.5
Coherence,2013-09-19,"53,878",7.2
"María, ¡Me muero!",2024-10-31,35,6.3
Abigail,2024-04-16,"27,53",6.8
Soul,2020-12-25,"16,10751,35,14",8.1
Meg 2: The Trench,2023-08-02,"28,878,27",6.4
Kaiju No. 8: Mission Recon,2025-03-28,"16,28,878",6.3
Guardians of the Galaxy Vol. 2,2017-04-19,"878,12,28",7.6
Venom,2018-09-28,"878,28",6.8
The Godfather Part II,1974-12-20,"18,80",8.6
Call Me by Your Name,2017-07-28,"10749,18",8.1
20th Century Girl,2022-10-06,"10749,18",8.2
The Incredibles,2004-10-27,"28,12,16,10751",7.7
Squid Game: Making Season 2,2025-01-02,99,8.5
No Country for Old Men,2007-06-13,"80,18,53",7.9
The Fall Guy,2024-04-24,"28,35,18,10749",7.0
The Fall Guy,2024-04-24,"28,35,18,10749",7.0
The Mask,1994-07-29,"10749,35,80,14",7.0
Lilo & Stitch,2002-06-21,"16,10751,35",7.5
Ne Zha,2019-07-26,"16,14,12",7.9
Ice Age: Continental Drift,2012-06-27,"16,35,12,10751",6.4
Subservience,2024-08-15,"27,878,53",6.7
Black Adam,2022-10-19,"28,12,878",6.9
Minecraft: Into the Nether,2015-01-27,99,8.0
The Prestige,2006-10-17,"18,9648,878",8.2
River of Blood,2024-08-29,"27,53",6.0
Terminator 2: Judgment Day,1991-07-03,"28,53,878",8.1
Inglourious Basterds,2009-08-02,"18,53,10752",8.2
E.T. the Extra-Terrestrial,1982-06-11,"878,12,10751,14",7.5
Purgatory Jack,2023-08-20,"53,18,14,9648",7.0
Madagascar,2005-05-25,"10751,16,12,35",6.9
Eye for an Eye 2,2024-07-21,"28,18",6.3
The Secret Life of Walter Mitty,2013-12-18,"12,35,18,14",7.2
"Miraculous World: Paris, Tales of Shadybug and Claw Noir",2023-10-21,"16,12,28,14,10751",7.2
Thor: Love and Thunder,2022-07-06,"14,28,35",6.4
Bloat,2025-03-07,27,4.7
The Idea of You,2024-05-02,"10749,18,35",7.4
Charlie and the Chocolate Factory,2005-07-13,"12,35,10751,14",7.0
Arcadian,2024-04-12,"28,27,53,878",6.2
Iron Man 2,2010-04-28,"12,28,878",6.8
May I Speak with the Enemy?,2024-12-13,"18,35,10752",6.6
Notting Hill,1999-05-21,"10749,35",7.3
Whiplash,2014-10-10,"18,10402",8.4
Watchmen: Chapter II,2024-11-25,"16,9648,878,28,18",7.5
Shrek the Third,2007-05-17,"14,12,16,35,10751",6.3
The Hobbit: The Desolation of Smaug,2013-12-11,"14,12,28",7.6
Joseph,1995-04-10,"12,18,10770",8.2
Anyone But You,2023-12-21,"10749,35",6.9
12 Angry Men,1957-04-10,18,8.5
Making of The Last of Us,2023-03-12,99,6.9
The Intouchables,2011-11-02,"18,35",8.3
Minions: The Rise of Gru,2022-06-29,"16,35,10751,12",7.3
Arrival,2016-11-10,"18,878,9648",7.6
Below Her Mouth,2017-02-10,"18,10749",6.8
Arrival,2016-11-10,"18,878,9648",7.6
Below Her Mouth,2017-02-10,"18,10749",6.8
Son of God,2014-02-28,18,6.8
Prey,2022-08-02,"53,28,878",7.7
Winnie-the-Pooh: Blood and Honey 2,2024-03-26,"27,53",6.0
All Quiet on the Western Front,2022-10-07,"10752,36,18",7.7
Fall,2022-08-11,53,7.1
Pirates of the Caribbean: On Stranger Tides,2011-05-15,"12,28,14",6.6
Hijack 1971,2024-06-21,"28,53,80",6.4
Her,2013-12-18,"10749,878,18",7.8
Guy Ritchie's The Covenant,2023-04-19,"10752,28,53",7.8
Hacksaw Ridge,2016-10-07,"18,36,10752",8.2
Beetlejuice Beetlejuice,2024-09-04,"27,35,14",7.0
My Neighbor Totoro,1988-04-16,"14,16,10751",8.1
Descendants: The Rise of Red,2024-07-11,"14,12,10751,35",6.9
The Nun II,2023-09-06,27,6.7
Fast & Furious Presents: Hobbs & Shaw,2019-08-01,"28,12,35",6.8
The Conjuring: The Devil Made Me Do It,2021-05-25,"27,9648,53",7.4
The Amazing Spider-Man,2012-06-23,"28,12,878",6.7
Bridge to Terabithia,2007-02-15,"12,18,10751",7.3
Fall,2022-08-11,53,7.1
Babylon,2022-12-22,"18,35",7.4
The Nun,2018-09-05,27,5.9
Beautiful Boy,2018-10-12,18,7.6
Through My Window,2022-02-04,"10749,18,35",7.4
Annihilation,2018-02-22,"878,27",6.4
Mob Land,2023-08-04,"28,80,53",5.5
Project Silence,2024-07-11,"53,28,27,878,12",7.0
The Incredible Hulk,2008-06-12,"878,28,12",6.2
The Imitation Game,2014-11-14,"36,18,53,10752",8.0
Eternals,2021-11-03,"878,28,12",6.8
Real Steel,2011-09-28,"28,878,18",7.0
Sound of Freedom,2023-07-03,"28,18",8.0
Django Unchained,2012-12-25,"18,37",8.2
Jugaremos en el bosque,2024-05-01,27,7.0
Road House,2024-03-08,"28,53",6.9
Joker: Folie à Deux,2024-09-30,"18,80,53",5.5
Brave,2012-06-21,"16,12,35,10751,28,14",7.0
Kong: Skull Island,2017-03-08,"28,12,14",6.5
Scissors,2025-01-24,"27,35",3.0
Sing 2,2021-12-01,"16,10751,10402,35",7.8
The Autopsy of Jane Doe,2016-12-21,"27,9648",6.8
A Man Called Otto,2022-12-28,"35,18",7.8
Luck,2022-08-05,"16,12,35,14",7.8
Deadpool,2016-02-09,"28,12,35",7.6
"Miraculous: Ladybug & Cat Noir, The Movie",2023-07-05,"16,14,28,10749,10751",7.6
Parthenope,2024-10-19,"10749,18",6.8
Iron Man 3,2013-04-18,"28,12,878",6.9
WALL·E,2008-06-22,"16,10751,878",8.1
Hidden Figures,2016-12-10,"18,36",8.1
Transformers: The Last Knight,2017-06-16,"28,12,878",6.1
Exodus: Gods and Kings,2014-12-03,"12,18,28",5.9
Scary Movie,2000-07-07,35,6.4
The Twilight Saga: Breaking Dawn - Part 2,2012-11-13,"12,14,18,10749",6.5
Tarzan,1999-06-18,"10751,12,16,18",7.4
Jumanji: The Next Level,2019-12-04,"12,35,14",6.9
Ghosted,2023-04-18,"28,35,10749",6.9
Doctor Strange in the Multiverse of Madness,2022-05-04,"14,28,12",7.3
A Whole Life,2023-11-09,"18,36",7.1
Jack Reacher,2012-12-20,"80,18,53,28",6.6
Emilia Pérez,2024-08-21,"18,53",6.7
The Creator,2023-09-27,"878,28,12",7.1
Wonder Woman,2017-05-30,"28,12,14",7.2
Rise of the Guardians,2012-11-21,"16,10751,14",7.4
Bad Boys,1995-04-07,"28,35,80,53",6.8
Final Destination 3,2006-02-09,"27,9648",6.1
Corpse Bride,2005-09-12,"10749,14,16",7.6
Lucy,2014-07-25,"28,878",6.5
Hotel Transylvania: Transformania,2022-01-31,"16,35,10751,12,14",7.1
Shooter,2007-03-22,"18,28,53",7.1
Tatsulok,2024-10-11,"18,10749",5.3
John Wick,2014-10-22,"28,53",7.4
The Exorcist,1973-12-26,27,7.7
John Wick: Chapter 2,2017-02-08,"28,53,80",7.3
Nobody,2021-03-18,"28,53",7.9
The Conjuring 2,2016-06-08,27,7.3
Scream VI,2023-03-08,"27,80,53",7.0
The Meg,2018-08-09,"28,878,27",6.2
Jumanji: Welcome to the Jungle,2017-12-09,"12,35,14,28,10751",6.8
Extraction 2,2023-06-09,"28,53,80",7.4
Mission: Impossible - Ghost Protocol,2011-12-07,"28,53,12",7.1
Star Trek: Section 31,2025-01-15,"878,12,28",4.8
Wrong Turn,2021-01-26,"27,53",6.0
The Little Mermaid,2023-05-18,"12,10751,14,10749",6.3
War of the Worlds,2005-06-13,"12,53,878",6.5
Eyes Wide Shut,1999-07-16,"18,53,9648",7.5
Terminator Genisys,2015-06-23,"878,28,53,12",5.9
Furious 7,2015-04-01,"28,53,80",7.2
Shrek Forever After,2010-05-20,"35,12,14,16,10751",6.4
Star Wars: The Force Awakens,2015-12-15,"12,28,878",7.3
Dunkirk,2017-07-19,"10752,28,18",7.5
Me Before You,2016-06-01,"18,10749",7.9
Levels,2024-11-01,"28,878,53",5.7
Rango,2011-03-02,"16,35,10751,37,12",6.9
Rio,2011-04-03,"16,12,35,10751",6.7
Classified,2024-09-19,"28,53",5.8
Talk to Me,2023-07-26,27,7.2
Unfaithful,2002-05-10,"53,18,10749",6.7
Nacho Libre,2006-06-16,35,6.5
Oddity,2024-07-19,"27,9648",6.7
You're Cordially Invited,2025-01-29,35,5.9
Borderlands,2024-08-07,"28,878,35",5.7
Meet Joe Black,1998-11-12,"14,18,10749",7.3
Pirates of the Caribbean: At World's End,2007-05-19,"12,14,28",7.3
Scarface,1983-12-09,"28,80,18",8.2
Mulan,1998-06-18,"16,10751,12",7.9
Sing: Thriller,2024-10-15,"16,10751,35,10402",7.2
Damsel,2024-03-07,"14,28,12",7.0
Extraction,2020-04-23,"28,53",7.3
Blade Runner,1982-06-25,"878,18,53",7.9
Bad Boys for Life,2020-01-15,"53,28,80",7.1
The Matrix Reloaded,2003-05-15,"12,28,53,878",7.1
The Menu,2022-11-17,"35,27,53",7.2
Tenet,2020-08-22,"28,53,878",7.2
Scouts Guide to the Zombie Apocalypse,2015-10-23,"35,27",6.5
Chuck Billy and The Marvelous Guava Tree,2025-01-09,"10751,12,35",7.7
Death Note Relight 1: Visions of a God,2007-08-31,"10770,80,18,14,53,16",7.9
Transformers: Age of Extinction,2014-06-25,"878,28,12",5.9
Chappie,2015-03-04,"80,28,878",6.8
The First Omen,2024-04-03,27,6.9
Superbad,2007-08-17,35,7.3
I Am Legend,2007-12-12,"18,878,53",7.2
The Help,2011-08-09,18,8.2
SpongeBob Squarepants: Kreepaway Kamp,2024-10-10,"10770,10751,35,27,16",7.1
Upgrade,2018-05-31,"28,53,878",7.5
Sicario,2015-09-17,"28,80,53",7.4
Ice Age: Dawn of the Dinosaurs,2009-06-26,"16,35,10751,12",6.8
The Price of Money: A Largo Winch Adventure,2024-07-31,"28,12,53",5.9
Kung Fu Panda,2008-06-04,"28,12,16,10751,35",7.3
Challengers,2024-04-18,"18,10749",7.0
Legally Blonde,2001-07-13,"35,10749",6.8
Pacific Rim,2013-07-11,"28,878,12",6.9
Final Destination 5,2011-08-12,"27,9648",6.1
Up,2009-05-28,"16,35,10751,12",8.0
White Chicks,2004-06-23,"35,80",6.9
Frozen Hot Boys,2025-04-10,"18,35",6.7
Picture This,2025-03-05,"10749,35",6.0
Raya and the Last Dragon,2021-03-03,"16,10751,14,28,12",7.8
Kingsman: The Golden Circle,2017-09-20,"28,12,35,80,53,878",7.0
Caligula,1979-08-14,"18,36",6.0
Captain Marvel,2019-03-06,"28,12,878",6.8
Never Let Go,2024-09-18,27,6.2
A Bug's Life,1998-11-25,"10751,16,12,35",7.0
Final Twist,2025-03-26,"27,53",6.4
Battleship,2012-04-11,"53,28,12,878",5.9
Bosomy Mom,2020-05-06,"18,10749",5.9
The Gentlemen,2020-01-01,"35,80",7.7
Queer,2024-11-27,"18,10749",6.7
Get Out,2017-02-24,"9648,53,27",7.6
The Devil Wears Prada,2006-06-29,"18,35",7.4
Maleficent: Mistress of Evil,2019-10-16,"10751,14,12,28",7.3
Maleficent,2014-05-28,"14,12,28,10751,10749",7.1
Evil Dead Rise,2023-04-12,"27,53",6.9
The Ten Commandments: The Movie,2016-01-28,18,7.2
Life Is Beautiful,1997-12-20,"35,18",8.4
Limitless,2011-03-17,"53,9648,878",7.2
The Da Vinci Code,2006-05-17,"53,9648",6.7
Boyka: Undisputed IV,2016-08-01,"28,18,53",7.1
Aladdin,2019-05-22,"12,14,10749,10751",7.1
The Matrix Resurrections,2021-12-16,"878,28,12",6.4
Free Guy,2021-08-11,"35,12,878",7.5
OVERLORD: The Sacred Kingdom,2024-09-20,"28,12,16,14",7.5
Aliens,1986-07-18,"28,53,878",8.0
TRON: Legacy,2010-12-14,"12,28,878",6.5
Inside Man,2006-03-17,"80,18,53",7.4
The Fifth Element,1997-05-02,"878,28,12",7.6
Terrifier,2018-01-25,"27,53",6.3
Ferry 2,2024-12-19,"28,18,80,53",5.8
Back to the Future,1985-07-03,"12,35,878",8.3
Land of Bad,2024-02-09,"28,10752,53",7.3
Late Night with the Devil,2024-03-19,27,7.1
Clueless,1995-07-19,"35,10749",7.3
Terrifier 2,2022-10-06,"27,53",6.7
Memento,2000-10-11,"9648,53",8.2
Raiders of the Lost Ark,1981-06-12,"12,28",7.9
The Sixth Sense,1999-08-06,"9648,53,18",8.0
Exhibiting Forgiveness,2024-09-08,18,6.7
Dragonkeeper,2024-04-11,"16,10751,28,12,14",7.7
A Silent Voice: The Movie,2016-09-17,"16,18,10749",8.4
Insidious,2011-03-31,"27,53",6.9
Grown Ups 2,2013-07-11,35,6.1
Zodiac,2007-03-02,"80,18,9648,53",7.5
Insidious: The Red Door,2023-07-05,"27,53",6.6
Despicable Me,2010-07-08,"16,10751,35",7.2
A Serbian Film,2010-06-16,"80,27,53",5.5
The Voyeurs,2021-08-25,53,6.6
Cinderella,2015-03-06,"10749,14,10751,18",6.8
Cinderella,1950-02-22,"10751,14,16,10749",7.0
Bad Boys II,2003-07-18,"28,80,35",6.6
Cash Out,2024-04-26,"28,53",6.3
Men in Black,1997-07-02,"28,12,35,878",7.2
Desmontando a Lucía,2024-11-08,"35,18",5.4
American Psycho,2000-04-13,"53,18,80",7.4
Sex and the City,2008-05-12,"35,18,10749",6.6
Thirteen Lives,2022-07-18,"18,53",7.9
Minecraft: The Story of Mojang,2012-12-23,99,7.2
Taxi Driver,1976-02-09,"80,18",8.1
Kingsman: The Secret Service,2015-01-24,"80,35,28,12",7.6
Tyler Perry's Duplicity,2025-03-19,"53,18",6.6
Amélie,2001-04-25,"35,10749",7.9
Princess Mononoke,1997-07-12,"12,14,16",8.3
Teenage Mutant Ninja Turtles,2014-08-07,"878,28,12,35",5.9
Man of Steel,2013-06-12,"28,12,878",6.6
"Red, White & Royal Blue",2023-07-27,"35,10749",8.0
Madame Web,2024-02-14,"28,14",5.4
Cars,2006-06-08,"16,12,35,10751",7.0
Gran Turismo,2023-08-09,"12,28,18",7.8
BLUE LOCK THE MOVIE -EPISODE NAGI-,2024-04-19,"16,28,18",7.4
The Legend of Ochi,2025-04-18,"14,12,10751",3.5
The Hunt,2020-03-11,"28,53,27",6.6
PAW Patrol: The Mighty Movie,2023-09-21,"10751,35,12,16",7.1
WWE WrestleMania 41: Saturday,2025-04-19,,6.6
Casino,1995-11-22,"80,18",8.0
Napoleon,2023-11-22,"36,10752,10749",6.3
Alita: Battle Angel,2019-01-31,"28,878,12",7.2
Ocean's Eight,2018-06-07,"80,35,28",7.0
Aladdin,1992-11-25,"16,10751,12,14,10749",7.7
Past Lives,2023-06-02,"18,10749",7.7
The Zone of Interest,2023-12-15,"18,36,10752",7.0
The Usual Suspects,1995-07-19,"18,80,53",8.2
Bullet Train,2022-08-03,"28,35,53",7.4
Final Destination 2,2003-01-31,"27,9648",6.3
Eternal Sunshine of the Spotless Mind,2004-03-19,"878,18,10749",8.1
The Lorax,2012-03-01,"16,10751",6.5
Scream,2022-01-12,"27,9648,53",6.7
Into the Wild,2007-09-21,"12,18",7.8
A Beautiful Mind,2001-12-14,"18,10749",7.9
Dogman,2023-09-27,"28,18,80",7.9
Prey,2024-03-15,"28,53,27",6.2
Frozen II,2019-11-20,"10751,16,12,35,14",7.2
She's the Man,2006-03-17,"35,10749",6.8
The Tearsmith,2024-04-03,"10749,18",6.5
The Flash,2023-06-13,"12,28,878",6.7
Killers of the Flower Moon,2023-10-18,"80,36,18",7.4
Batman Begins,2005-06-10,"28,80,18",7.7
About Time,2013-09-04,"18,10749,14",7.9
Drive,2011-09-15,"18,53,80",7.6
Serendipity,2001-10-05,"35,10749",6.9
Palmer,2021-01-28,18,8.1
Baywatch,2017-05-25,"35,28,80",6.1
The Amazing Spider-Man 2,2014-04-16,"28,12,878",6.5
The Bad Guys: Haunted Heist,2024-10-02,"16,35",7.0
Kill Bill: Vol. 1,2003-10-10,"28,80",8.0
The Croods: A New Age,2020-11-25,"16,10751,12,14,35",7.5
Beauty and the Beast,1991-10-22,"10749,10751,16,14",7.7
American Gangster,2007-11-02,"18,80",7.6
Spellbound,2024-11-22,"16,14,10751,12,35",6.7
The Twilight Saga: Breaking Dawn - Part 1,2011-11-16,"12,14,10749",6.2
28 Weeks Later,2007-04-26,"27,53,878",6.6
Edge of Tomorrow,2014-05-27,"28,878",7.6
The Little Mermaid,1989-11-17,"16,10751,14",7.3
Samson and Delilah,1949-12-21,"12,10749,18",6.5
The Parent Trap,1998-07-28,"35,10751,10749",7.2
Kaskasero,2024-07-26,18,6.0
M3GAN,2022-12-28,"878,27",7.0
Fantastic Four,2005-06-29,"28,14,878",5.8
It Ends with Us,2024-08-07,"18,10749",7.0
Rush Hour,1998-09-18,"28,35,80",7.0
The Parenting,2025-03-12,"27,35",6.0
Doctor Strange,2016-10-25,"28,12,14",7.4
Drawing Closer,2024-06-26,"10749,18",8.4
Delinquent in Drag,1992-08-21,"16,35,28",5.2
Sikandar,2025-03-29,"28,53",5.3
The Ritual,2017-10-11,"27,53,9648",6.3
Constantine,2005-02-08,"14,28,27",7.1
Jujutsu Kaisen 0,2021-12-24,"16,28,14",8.1
The Departed,2006-10-04,"18,53,80",8.2
No Hard Feelings,2023-06-15,"35,10749",6.7
2073,2024-12-27,"53,99,878",6.9
Women,1995-01-25,"18,35",4.3
Home Alone 2: Lost in New York,1992-11-15,"35,10751,12",6.8
Jungle Cruise,2021-07-28,"14,12",7.3
The Curious Case of Benjamin Button,2008-12-25,"18,14,10749",7.6
The Grand Budapest Hotel,2014-02-26,"35,18",8.0
The Witch: Part 2. The Other One,2022-06-15,"28,9648,53,878",7.3
Bohemian Rhapsody,2018-10-24,"10402,18",8.0
Black Hawk Down,2001-12-28,"28,10752,36",7.4
Hotel Transylvania,2012-09-20,"16,35,10751,14",7.0
The Family Plan,2023-12-14,"28,35,10751",7.3
Ocean's Eleven,2001-12-07,"53,80",7.4
MadS,2024-10-25,"27,53",6.8
Tabu,1983-03-10,"35,10402",6.1
Ralph Breaks the Internet,2018-11-20,"10751,16,35,12",7.2
Logan,2017-02-28,"28,18,878",7.8
Thor,2011-04-21,"12,14,28",6.8
Tarot,2024-05-01,27,6.5
The Girl with the Dragon Tattoo,2011-12-14,"53,80,9648",7.4
Halloween,1978-10-24,"27,53",7.6
Spider-Man: Far From Home,2019-06-28,"28,12,878",7.4
A Nightmare on Elm Street,1984-11-09,27,7.3
The Imp,1996-06-22,27,5.4
Jaws,1975-06-20,"27,53,12",7.7
Sing,2016-11-23,"16,35,10751,10402",7.1
We Live in Time,2024-10-10,"10749,18",7.3
The Proposal,2009-06-02,"35,10749,18",7.2
Angel Has Fallen,2019-08-21,"28,53",6.6
Jupiter Ascending,2015-02-04,"878,14,28",5.5
Detective Conan: Black Iron Submarine,2023-04-14,"16,28,80,9648",7.0
John Wick: Chapter 3 - Parabellum,2019-05-15,"28,53,80",7.4
The Hunger Games,2012-03-12,"878,12,14",7.2
Argylle,2024-01-31,"28,12,35,53",6.0
Rush,2013-09-02,"18,28",7.7
The Naked Gun: From the Files of Police Squad!,1988-12-02,"35,80",7.3
Apocalypto,2006-12-07,"28,18,36",7.6
Grease,1978-07-07,"10749,35",7.4
Transmorphers: Mech Beasts,2023-06-09,"28,878",5.6
Thor: The Dark World,2013-10-30,"28,12,14",6.5
Girl in the Basement,2021-02-27,"53,80,10770",7.6
The Princess Diaries,2001-08-03,"35,10751,10749",7.0
Moonlight,2016-10-21,18,7.4
Cars 2,2011-06-11,"16,10751,12,35",6.1
Uncharted,2022-02-10,"28,12",6.9
Kinda Pregnant,2025-02-04,"35,10749",5.6
Idiocracy,2006-09-01,"35,878,12",6.3
Idiocracy,2006-09-01,"35,878,12",6.3
The Glassworker,2024-07-26,"16,10751,10749,10752",7.5
Matilda,1996-08-02,"35,10751,14",7.2
The Hangover Part II,2011-05-25,35,6.5
Kung Fu Panda 2,2011-05-25,"16,10751,35",7.0
(500) Days of Summer,2009-07-17,"35,18,10749",7.3
Harold and the Purple Crayon,2024-07-31,"10751,35,12,14",6.8
The Hunger Games: Catching Fire,2013-11-15,"12,28,878",7.4
The Witcher: Sirens of the Deep,2025-02-10,"16,14,28",6.9
Wrong Turn,2003-05-30,"27,53",6.4
Creed,2015-11-25,"28,18",7.4
The Invisible Man,2020-02-26,"53,878,27",7.1
Revelations,2025-03-20,"53,80,9648",6.3
My Old Ass,2024-09-13,"35,18,10749",6.9
Greenland,2020-07-29,"28,12,878,53",7.1
Rise of the Planet of the Apes,2011-08-03,"53,28,18,878",7.3
Peter Rabbit,2018-02-07,"16,12,10751",6.7
X,2022-03-17,"27,53,9648",6.7
Kung Fu Panda 3,2016-01-23,"28,12,16,35,10751",6.9
The Princess and the Frog,2009-12-08,"16,10749,14,10751",7.2
Five Feet Apart,2019-03-14,"10749,18",8.2
Nope,2022-07-20,"27,9648,878,53",6.8
Through My Window 3: Looking at You,2024-02-23,"10749,18,35",6.9
Murder on the Orient Express,2017-11-03,"9648,18,80",6.7
Canary Black,2024-10-10,"28,53,80",6.3
The Martian,2015-09-30,"18,12,878",7.7
Trolls Band Together,2023-10-12,"16,10751,10402,14,35",7.3
Exhuma,2024-02-22,"9648,27,53",7.6
Wish,2023-11-13,"16,10751,14,12",6.3
Under Paris,2024-06-04,"28,27",5.9
Children of Men,2006-09-22,"18,28,53,878",7.6
Portrait of a Lady on Fire,2019-09-18,"18,10749,36",8.1
Rambo,2008-01-24,"28,53,10752",6.7
The Killer's Game,2024-09-12,"28,35,53",6.5
The Wizard of Oz,1939-08-15,"12,14,10751",7.6
Three Steps Above Heaven,2010-12-03,"10749,18",7.7
Juror #2,2024-10-30,"80,18",6.8
That's My Boy,2012-06-14,"35,18",5.8
In the Realm of the Senses,1976-09-15,"18,10749",6.6
Brothers,2024-10-10,"28,35,80",6.0
Van Helsing,2004-05-03,"27,12,28",6.4
Arena Wars,2024-06-25,"28,878,53,35,27",5.1
Ice Age: The Meltdown,2006-03-29,"16,10751,35,12",6.7
Alienoid,2022-07-20,"878,28,14,12",6.8
The Boss Baby: Family Business,2021-07-01,"16,35,12,10751",7.4
Spartacus,1960-10-13,"36,10752,18,12",7.5
Chijin no Ai,2024-11-29,18,6.0
The Day of the Jackal,1973-05-16,"28,53",7.5
How to Lose a Guy in 10 Days,2003-02-07,"35,10749",6.8
Poison Sangga: The Homewrecker's Curse,2024-12-12,"27,53,9648",6.6
Blue Beetle,2023-08-16,"28,878,12",6.7
xXx: Return of Xander Cage,2017-01-13,"28,12,80",6.1
Cleopatra,1963-06-12,"18,36,10749",7.0
Palm Springs,2020-07-10,"35,10749,878",7.3
The Emperor's New Groove,2000-12-15,"12,16,35,10751,14",7.6
Predator,1987-06-12,"878,28,12,53",7.5
Cast Away,2000-12-22,"12,18",7.7
The Babadook,2014-05-22,"18,27",6.5
Elyas,2024-07-03,"28,53",6.2
Now You See Me,2013-05-29,"53,80",7.3
Silent Hill,2006-04-21,"27,9648",6.6
Strange Darling,2024-08-22,"80,27,53",7.0
Braveheart,1995-05-24,"28,18,36,10752",7.9
Ready or Not,2019-08-21,"27,35",7.0
Borderline,2025-03-14,"35,27,53",5.8
Alice in Wonderland,2010-03-03,"10751,14,12",6.6
Just Go with It,2011-02-10,"35,10749",6.7
Toy Story 4,2019-06-19,"10751,12,16,35,14",7.5
Oklahoma City Bombing: American Terror,2025-04-17,"99,80",7.5
Reservoir Dogs,1992-09-02,"80,53",8.1
Noah,2014-03-07,"18,12",5.7
Star Wars: The Rise of Skywalker,2019-12-18,"12,28,878",6.3
Hotel Transylvania 3: Summer Vacation,2018-06-28,"16,35,10751,14",6.9
Man on Fire,2004-04-23,"28,18,53",7.5
Air,2023-04-05,"18,36",7.3
Dungeons & Dragons: Honor Among Thieves,2023-03-23,"12,14,35",7.3
It,2017-09-06,"27,53",7.2
Indiana Jones and the Last Crusade,1989-05-24,"12,28",7.8
A Walk to Remember,2002-01-25,"18,10749",7.8
The Invisible Guest,2017-01-06,"18,9648,53",8.1
"It's Called 'Murder', Baby",1983-06-15,9648,6.3
American History X,1998-07-01,18,8.3
Pizza Dare 1,2020-04-10,10749,7.2
Paprika,1991-02-13,18,7.1
Fantastic Beasts and Where to Find Them,2016-11-16,"14,12",7.3
The Marvels,2023-11-08,"878,12,28",6.0
The Shadow Strays,2024-09-10,"28,80,53",7.2
Life of Pi,2012-11-20,"12,18",7.4
Don't Move,2024-10-24,"27,53",6.3
It Feeds,2025-04-17,27,5.8
Full Metal Jacket,1987-06-26,"18,10752",8.1
Red Notice,2021-11-04,"28,35,80",6.8
Incendies,2010-09-17,"18,10752,9648",8.1
Deep Water,2022-03-17,"18,9648,53",5.8
"The Tunnel to Summer, the Exit of Goodbyes",2022-09-09,"16,18,10749,14,878",7.7
The Lion King II: Simba's Pride,1998-10-24,"10751,12,16,28",6.9
Deliver Us,2023-08-30,27,5.5
Die Hard,1988-07-15,"28,53",7.8
Blue Valentine,2010-12-26,"18,10749",6.9
Rampage,2018-04-11,"28,12,878",6.5
Ted 2,2015-06-25,"35,14",6.3
Wreck-It Ralph,2012-11-01,"10751,16,35,12",7.3
Sister Emanuelle,1977-08-10,"18,80,27",5.2
The Expendables,2010-08-07,"53,12,28",6.2
Twilight of the Warriors: Walled In,2024-04-23,"28,80,53",6.9
A Quiet Place Part II,2021-05-21,"878,53,27",7.5
Despicable Me 2,2013-06-26,"16,35,10751",6.9
Percy Jackson & the Olympians: The Lightning Thief,2010-02-01,"12,14,10751",6.2
Trolls World Tour,2020-03-11,"10751,16,35,14,12,10402",7.3
The Shack,2017-03-03,"18,14",7.5
Purple Hearts,2022-07-29,"10749,18",8.1
The Greatest Showman,2017-12-20,18,7.9
Gravity,2013-10-03,"878,53,18",7.2
The Others,2001-08-02,"27,9648,53",7.6
Deadpool 2,2018-05-15,"28,35,12",7.5
Weekend in Taipei,2024-09-19,"28,12,53",6.2
Scorned 2,1997-01-07,"53,18",3.8
When Evil Lurks,2023-10-05,"27,53",7.3
Scary Movie 2,2001-07-04,35,5.8
Scary Movie 2,2001-07-04,35,5.8
Cars 3,2017-06-15,"10751,35,12,16",6.9
The Great Gatsby,2013-05-09,"18,10749",7.4
How to Train Your Dragon: The Hidden World,2019-01-03,"16,10751,12",7.7
Saw X,2023-09-27,"27,9648,53",7.2
Paddington,2014-11-24,"35,12,10751",7.1
Hot Girls Wanted,2015-01-24,99,6.1
Marked Men: Rule + Shaw,2025-01-22,"10749,18",6.5
Godzilla vs. Kong,2021-03-24,"28,878,12",7.6
Coach Carter,2005-01-14,"18,36",7.6
Monsters University,2013-06-19,"16,10751",7.0
The Iron Claw,2023-12-21,"36,18",7.5
Ted,2012-06-29,"35,14",6.4
Alone In The Night,2024-09-20,"28,35,18",6.4
Dumb and Dumber,1994-12-16,35,6.6
Mission: Impossible III,2006-04-25,"12,28,53",6.7
Freedom,2024-11-01,"28,10749,18",6.3
Spectre,2015-10-26,"28,12,53",6.6
The Order,2024-12-05,"80,18,53",6.6
The Order,2024-12-05,"80,18,53",6.6
The Magnificent Seven,2016-09-14,"12,28,37",6.5
Waves,2019-11-15,"10749,18",7.4
The Shrouds,2025-03-20,"18,878,27,53",6.2
300,2007-03-07,"28,12,10752",7.2
The Remaining,2014-08-25,"53,27",6.1
The Final Destination,2009-08-26,"27,9648",5.6
Chasing the Wind,2025-01-09,10749,5.9
The Thing,1982-06-25,"27,9648,878",8.1
The Godfather Part III,1990-12-25,"80,18,53",7.4
Sinister,2012-03-29,"27,53,9648",6.9
Meet the Khumalos,2025-04-10,"35,10749",4.9
Pirates of the Caribbean: Dead Men Tell No Tales,2017-05-23,"12,28,14",6.7
Predestination,2014-08-28,"878,53",7.4
Rebel Moon - Part One: A Child of Fire,2023-12-15,"878,18,28",6.3
Bumblebee,2018-11-22,"28,12,878",6.7
The Penguin Lessons,2025-03-27,18,7.6
COLORFUL STAGE! The Movie: A Miku Who Can't Sing,2025-01-17,"16,10402,18,878",9.0
Dolce... calda Lisa,1980-03-28,18,4.8
The Fate of the Furious,2017-04-12,"28,80,53",6.9
Divergent,2014-03-14,"28,12,878",6.9
"Crazy, Stupid, Love.",2011-07-29,"35,18,10749",7.3
Blacklight,2022-02-10,"28,53,12",6.1
Hercules,1997-06-13,"16,10751,14,12,35,10749",7.5
Ant-Man and the Wasp: Quantumania,2023-02-15,"28,12,878",6.3
The Machinist,2004-09-24,"53,18",7.5
Ben-Hur,2016-08-17,"28,36,12,18",5.8
Perfect Days,2023-11-10,18,7.7
Teenage Mutant Ninja Turtles: Out of the Shadows,2016-06-01,"28,12,35,10751,878",6.0
The Ice Age Adventures of Buck Wild,2022-01-28,"16,35,10751,12",6.6
Sumala,2024-09-26,"27,53",7.4
The Fabelmans,2022-11-11,18,7.6
A.I. Artificial Intelligence,2001-06-29,"18,878,12",7.0
Independence Day,1996-06-25,"28,12,878",6.9
Norbit,2007-02-08,35,5.7
Scary Movie 3,2003-10-24,35,6.0
The Great Wall,2016-12-16,"28,12,14",6.0
Emmanuelle,2024-09-25,"10749,18",4.8
The Cabin in the Woods,2012-04-12,"27,9648",6.6
Joseph: King of Dreams,2002-12-04,"10751,16",6.9
The Matrix Revolutions,2003-11-05,"12,28,53,878",6.7
The Founder,2016-11-24,"18,36",7.1
The Equalizer 2,2018-07-19,"28,53,80",6.8
Ghost in the Shell,1995-11-18,"28,16,878",7.9
Nadaaniyan,2025-03-01,"10749,35,18",6.1
Mortal Kombat,2021-04-07,"28,14,12",7.0
Spirit: Stallion of the Cimarron,2002-05-24,"16,12,10751,18,37,10749",7.7
Arthur the King,2024-03-15,"12,18",7.6
Miss Peregrine's Home for Peculiar Children,2016-09-27,"14,12,18,10751,53",6.8
Toy Story 3,2010-06-16,"16,10751,35",7.8
The Game,1997-09-12,"18,53,9648",7.6
Colombiana,2011-07-27,"28,53,80,18",6.6
American Sniper,2014-12-25,"10752,28",7.4
Birds of Prey (and the Fantabulous Emancipation of One Harley Quinn),2020-02-05,"28,80",6.9
Striking Rescue,2024-12-05,"80,28,53",6.8
Scream,1996-12-20,"80,27,9648",7.4
The Pursuit of Lust 3,2025-02-21,53,7.0
Lolita,1997-09-27,"18,10749",7.1
2001: A Space Odyssey,1968-04-02,"878,9648,12",8.1
The Bad Guys,2022-03-17,"10751,35,80,12,16",7.5
The Pope's Exorcist,2023-04-05,"27,53",7.0
The Fire Inside,2024-12-25,"36,18",7.3
Number 24,2024-10-30,"10752,36,18",7.1
Tombstone,1993-12-25,"37,28",7.6
Leo,2023-11-17,"16,35,10751",7.4
She Devils of the SS,1973-08-23,"18,10752",5.0
Longlegs,2024-07-10,"27,53,80",6.6
After Ever Happy,2022-08-24,"10749,18",6.8
Do Not Enter,2024-08-06,27,7.0
Roald Dahl's The Witches,2020-10-26,"10751,35,14",6.4
Seeding of a Ghost,1983-12-29,"27,53",6.1
Anaconda,2024-03-01,"12,27",7.2
Saving Bikini Bottom: The Sandy Cheeks Movie,2024-10-18,"16,35,12,10751",5.9
Annabelle Comes Home,2019-06-26,27,6.4
Ladies' Doctor,1977-09-13,35,4.1
The Goonies,1985-06-07,"12,35,10751",7.5
Sherlock Holmes,2009-12-23,"28,12,80,9648",7.2
The Unbreakable Boy,2025-02-20,"18,10751",7.2
21 Jump Street,2012-03-14,"28,35,80",6.9
No Way Up,2024-01-18,"53,27,28",6.3
No Way Up,2024-01-18,"53,27,28",6.3
Captain America: The First Avenger,2011-07-22,"28,12,878",7.0
Dirty Ice Cream,2024-05-10,18,4.4
Pretty Woman,1990-03-23,"10749,35",7.5
Shaun of the Dead,2004-04-09,"27,35",7.5
Bruce Almighty,2003-05-23,"14,35",6.7
Kill Bill: Vol. 2,2004-04-16,"28,80,53",7.9
Infinite,2021-09-09,"878,28,12,53",6.6
Sneaks,2025-04-17,"16,35,10751,12",1.0
The Dictator,2012-05-15,35,6.2
After Everything,2023-09-13,"10749,18",6.9
Annabelle,2014-10-02,27,5.8
Dawn of the Dead,2004-03-19,"28,27,878",7.1
Pearl Harbor,2001-05-21,"10752,36,10749,18,28",6.9
Crazy Rich Asians,2018-08-15,"35,10749",7.1
Underworld: Blood Wars,2016-11-24,"14,28,53,878",5.9
V for Vendetta,2006-02-23,"28,53,878",7.9
The Jungle Book,1967-10-18,"10751,16,12",7.3
Hit Man,2024-05-16,"35,10749,80",6.8
Knight and Day,2010-06-15,"28,35",6.2
Outside,2024-10-16,"27,53",6.1
Descendants,2015-07-31,"10751,12,14,10770,10402",7.1
CODA,2021-08-13,"18,10402,10749",7.9
The Descent,2005-07-08,"12,27",7.0
The Wailing,2016-05-12,"27,9648",7.4
Armageddon,1998-07-01,"28,53,878,12",6.8
Enola Holmes,2020-09-23,"12,9648,80",7.3
Flight,2012-11-02,18,6.8
The Assessment,2025-03-21,"878,18,53",6.9
Immortals,2011-11-10,"14,28,18",6.0
Emancipation,2022-12-02,"18,10752,36",7.8
The Karate Kid,1984-06-22,"28,12,18,10751",7.2
Creed III,2023-03-01,"18,28",7.1
The Ring,2002-10-18,"27,9648",6.7
Crazy Texas,2025-04-04,27,5.1
300: Rise of an Empire,2014-03-05,"28,18,10752",6.1
Source Code,2011-03-30,"53,878,9648",7.3
Creed II,2018-11-21,"18,28",7.0
The Amorous Lotus Pan,1994-06-22,"18,36",5.2
The Nightmare Before Christmas,1993-10-09,"14,16,10751",7.8
Moonfall,2022-02-03,"878,12,28",6.3
Alien: Covenant,2017-05-09,"878,27,53",6.2
Penguins of Madagascar,2014-11-22,"10751,16,12,35",6.5
The Mist,2007-11-21,"27,878,53",6.9
Expend4bles,2023-09-15,"28,12,53",6.1
Project X,2012-03-01,35,6.9
What Happened to Monday,2017-08-18,"878,53,9648,28",7.2
The Ballad of Davy Crockett,2024-03-08,28,5.3
Game Night,2018-02-15,"9648,35,80",6.8
Indiana Jones and the Temple of Doom,1984-05-23,"12,28",7.3
City of God,2002-08-30,"18,80",8.4
The Croods,2013-03-15,"16,12,10751,14,35,28",6.9
El Cid,1961-10-24,"28,18,36,10749,10752",6.8
The Breakfast Club,1985-02-15,"35,18",7.7
The Exorcism,2024-05-30,"27,53",5.1
Aliens vs Predator: Requiem,2007-12-25,"28,878,53,27",5.2
Cloverfield,2008-01-15,"28,53,878",6.7
Fantastic Beasts: The Secrets of Dumbledore,2022-04-06,"14,12",6.6
Orphan,2009-07-24,"27,53",7.0
Kill 'em All 2,2024-09-24,"28,80,53",6.7
All of Us Strangers,2023-12-22,"10749,18,14",7.5
Madagascar 3: Europe's Most Wanted,2012-06-06,"16,10751,35,12",6.6
The SpongeBob SquarePants Movie,2004-11-19,"10751,16,35,14,12",7.0
The Secret Life of Pets 2,2019-05-24,"12,16,35,10751",7.0
The Skin I Live In,2011-08-17,"18,27,9648,53",7.5
Leave the World Behind,2023-11-22,"18,9648,53",6.4
Legends of the Fall,1994-12-23,"18,37,10749,10752,28",7.4
Nightcrawler,2014-10-23,"80,18,53",7.7
Ex Machina,2015-01-21,"18,878",7.6
Rambo: Last Blood,2019-09-19,"28,53,18",6.5
1917,2019-12-25,"10752,36,53,18",8.0
The Lost City,2022-03-24,"28,12,35",6.5
San Andreas,2015-05-27,"28,18,53",6.2
Chloe,2010-02-25,"18,53,9648",6.1
Dominique,2024-10-11,"28,53",7.1
Naruto Shippuden the Movie,2007-08-04,"16,28,14",7.4
Naruto Shippuden the Movie,2007-08-04,"16,28,14",7.4
Wind River,2017-08-03,"80,9648,53",7.4
The Terminal,2004-06-17,"35,18",7.3
Indiana Jones and the Dial of Destiny,2023-06-25,"12,28",6.6
Teenage Mutant Ninja Turtles: Mutant Mayhem,2023-07-31,"16,35,28,878",7.2
Victoria,2021-01-16,28,7.0
There Will Be Blood,2007-12-26,18,8.1
Beautiful Disaster,2023-04-04,"10749,18,35",6.7
Miracles from Heaven,2016-03-17,"10751,18",7.4
Teen Wolf: The Movie,2023-01-18,"28,14,10770",7.5
Desire,2011-10-06,"18,10749",6.3
10 Lives,2024-04-18,"16,35,10751,14",7.8
L2: Empuraan,2025-03-27,"28,80,53",6.6
Trap,2024-07-31,"27,9648,53",6.3
The Whale,2022-12-09,18,7.8
The Black Phone,2022-06-17,"27,53",7.6
X-Men: Apocalypse,2016-05-18,"28,12,878,14",6.5
Once Upon a Time in the West,1968-12-21,"18,37",8.3
Split,2017-01-19,"27,53",7.3
Hush,2016-03-12,"27,53",6.7
Edward Scissorhands,1990-12-07,"14,18,10749",7.7
Shazam! Fury of the Gods,2023-03-15,"35,28,14",6.5
Scream 3,2000-02-04,"27,9648",6.0
9 Songs,2004-07-16,"18,10402,10749",5.6
Nickel Boys,2024-12-13,18,6.5
Hot Fuzz,2007-02-14,"80,28,35",7.6
Sniper: The White Raven,2022-05-03,"10752,28,18",7.6
Lord of Misrule,2023-10-26,27,6.0
The Sadness,2021-01-22,"27,53",6.8
Madea Goes to Jail,2009-02-20,"35,80,18",6.5
From Dusk Till Dawn,1996-01-19,"27,28,53,80",7.0
Murder Mystery,2019-05-25,"28,35,9648",6.3
A Haunted House 2,2014-04-17,"35,27",6.2
Margin Call,2011-09-28,"53,18",6.9
Enemy,2014-03-14,"53,9648",6.9
Good Bad Ugly,2025-04-09,"28,80,35",7.4
The Union,2024-08-15,"28,35",6.2
My Friend's Wife,2015-12-03,10749,6.5
The Last Stand of Ellen Cole,2024-10-18,"28,12",6.0
The Last Stand of Ellen Cole,2024-10-18,"28,12",6.0
Alvin and the Chipmunks,2007-12-13,"35,10751,14",5.8
Little Man,2006-08-31,"35,80",5.9
RoboCop,1987-07-17,"28,53,878",7.3
Atlas,2024-05-23,"878,28",6.8
Irreversible,2002-05-22,"18,53,80",7.2
Ash,2025-03-20,"27,878,53",5.9
Silver Linings Playbook,2012-11-16,"18,35,10749",7.1
Fifty Shades Darker,2017-02-08,"18,10749",6.5
Angels of Death,1993-06-06,"18,10749,10752",1.6
Wrong Turn 2: Dead End,2007-08-25,"27,53",6.1
The Boy in the Striped Pyjamas,2008-05-07,"18,10752,36",7.8
Minecraft: Through the Nether Portal,2017-05-16,99,4.0
Anatema,2024-11-08,27,6.1
Emmanuelle,1974-06-25,"18,10749",6.0
Sneakers,1992-09-09,"35,80,18",6.9
To All the Boys I've Loved Before,2018-08-17,"35,10749",7.6
Cruel Intentions,1999-03-05,"18,10749",6.8
The House,2022-11-16,"18,35,14",6.1
Megalopolis,2024-09-25,"878,18",5.3
Through My Window: Across the Sea,2023-06-23,"10749,18,35",6.6
The Lighthouse,2019-10-18,"18,14,53",7.5
The Twilight Saga: Eclipse,2010-06-23,"12,14,18,10749",6.2
The Impossible,2012-09-09,"18,53,36",7.4
Contact,1997-07-11,"18,878,9648",7.4
The Girl Next Door,2004-04-09,"35,10749",6.7
Men in Black 3,2012-05-23,"28,35,878",6.5
The Girl with the Needle,2024-09-06,"18,36",7.6
Ghostbusters,1984-06-08,"35,14",7.5
Mean Girls,2024-01-10,35,5.9
Come Play with Me,1977-04-28,35,4.8
Animal Adventures: Save The Forest,2024-01-15,16,7.8
The Drop,2014-09-12,"18,80",6.8
Dawn of the Planet of the Apes,2014-07-08,"878,28,18,53",7.3
The Jungle Book,2016-04-07,"10751,12,18,14",6.9
True Romance,1993-09-09,"28,80,10749",7.5
Virgin Territory,2007-12-17,"12,28,35,10749",4.8
The Wandering Earth II,2023-01-22,878,7.3
Baby Driver,2017-06-28,"28,80",7.4
Mrs. Doubtfire,1993-11-24,"35,18,10751",7.2
Hellboy: The Crooked Man,2024-08-29,"14,27,28",5.3
The Convert,2024-03-14,"28,18",6.1
Little Women,2019-12-25,"18,10749,36",7.9
A Bronx Tale,1993-10-01,"18,80",7.9
The Nice Guys,2016-05-15,"35,80,28",7.1
Sherlock Holmes: A Game of Shadows,2011-11-22,"12,28,80,9648",7.1
Rush Hour 3,2007-08-08,"28,35,80",6.5
12 Years a Slave,2013-10-18,"18,36",7.9
Circle,2015-05-28,"878,9648,18,53,27",6.0
Total Recall,1990-06-01,"28,12,878",7.3
Only the Brave,2017-09-22,"18,28",7.4
The 5th Wave,2016-01-14,"878,12,28",5.9
GTMAX,2024-11-19,"28,80",6.1
American Pie,1999-07-09,"35,10749",6.6
Speak No Evil,2022-03-17,"27,53,18",6.6
Amadeus,1984-09-19,"36,10402,18",8.0
Spin the Bottle,2024-10-03,27,5.2
XX: Beautiful Target,1995-03-10,"80,53,27",4.5
Psycho,1960-06-22,"27,53,9648",8.4
XX: Beautiful Target,1995-03-10,"80,53,27",4.5
Psycho,1960-06-22,"27,53,9648",8.4
Taken 3,2014-12-16,"53,28",6.3
Dead Poets Society,1989-06-02,18,8.3
Lawrence of Arabia,1962-12-11,"12,36,10752",8.0
After We Collided,2020-09-02,"10749,18",7.2
Homefront,2013-11-12,"28,53",6.9
Ghostbusters: Frozen Empire,2024-03-20,"14,12,35",6.5
One Flew Over the Cuckoo's Nest,1975-11-19,18,8.4
My Girl,1991-11-27,"35,18",7.4
Zak & Wowo: The Legend of Lendarys,2024-04-25,"16,12,14",5.5
It's a Wonderful Life,1946-12-20,"18,10751,14",8.3
Teenage Mutant Ninja Turtles: Out of the Shadows,2016-06-01,"28,12,35,10751,878",6.0
Old School,2003-02-21,35,6.6
That Christmas,2024-11-27,"16,35,10751,14,12",7.2
Glass,2019-01-16,"53,18,878",6.7
Robots,2005-03-10,"16,35,10751,878",6.5
Shark Girl,2024-07-09,"27,53",2.6
Twister,1996-05-10,"28,12,18",6.5
The Karate Kid Part II,1986-06-18,"12,18,28,10749,10751",6.3
Eat Pray Love,2010-08-12,"18,10749",6.2
Guardians of the Galaxy,2014-07-30,"28,878,12",7.9
Garfield,2004-06-10,"35,10751",5.7
Anna,2019-06-19,"28,12,53",6.7
Aftersun,2022-10-21,18,7.7
The Rock,1996-06-07,"28,12,53",7.1
I Am Nezha 2,2023-09-29,"16,14,18",9.0
Ice Age: Collision Course,2016-06-23,"12,16,10751,35,878",6.1
Daredevil,2003-02-14,"14,28",5.3
The First Purge,2018-07-04,"28,27,53",6.0
"I, Robot",2004-07-15,"28,878",7.0
The Book of Daniel,2013-10-01,"14,18",7.0
Scary Movie 5,2013-04-11,35,4.8
The Rule of Jenny Pen,2025-03-07,"18,27",6.7
The Gray Man,2022-07-13,"28,53",6.9
Prometheus,2012-05-30,"878,12,9648",6.6
Nymphomaniac: Vol. II,2013-12-25,"18,9648",6.7
The Room Next Door,2024-10-07,18,6.8
Face/Off,1997-06-27,"28,80,878",7.0
The Dreamers,2003-10-10,"18,10749",7.2
Good Bad Ugly,2025-04-09,"28,80,35",7.4
Midnight in Paris,2011-05-11,"14,35,10749",7.5
Mavka: The Forest Song,2023-03-02,"16,12,10751,14",7.2
The Watchers,2024-06-06,"14,27,9648",6.4
The Texas Chainsaw Massacre,2003-05-21,27,6.3
The Spiderwick Chronicles,2008-02-14,"10751,12,14,18",6.7
G.I. Joe: Retaliation,2013-03-27,"28,878,12,53",5.6
Immaculate,2024-03-20,"27,9648,53",6.2
Manchester by the Sea,2016-11-17,18,7.5
The Weapon,2012-03-02,18,8.0
Event Horizon,1997-08-15,"27,878,9648",6.5
Fruits Basket -prelude-,2022-02-18,"16,18,10749",7.0
Tomorrowland,2015-05-19,"12,10751,9648,878",6.3
Greedy People,2024-08-23,"35,9648,80",6.2
Monster House,2006-06-30,"16,35,10751,14",6.7
Logan Lucky,2017-08-17,"35,80,28,18",6.7
Scream 2,1997-12-12,"27,9648",6.5
Taken 2,2012-09-27,"28,80,53",6.4
Taken 2,2012-09-27,"28,80,53",6.4
Before Sunrise,1995-01-27,"18,10749",8.0
2012,2009-10-10,"28,12,878",5.9
Sicario: Day of the Soldado,2018-06-27,"28,80,53",6.9
Bee Movie,2007-10-28,"10751,16,12,35",6.0
Dirty Dancing,1987-08-21,"18,10402,10749",7.3
Operation Fortune: Ruse de Guerre,2023-01-04,"28,53,35",6.5
Mission: Impossible - Rogue Nation,2015-07-23,"28,12",7.2
Platoon,1986-12-19,"18,10752,28",7.7
Bring Them Down,2025-02-06,"18,53",6.4
Brave Blue World: Racing to Solve Our Water Crisis,2019-12-06,99,6.2
The Call of the Wild,2020-02-19,"12,10751,18",7.5
The Punisher,2004-04-15,"28,80,18",6.3
65,2023-03-02,"28,12,878",6.0
Love Lies Bleeding,2024-03-07,"80,10749,53",6.6
The Crow,1994-05-11,"14,28,53",7.5
Suzume,2022-11-11,"16,18,12,14",7.9
Fantastic Four: Rise of the Silver Surfer,2007-06-13,"878,12,28",5.6
Don't Look Up,2021-12-08,"35,878,18",7.1
Wonder,2017-11-13,"18,10751",8.1
Solo: A Star Wars Story,2018-05-15,"878,12,28",6.6
How to Train Your Dragon: Homecoming,2019-12-03,"16,14,12,28,10751",8.0
Jeepers Creepers,2001-07-01,"27,53,9648,18",6.5
Us,2019-03-14,"27,9648,53",7.0
Bliss,2024-06-06,18,8.5
Uppercut,2025-01-23,"18,53",3.9
Twelve Monkeys,1995-12-29,"878,53,9648",7.6
Chronicle,2012-02-01,"878,18,53",6.8
RRR,2022-03-24,"28,12,18",7.7
Weathering with You,2019-06-19,"16,18,14,10749",8.0
Death Note Relight 2: L's Successors,2009-10-07,"10770,53,16,80,18,14",7.3
It Follows,2015-02-04,"27,9648",6.6
The Hunger Games: Mockingjay - Part 2,2015-11-18,"28,12,878",6.9
The Medium,2021-07-14,"27,53",7.0
3 Idiots,2009-12-23,"18,35",8.0
Casino Royale,2006-11-14,"12,28,53",7.6
Nightbitch,2024-12-06,"35,27",5.8
Blended,2014-05-21,"35,10749",6.9
The Devil's Advocate,1997-10-17,"18,9648,53,27",7.5
Hostage,2005-03-10,"28,53,80",6.3
Ballerina,2016-12-14,"16,12,35,10751",7.2
Memories of Murder,2003-04-25,"80,18,53",8.1
Così fan tutte,2013-06-21,"10402,10770",6.8
The 40 Year Old Virgin,2005-08-11,"35,10749",6.4
Gattaca,1997-09-07,"53,878,9648,10749",7.6
Godzilla: King of the Monsters,2019-05-29,"878,28",6.7
A Haunting in Venice,2023-09-13,"9648,53,80",6.6
Death on the Nile,2022-02-09,"9648,80,53",6.4
Fantastic Beasts: The Crimes of Grindelwald,2018-11-14,"14,12",6.8
Scary Movie 4,2006-04-12,35,5.5
I Want to Eat Your Pancreas,2018-09-01,"16,18,10749",8.2
Interview with the Vampire,1994-11-11,"27,18,14",7.4
Saw,2004-10-01,"27,9648,80",7.4
Batman & Robin,1997-06-20,"28,878,12",4.4
The Blair Witch Project,1999-07-14,"27,9648",6.3
Female Teacher in Rope Hell,1981-08-27,"18,27",4.2
Lift,2024-01-12,"28,35,80",6.5
Finch,2021-11-04,"878,18,12",7.8
The Mummy Returns,2001-05-04,"12,28,14",6.4
Die Alone,2024-09-27,"27,53,878",5.8
Die Alone,2024-09-27,"27,53,878",5.8
"Girl, Interrupted",1999-12-21,18,7.6
Pearl,2022-09-16,"27,53,18",7.2
Mission: Impossible II,2000-05-24,"12,28,53",6.1
Moneyball,2011-09-23,18,7.3
Dragon Ball Super: Super Hero,2022-06-11,"16,878,28",7.9
Pixels,2015-07-16,"28,35,878,14",5.7
Tom Clancy's Without Remorse,2021-04-29,"28,53,10752",7.0
Black Clover: Sword of the Wizard King,2023-06-16,"16,14,28,12",8.2
The Twilight Saga: New Moon,2009-11-18,"12,14,18,10749",6.0
Red Sparrow,2018-02-28,"53,9648",6.5
Warcraft,2016-05-25,"28,12,14",6.4
Little Siberia,2025-03-20,"35,53,18",5.9
We're the Millers,2013-08-07,"35,80",6.8
MaXXXine,2024-07-04,"27,53,80",6.3
War Dogs,2016-08-18,"35,80,18",6.9
Sliver,1993-05-21,"18,53",5.5
The Ugly Stepsister,2025-03-07,"35,27,53",7.3
Wrong Turn 4: Bloody Beginnings,2011-10-17,"27,53",5.7
Tropic Thunder,2008-08-09,"28,35,12,10752",6.7
Ford v Ferrari,2019-11-13,"18,28,36",8.0
Chicken Run,2000-06-23,"16,35,10751",6.8
Paul,2011-02-14,"12,35,878",6.7
Friends with Benefits,2011-07-21,"10749,35",6.7
Officer Black Belt,2024-09-12,"28,35,80",7.7
Donnie Brasco,1997-02-27,"80,18,53",7.5
Salitan,2024-02-16,"18,10749",3.8
Beetlejuice,1988-03-30,"14,35",7.4
The Prosecutor,2024-12-08,"28,18,80,53",7.3
Look Back,2024-06-28,"16,18",8.0
Love & Other Drugs,2010-11-04,"18,35,10749",7.0
Wet Woman in the Wind,2016-12-17,"18,10749",5.8
Creation of the Gods II: Demon Force,2025-01-29,"28,14,10752",6.3
Sisu,2022-09-09,"28,10752,12",7.4
Megamind vs. the Doom Syndicate,2024-03-01,"16,35,878",5.1
Midway,2019-11-06,"28,10752,36",7.1
Legend,2015-09-09,"80,53",7.1
Hook,1991-04-10,"12,14,35,10751",6.8
One Piece Film Red,2022-08-06,"16,12,28,14,10402",7.2
Fear,1996-04-12,53,6.5
The House That Jack Built,2018-07-05,"18,27,80,53",7.1
Saltburn,2023-11-16,"18,35,53",7.0
404 Run Run,2024-11-28,"35,27",7.1
Plane,2023-01-12,"28,12,53",6.9
Wild Awakening,2016-10-23,"18,10749,53",5.5
Shark Tale,2004-09-20,"16,28,35,10751",6.0
Behind the Curtain: Stranger Things: The First Shadow,2025-04-15,99,8.0
Retribution,2023-08-23,"53,28,12",6.6
Terminator Salvation,2009-05-20,"28,878,53",6.1
No Time to Die,2021-09-29,"28,53,12",7.4
From Paris with Love,2010-02-04,"28,80,53",6.3
127 Hours,2010-11-12,"12,18,53",7.1
The Silent Hour,2024-10-03,"80,53,28",6.6
Drifter,2023-11-02,18,5.6
Fargo,1996-03-08,"80,18,53",7.9
Mary Magdalene,2018-03-15,18,6.3
Jack the Giant Slayer,2013-02-27,"14,28,12,18",5.8
Pan's Labyrinth,2006-10-10,"14,18,10752",7.8
Apocalypse Now,1979-05-19,"18,10752",8.3
[REC],2007-11-23,"27,9648",7.2
Hancock,2008-07-01,"14,28",6.3
The Angry Birds Movie 2,2019-08-02,"16,28,14,12,35,10751",7.1
Los Frikis,2024-12-20,18,5.8
Skyfall,2012-10-24,"28,12,53",7.2
"Love, Rosie",2014-10-16,"10749,18,35",7.8
The Protégé,2021-08-19,"28,12,53",6.6
Mary Poppins,1964-12-17,"35,10751,14",7.6
The School for Good and Evil,2022-10-19,"14,35,12,18",7.0
Saturday Night's Main Event XXXVII,2024-12-14,28,7.0
Peter Rabbit 2: The Runaway,2021-03-25,"10751,12,16",7.1
It Chapter Two,2019-09-04,"27,53",6.8
The Father,2020-12-23,18,8.1
King Kong,2005-12-12,"12,18,28",6.9
The Wailing,2024-10-25,27,6.4
The Perks of Being a Wallflower,2012-09-20,18,7.8
Apartment 7A,2024-09-20,"27,53",6.2
Emmanuelle: The Joys of a Woman,1975-12-15,"18,10749",5.6
Over the Hedge,2006-05-17,"10751,35,16",6.6
John Q,2002-02-15,"18,53,80",7.1
He's Just Not That Into You,2009-02-06,"35,10749,18",6.6
He's Just Not That Into You,2009-02-06,"35,10749,18",6.6
Totally Killer,2023-09-28,"27,35,878",6.8
The Raid,2012-03-22,"28,53,80",7.4
Glass Onion: A Knives Out Mystery,2022-11-23,"35,80,9648",7.1
Gonjiam: Haunted Asylum,2018-03-28,"27,9648",7.3
Star Wars: Episode I - The Phantom Menace,1999-05-19,"12,28,878",6.6
Guillermo del Toro's Pinocchio,2022-11-09,"16,14,18,12,10751,10402",8.1
Salawahan,2024-02-02,"18,53",5.5
Run,2020-11-20,"53,27,18",7.2
Suicide Squad,2016-08-03,"28,12,14",5.9
When Fall Is Coming,2024-10-02,"18,53,35",6.5
One Day,2011-03-02,"18,10749",7.4
The Girl on the Train,2016-10-05,"53,9648,18,80",6.4
Snake Eyes: G.I. Joe Origins,2021-07-22,"28,12",6.5
Annabelle: Creation,2017-08-03,27,6.6
Knox Goes Away,2024-03-15,"28,80,53",7.0
Wrong Turn 3: Left for Dead,2009-10-08,"27,53",5.7
Busty Girlfriend,2019-03-08,10749,7.3
Take Cover,2024-10-04,"28,53",6.7
Rush Hour 2,2001-08-03,"28,35,80",6.7
Take Cover,2024-10-04,"28,53",6.7
Rush Hour 2,2001-08-03,"28,35,80",6.7
Onward,2020-02-29,"10751,16,12,35,14",7.7
The Kissing Booth,2018-05-11,"10749,35",7.2
Tinker Bell and the Legend of the NeverBeast,2014-12-12,"12,16,10751",7.3
Dilwale Dulhania Le Jayenge,1995-10-20,"35,18,10749",8.5
Flesh Target: Rape!,1979-03-17,"80,18",3.0
Men in Black: International,2019-06-12,"35,878,28",5.9
King Arthur: Legend of the Sword,2017-05-10,"28,18,14",6.6
Easy A,2010-09-16,35,6.8
Journey to the Center of the Earth,2008-07-10,"28,878,12,35,10751",6.1
Lady Ninja: Reflections of Darkness,1996-04-13,,5.5
Atonement,2007-02-27,"18,10749",7.6
Les Misérables,2012-12-18,"36,18",7.3
El Infierno,2010-09-03,"28,80,37,35,18",7.9
Jesus Christ Superstar,1973-08-15,"10402,18",7.1
The Big Sick,2017-03-30,"35,18,10749",7.3
In the Mood for Love,2000-09-29,"18,10749",8.1
Passengers,2016-12-21,"18,10749,878",7.0
Tron,1982-07-09,"878,28,12",6.6
Dragon Ball Z: Bardock - The Father of Goku,1990-10-17,"16,28,878,18,14",7.5
Rebel Moon - Part Two: The Scargiver,2024-04-19,"878,28",6.1
The Fall,2006-09-09,"12,14,18",7.6
Warrior,2011-09-09,"18,28",7.8
The Wages of Fear,2024-03-28,28,6.2
The Enforcer,1951-02-24,"18,53",7.1
Lost in Translation,2003-09-18,"18,10749,35",7.4
Airplane!,1980-07-02,35,7.3
After We Fell,2021-09-01,"10749,18",7.0
Morbius,2022-03-30,"28,878,14",6.0
The Count of Monte Cristo,2002-01-23,"12,18,36",7.7
The Fly,1986-08-15,"27,878",7.4
Boruto: Naruto the Movie,2015-08-07,"12,28,16,35,14",7.5
A Dog's Purpose,2017-01-19,"12,35,14,10751,18",7.6
Lion,2016-11-24,18,8.0
The Hills Have Eyes,2006-03-10,"27,53",6.4
Trigger Warning,2024-06-20,28,5.7
Beverly Hills Cop: Axel F,2024-06-20,"28,35,80",6.7
Love Don't Co$t a Thing,2003-12-12,"35,18,10751,10749",7.5
The Secret World of Arrietty,2010-07-16,"14,16,10751",7.7
Valerian and the City of a Thousand Planets,2017-07-20,"12,878,28",6.6
TL,2024-03-30,18,7.0
Blade,1998-08-21,"27,28",6.8
The Roundup: No Way Out,2023-05-31,"28,80,35,53,18",7.2
X-Men: Days of Future Past,2014-05-15,"28,12,878",7.5
Unstoppable,2024-12-06,"18,36",4.9
Ant-Man,2015-07-14,"878,28,12",7.1
The Bourne Legacy,2012-08-08,"28,53",6.2
American Pie Presents: Girls' Rules,2020-10-06,35,6.2
What Women Want,2000-12-15,"35,10749",6.4
The Mitchells vs. the Machines,2021-04-22,"16,12,35",7.9
The SpongeBob Movie: Sponge on the Run,2020-08-14,"10751,16,14,12,35",7.4
Mantra Warrior: The Legend of The Eight Moons,2023-10-11,"16,28,12,14,878",7.4
Alice in Wonderland,1951-07-28,"16,10751,14,12",7.2
This Time Next Year,2024-06-03,"10749,35",6.1
Rocky,1976-11-20,18,7.8
London Has Fallen,2016-03-02,"28,53",6.2
Hell House LLC,2015-10-16,"27,9648,53",6.5
I Now Pronounce You Chuck & Larry,2007-07-12,"35,10749",6.1
The Jack in the Box Rises,2024-01-18,27,6.6
Cheeky,2000-01-28,"35,18,10749",5.7
Security,2017-03-04,"28,53,80",6.3
Waiting...,2005-10-07,"35,10749",6.3
Scooby-Doo,2002-06-14,"9648,12,35",6.1
Ferdinand,2017-12-09,"16,10751,12,35",7.2
Planet of the Apes,1968-02-07,"878,12,18,28",7.6
Spider-Man 2,2004-06-25,"28,12,878",7.3
Nowhere,2023-09-29,"53,18",7.4
Bram Stoker's Dracula,1992-11-13,"10749,27",7.4
Cinderella's Curse,2024-05-31,"27,14",6.0
Unstoppable,2010-11-04,"28,53",6.6
Wanted,2008-06-19,"28,53,80",6.5
Incantation,2022-03-18,27,6.8
The Last Temptation of Christ,1988-05-28,18,7.2
A Simple Favor,2018-08-29,"80,53,35",6.6
S.W.A.T.,2003-08-08,"28,53,80",6.2
Alien Resurrection,1997-11-12,"878,27,28",6.2
Fib the Truth,2021-09-09,"18,53",5.7
The Mechanic,2011-01-13,"28,53,80",6.5
The Mechanic,2011-01-13,"28,53,80",6.5
PAW Patrol: The Movie,2021-08-09,"10751,35,12,16",7.4
Martyrs,2008-06-12,"27,18,53",7.3
The Shape of Water,2017-12-01,"18,14,10749",7.2
El Candidato Honesto,2024-08-08,35,6.7
Fracture,2007-04-19,53,7.3
Trouble,2024-10-02,"28,35,80",6.7
Coming 2 America,2021-03-04,35,6.4
Treasure Planet,2002-11-26,"12,16,10751,14,878",7.6
The Sound of Music,1965-03-02,"18,10751,10402,10749",7.7
Coming to America,1988-06-29,"35,10749",6.9
Space Jam: A New Legacy,2021-07-08,"10751,16,35,878,12",6.7
The Edge of Seventeen,2016-11-18,"35,18",7.2
Exploits of a Young Don Juan,1986-11-04,"35,18",6.0
12 Strong,2018-01-18,"10752,18,28,36",6.3
Trainspotting,1996-02-23,"18,80",8.0
Batman,1989-06-21,"14,28,80",7.2
Night Hunter,2019-08-29,"18,53",6.6
Revenge,2018-02-07,"28,53,27,18",6.5
Mulholland Drive,2001-06-06,"53,18,9648",7.8
Mulholland Drive,2001-06-06,"53,18,9648",7.8
Along with the Gods: The Two Worlds,2017-12-20,"28,12,18,14,53",8.1
Time Cut,2024-10-29,"27,878,53",5.7
The Boy Who Harnessed the Wind,2019-02-14,"18,36",7.9
Watchmen,2009-03-04,"9648,28,878",7.3
The King's Man,2021-12-22,"28,12,53",6.7
The Sorcerer's Apprentice,2010-07-13,"14,12,28",6.1
A Few Good Men,1992-12-11,18,7.5
Wallace & Gromit: The Curse of the Were-Rabbit,2005-09-15,"12,16,35,10751",7.1
Dune,1984-12-14,"28,878,12",6.2
Orphan: First Kill,2022-07-27,"27,53",6.6
Journey 2: The Mysterious Island,2012-01-19,"12,28,878",6.1
It's What's Inside,2024-01-19,"35,9648,878",6.4
True Grit,2010-12-22,"18,12,37",7.3
The Empty Man,2020-10-22,"27,9648,53",6.2
The Tourist,2010-12-08,"28,53,10749",6.2
The Bourne Identity,2002-06-14,"28,18,9648,53",7.5
Need for Speed,2014-03-12,"28,80,18,53",6.4
The Longest Yard,2005-05-27,"18,35,80",6.7
Gunner,2024-08-16,"28,53,80",5.4
Snow White and the Huntsman,2012-05-30,"12,14,18",6.0
The Last Samurai,2003-12-05,"18,28,10752",7.6
Danchizuma: Furin Marumie,1991-07-26,,2.0
The Miracle Maker,2000-03-31,"16,10751,18",6.0
The Good Dinosaur,2015-11-14,"12,16,10751",6.7
The Lovely Bones,2009-12-26,"14,18",7.1
Six Swedish Girls in Alps,1983-07-22,"10749,35",6.6
Fresh,2022-03-03,"27,53",7.0
In a Violent Nature,2024-05-31,"27,53",5.7
Click,2006-06-23,"35,18,14",6.3
Papillon,2017-09-07,18,7.3
Addams Family Values,1993-11-19,"35,10751,14",7.0
Pokémon Detective Pikachu,2019-05-03,"28,12,14",6.9
Elvis,2022-06-22,"18,10402,36",7.5
The Texas Chain Saw Massacre,1974-10-11,27,7.3
13 Hours: The Secret Soldiers of Benghazi,2016-01-14,"10752,28,36,18,53",7.3
Hunter Killer,2018-10-19,"28,12,53",6.9
Wrath of the Titans,2012-03-28,"14,12,28",5.7
Mulan,2020-09-04,"12,14,28,10751",6.9
Nosferatu,1922-02-16,"27,14",7.7
Nosferatu,1922-02-16,"27,14",7.7
The Northman,2022-04-07,"28,12,14",7.0
Gemini Man,2019-10-02,"878,28,12,53",6.3
Life of Brian,1979-08-17,35,7.8
The Foreigner,2017-09-28,"28,53,80",7.0
The Miracle of Marcelino,1955-02-24,18,7.3
The Apprentice,2024-10-09,"36,18",6.9
Beverly Hills Cop,1984-12-05,"35,80,28",7.2
Incredibles 2,2018-06-14,"28,12,16,10751",7.5
The Change-Up,2011-08-05,35,6.2
Host,2020-12-04,27,6.5
Mom's Friend,2015-08-20,18,6.8
Jennifer's Body,2009-09-18,"27,35",6.0
How the Grinch Stole Christmas,2000-11-17,"10751,35,14",6.8
Falling Down,1993-02-26,"80,18,53",7.4
Secret of the Wings,2012-08-17,"16,10751,14,12",7.2
My Spy The Eternal City,2024-07-18,"28,35",6.7
Undisputed III: Redemption,2010-04-17,"28,53,80,18",7.5
Fracture,2007-04-19,53,7.3
Mad Max,1979-04-12,"12,28,53,878",6.7
Big Fish,2003-12-25,"12,14,18",7.8
Alappuzha Gymkhana,2025-04-10,"28,18,35",7.4
Crayon Shin-chan the Movie: Our Dinosaur Diary,2024-08-09,"16,12,35,10751",5.6
Sujo,2024-08-21,18,6.5
Lost on a Mountain in Maine,2024-11-01,"12,18,10751",7.1
Brothers,2009-12-02,"18,53,10752",7.3
Monty Python and the Holy Grail,1975-03-14,"12,35,14",7.8
The Boy,2016-01-22,"27,9648,53",6.0
The Fugitive,1993-08-06,"28,53,18",7.5
Snack Shack,2024-03-15,35,7.2
Diary of a Nymphomaniac,2008-10-17,"18,10749",5.6
Starship Troopers,1997-11-07,"12,28,53,878",7.1
Alice in Terrorland,2023-12-26,"27,53",6.0
Star Trek Into Darkness,2013-05-05,"28,12,878",7.3
Mayhem!,2023-06-28,"28,80,18,53",6.7
American Reunion,2012-04-04,35,6.3
Apollo 13,1995-06-30,"18,36",7.5
Ponyo,2008-07-19,"16,14,10751",7.7
Tumbbad,2018-10-12,"14,27",7.5
Kung Fu Hustle,2004-02-10,"28,35,80,14",7.5
The Banker,2020-03-06,18,7.6
Uprising,2024-10-02,"28,18,36",7.0
Star Trek,2009-05-06,"878,28,12",7.4
Rascal Does Not Dream of a Dreaming Girl,2019-06-15,"16,10749,18,14",8.2
Blood for Dust,2024-04-19,"28,80,53",6.0
Midnight Sun,2018-03-22,"10749,18",7.8
Terminator 3: Rise of the Machines,2003-07-02,"28,53,878",6.2
The Purge: Election Year,2016-06-29,"28,27,53",6.4
Horrible Bosses,2011-07-08,"35,80",6.6
The Case for Christ,2017-04-07,18,6.8
Argo,2012-10-11,"18,53",7.3
Emmanuelle: Queen of Sados,1980-02-01,"80,18,53",6.3
Afraid,2024-08-28,"27,878,53",6.0
The Smurfs,2011-07-29,"16,10751,12,35,14",5.8
The Last Witch Hunter,2015-10-21,"14,28,12,27",6.0
Redeeming Love,2022-01-21,"10749,18,37",7.8
Beau Is Afraid,2023-04-14,"35,12,14",6.7
The Town,2010-09-15,"80,18,53",7.2
The Core,2003-03-28,"878,12,53",5.8
Escape Room,2019-01-03,"27,53,9648",6.5
Escape Room,2019-01-03,"27,53,9648",6.5
The Great Escape,1963-07-03,"12,18,10752",7.9
The Twister: Caught in the Storm,2025-03-18,99,6.3
Brooklyn,2015-10-20,"10749,18,36",7.3
Carmen 1945,1988-04-09,18,6.1
The Exorcism of Emily Rose,2005-09-09,"80,18,27,53",6.6
Mickey and the Very Many Christmases,2024-12-01,"16,12,35,10751",6.3
El Camino: A Breaking Bad Movie,2019-10-11,"80,18,53",7.0
10 Cloverfield Lane,2016-03-10,"53,878,18,27",7.0
Monsters vs Aliens,2009-03-19,"16,10751,12,878",6.2
Aquaman,2018-12-07,"28,12,14",6.9
Wrong Turn 5: Bloodlines,2012-10-18,"27,53",5.4
The Invasion,2007-08-17,"27,9648,878,53",6.0
Predators,2010-07-03,"878,28,53",6.3
Promising Young Woman,2020-12-13,"53,80,18",7.4
Bone Tomahawk,2015-10-23,"37,27,18",6.9
The Thicket,2024-09-05,"80,53,37",6.4
The Hating Game,2021-12-09,"18,35,10749",7.3
Woman of the Hour,2024-10-03,"80,18,53",6.4
F9,2021-05-19,"28,12,80",7.1
Sleeping Dogs,2024-03-21,"9648,53,80,18",7.0
Con Mum,2025-03-24,"99,80",7.7
The Canterville Ghost,2023-09-22,"16,35,10751,14",6.7
Anastasia,1997-11-20,"16,10751,14,12",7.6
Night at the Museum,2006-12-20,"28,12,35,10751,14",6.6
Monkey Man,2024-04-03,"28,53,80",6.9
The Darkest Minds,2018-07-25,"28,12,18",7.0
John Carter,2012-03-07,"28,12,878",6.3
Vampires Suck,2010-08-18,"35,14",4.4
Wake Up,2024-05-08,"27,53,28",7.1
The Bodyguard,1992-11-25,"28,18,10749",6.7
The Irishman,2019-11-01,"80,18,36",7.6
Gone in Sixty Seconds,2000-06-09,"28,80,53",6.4
Veera Dheera Sooran: Part 2,2025-03-27,"28,80,18,53",6.9
The Loft,2014-10-14,53,6.4
Malena,2000-03-16,18,7.4
Superman,1978-12-14,"878,28,12",7.1
Fly Me to the Moon,2024-07-10,"10749,35",6.8
Blitz,2024-11-01,"10752,18,36",5.9
The Last Duel,2021-10-13,"36,18,28",7.4
Blitz,2024-11-01,"10752,18,36",5.9
The Last Duel,2021-10-13,"36,18,28",7.4
Riot in a Women's Prison,1974-08-13,18,4.7
Descendants 3,2019-08-02,"10751,10770,12,14",7.7
The Book of Eli,2010-01-14,"28,53,878",6.8
Mortal Engines,2018-11-27,"12,878",6.2
Nefarious,2023-04-14,"27,18",6.8
Gremlins,1984-06-08,"14,27,35",7.1
Bird,2024-11-08,"18,14",7.2
La Dolce Villa,2025-02-12,"10749,35",6.2
The Hills Have Eyes 2,2007-03-22,"27,53",5.6
Enola Holmes 2,2022-11-30,"12,9648,80",7.4
13 Going on 30,2004-04-13,"35,14,10749",6.8
The Curse of La Llorona,2019-04-17,27,5.7
Indecent Proposal,1993-04-07,"10749,18",6.4
Hansel & Gretel: Witch Hunters,2013-01-17,"14,27,28",6.1
Bolt,2008-11-21,"16,10751,12,35",6.5
Detective Conan: The Scarlet Bullet,2021-04-16,"16,28,80,9648,10749,53",6.5
The Calendar Killer,2025-01-15,"80,53",6.3
Rape!,1976-02-07,"18,27,53",5.7
Tomorrow Before After,2023-04-20,"18,878",7.2
Jungle,2017-06-27,"12,18,53",6.6
RED,2010-10-13,"28,12,35,80,53",6.7
Death Whisperer,2023-10-25,"27,53",7.5
Quo Vadis,1951-11-08,"18,36,10749",7.1
The Peanut Butter Falcon,2019-08-09,"12,35,18",7.4
The No Man Zone. The Movie,2022-06-09,"35,878",6.2
The Post,2017-12-22,"18,36",7.0
The World Is Not Enough,1999-11-17,"12,28,53",6.3
Looper,2012-09-26,"28,53,878",6.9
The Erotic Twin,1980-08-05,18,2.6
Geostorm,2017-10-12,"28,878,53",6.1
Déjà Vu,2006-11-22,"28,53,878",6.9
"Alexander and the Terrible, Horrible, No Good, Very Bad Road Trip",2025-03-26,"35,10751",6.0
Dragon Ball Z: Broly - The Legendary Super Saiyan,1993-03-06,"16,878,28",7.2
The Hateful Eight,2015-12-25,"18,9648,37",7.8
Angels & Demons,2009-04-23,"53,9648",6.7
The Jackal,1997-11-14,"28,53,12,80",6.4
The Hangover Part III,2013-05-23,35,6.2
Love and Monsters,2020-10-16,"35,28,12,14,878",7.3
Happy Feet,2006-11-16,"16,35,10751",6.2
Nausicaä of the Valley of the Wind,1984-03-11,"12,16,14",8.0
Peter Pan,1953-02-05,"16,10751,12,14",7.2
No Strings Attached,2011-01-21,"35,10749",6.3
Charlie's Angels: Full Throttle,2003-06-25,"28,12,35",5.5
Abominable,2019-09-19,"10751,16,12,35",7.5
Dark Shadows,2012-05-09,"35,14",6.1
Love Actually,2003-09-07,"35,10749,18",7.1
Veronica,2017-08-25,27,6.2
Hercules,2014-07-23,"28,12",5.8
周处除三嗨,2024-04-11,,9.0
The Hitman's Bodyguard,2017-08-16,"28,35,80,53",6.9
House of Spoils,2024-09-21,"27,53",5.6
Sand Castle,2017-04-21,"10752,28,18",6.5
Secretary,2002-09-20,"10749,18,35",6.8
Mamma Mia!,2008-07-03,"35,10749",7.0
Terminator: Dark Fate,2019-10-23,"878,28,12,53",6.4
Enemy of the State,1998-11-20,"28,18,53",7.1
Autumn and the Black Jaguar,2024-02-01,"12,10751",6.7
Enemy at the Gates,2001-02-28,"18,10752,36,10749",7.4
Clash of the Titans,2010-03-26,"12,14,28",5.9
Dances with Wolves,1990-03-30,"12,18,37",7.8
Maria,2024-11-27,"18,10402",6.4
Hulk,2003-06-19,"878,12,28",5.6
Erin Brockovich,2000-03-17,18,7.4
I Saw the Devil,2010-08-12,"53,27",7.8
The Seed of the Sacred Fig,2024-09-18,"18,53,80",7.6
The Children's Train,2024-10-21,18,7.4
The Butterfly Effect,2004-01-17,"878,53",7.6
Dumb Money,2023-09-15,"36,35,18",6.7
Highlander,1986-03-07,"12,28,14",6.9
Oblivion,2013-04-10,"28,878,12,9648",6.7
A Whisker Away,2020-06-18,"16,18,10749,14",7.9
Killing Jesus,2015-04-05,"10770,18,14",6.3
Ash,2025-03-20,"27,878,53",5.9
Sleeping Beauty,1959-02-17,"14,16,10749,10751",6.9
Madness,1980-03-20,"53,28,80",4.9
Men in Black II,2002-07-03,"28,35,878",6.4
Sachein,2005-04-14,"18,10749",6.4
The Chronicles of Narnia: Prince Caspian,2008-05-15,"12,10751,14",6.6
Sex,2024-02-17,"18,10749,35",6.7
Winter Spring Summer or Fall,2024-12-27,"10749,35,18",9.8
Salve Maria,2024-10-31,18,6.7
A History of Violence,2005-09-23,"18,53,80",7.2
Ghost Rider,2007-01-15,"53,28,14",5.6
Blow,2001-04-04,"80,18",7.4
Due Date,2010-11-03,"35,18",6.4
Bound by Honor,1993-02-05,"80,28,18,53",8.1
The Mouse Trap,2024-08-23,"27,53",4.3
Madagascar: Escape 2 Africa,2008-10-30,"10751,12,16,35",6.5
The Polar Express,2004-11-10,"16,12,10751,14",6.7
Love,2015-07-15,"18,10749",6.5
Riff Raff,2025-02-27,"35,80,18",5.8
Decision to Leave,2022-06-29,"53,9648,10749",7.3
Indiana Jones and the Kingdom of the Crystal Skull,2008-05-21,"12,28",6.0
Texas Chainsaw Massacre,2022-02-18,"27,80,53",5.2
Disobedience,2018-04-24,"18,10749",6.9
Don't Be a Menace to South Central While Drinking Your Juice in the Hood,1996-01-12,"35,80",7.0
Darkest Hour,2017-11-22,"18,36",7.3
Shallow Hal,2001-11-01,"35,10749",6.2
Army of the Dead,2021-05-14,"28,27,12,878,53",6.2
Hell or High Water,2016-08-11,"37,80,18",7.3
The Transporter,2002-10-02,"28,80,53",6.7
Jesus,1999-12-05,"12,18,10770",6.7
The Happening,2008-06-11,"53,878",5.4
El hilo rojo,2025-02-13,"18,10749",8.1
A Knight's Tale,2001-05-11,"12,18,10749,28",6.9
Austin Powers: The Spy Who Shagged Me,1999-06-08,"12,35,80,878",6.3
Chicken Little,2005-11-04,"16,10751,35",5.9
Sleepy Hollow,1999-11-19,"18,14,53,9648,27",7.2
Black Mirror: Bandersnatch,2018-12-28,"878,9648,18,53,10770",6.8
Basic Instinct,1992-03-20,"53,9648",6.9
Operation Black Ops,2023-07-11,"28,53",5.6
365 Days,2020-02-07,"10749,18",7.0
In Bruges,2008-02-08,"35,18,80",7.5
Snatch,2000-09-01,"80,35",7.8
The Raid 2,2014-03-27,"28,80,53",7.6
The Negotiator,1998-07-29,"28,80,18,53",7.1
My Hero Academia: Two Heroes,2018-08-03,"16,28,12,14",7.9
Ma,2019-05-29,"27,53",5.8
Central Intelligence,2016-06-16,"28,35",6.4
Whisper of the Heart,1995-07-15,"16,18,10751",7.9
Gone with the Wind,1939-12-15,"18,10752,10749",7.9
Stand by Me,1986-08-08,"80,18",7.9
Superfast!,2015-03-05,"35,28",5.1
Hocus Pocus 2,2022-09-27,"14,35,10751",7.2
The Exorcist: Believer,2023-10-04,"27,53",5.9
The Sea Beast,2022-06-24,"16,12,28,10751,14",7.3
The Cobbler,2014-09-11,"14,35,18",5.9
"Paul, Apostle of Christ",2018-03-23,18,7.6
"Love, Simon",2018-02-16,"35,18,10749",8.0
Cinema Paradiso,1988-11-17,"18,10749",8.4
Hachi: A Dog's Tale,2009-06-08,"18,10751",8.0
Upgraded,2024-02-07,"10749,35",7.2
Midnight,2021-06-30,"53,80",7.3
Jackpot!,2024-08-13,"35,28",6.4
Marriage Story,2019-09-28,18,7.7
6 Underground,2019-12-10,"28,35,53",6.3
A Family Affair,2024-06-27,"10749,35",5.8
Boogie Nights,1997-10-10,18,7.6
Ambulance,2022-03-16,"53,28,80,18",6.7
Thriller Night,2011-09-13,"16,10402,27,35",6.9
The Ballad of Buster Scruggs,2018-11-09,"37,35,18,10402,9648,10749",7.1
Tag,2018-05-30,"35,28",6.7
Hounds of War,2024-08-29,"28,53",6.3
Jeepers Creepers: Reborn,2022-09-15,"27,53,9648",5.4
Paprika,2006-10-01,"16,878,53",7.8
Fractured,2019-09-22,"53,18",6.7
Lover,2024-02-07,"10749,18",7.2
The Lego Movie,2014-02-06,"16,10751,12,35,14",7.4
Deep Impact,1998-05-08,"28,18,878",6.2
BlacKkKlansman,2018-08-09,"80,35,18,36",7.5
We Need to Talk About Kevin,2011-09-28,"18,53",7.5
Ultraman: Rising,2024-06-14,"16,878,10751,28",8.2
Spaceballs,1987-06-24,"35,878",6.8
Jerry & Marge Go Large,2022-10-20,"35,18",7.3
Clifford the Big Red Dog,2021-11-10,"10751,12,35,14,16",7.2
The Expendables 2,2012-08-08,"28,12,53",6.3
Atomic Blonde,2017-07-26,"28,12,53",6.4
Pitch Perfect 2,2015-05-07,"35,10402",6.9
Kirara,2020-09-20,"10749,35,16",5.2
The Girls at the Station,2024-11-22,18,6.4
Humane,2024-04-26,"53,27,878",5.2
Lethal Weapon,1987-03-06,"12,28,35,53,80",7.3
Female Teacher: In Front of the Students,1982-04-09,"18,9648,27",6.4
The Promised Land,2023-10-05,"28,18,36",7.7
The Chronicles of Narnia: The Voyage of the Dawn Treader,2010-12-02,"12,10751,14",6.4
Jojo Rabbit,2019-10-18,"35,10752,18",8.0
Mother's Job,2017-07-27,18,5.3
Sleepers,1996-10-18,"80,18,53",7.6
Godzilla,2014-05-14,"28,18,878",6.3
Pushpa 2 - The Rule,2024-12-04,"28,18,53,80",6.7
Romeo + Juliet,1996-11-01,"18,10749",6.8
House of Ga'a,2024-07-26,"28,36",5.5
The King,2019-10-11,"18,36,10752",7.2
Speed,1994-06-09,"28,53",7.1
Moulin Rouge!,2001-05-18,"18,10749,10402",7.5
Mary,2024-12-12,"18,36,28",6.3
Project Wolf Hunting,2022-09-21,"28,53,27,80",6.4
Mechanic: Resurrection,2016-08-25,"28,80,53",6.0
No One Will Save You,2023-09-21,"27,878,53,9648",6.7
Kill,2024-07-03,"28,80,53,18",7.1
22 Jump Street,2014-06-05,"80,35,28",6.8
Goldfinger,1964-09-20,"12,28,53",7.3
The Abyss,1989-08-09,"12,28,53,878",7.4
Barabbas,1961-12-23,"36,18,12",6.9
Kiki's Delivery Service,1989-07-29,"16,10751,14",7.8
The Thundermans Return,2024-03-07,"10751,878,28,35",7.0
The Rogue's Trial,2024-12-25,"35,18",6.8
Cannibal Holocaust,1980-02-07,27,6.3
Hunting With Tigers,2024-11-22,"28,53",6.0
Marrowbone,2017-10-27,"53,27,9648",7.3
What Men Want,2019-02-08,"35,10749",6.2
Jawan,2023-09-07,"28,80,53",7.2
American Wedding,2003-08-01,"35,10749",6.2
Rogue One: A Star Wars Story,2016-12-14,"28,12,878",7.5
Kalikot,2024-03-12,18,6.8
The Purge,2013-05-31,"878,27,53",6.3
Memory,2022-04-28,"28,53,80",6.8
Olympus Has Fallen,2013-03-20,"28,53",6.4
Mamma Mia! Here We Go Again,2018-07-18,"35,10749",7.1
Strays,2023-08-17,"35,12",7.2
Seven Samurai,1954-04-26,"28,18",8.5
The Lobster,2015-10-15,"35,18,10749",7.0
Jack Reacher: Never Go Back,2016-10-19,"28,53",6.0
Attack on Titan,2015-08-01,"27,28,878",6.1
Village of Doom,1983-01-15,"27,80,18",7.4
The Predator,2018-09-05,"878,28,12,53",5.6
Life or Something Like It,2002-04-24,"35,18,10749",5.7
The Italian Job,2003-05-30,"28,80",6.8
Winner,2024-09-13,"35,18",6.8
Breathe,2024-04-04,"28,878,9648,53",5.8
Pinocchio,1940-02-23,"16,10751,14",7.1
Big City Greens the Movie: Spacecation,2024-06-06,"16,10751,35,10402,10770",7.6
Return to Sender,2015-05-31,"18,53",6.1
The Last of the Mohicans,1992-08-26,"28,36,10749,10752",7.4
May the 12th Be with You,2024-05-09,"16,35",5.4
Independence Day: Resurgence,2016-06-22,"28,12,878",5.3
District 9,2009-08-05,878,7.5
Insurgent,2015-03-18,"28,878,53",6.4
An Almost Christmas Story,2024-10-14,"16,12,14,10751",7.1
Ghostbusters,2016-07-14,"28,14,35",5.3
Freddy vs. Jason,2003-08-15,27,6.1
Dakaichi: I'm Being Harassed by the Sexiest Man of the Year—The Movie: In Spain,2021-10-09,"16,18,35,10749",7.7
Sikandar Ka Muqaddar,2024-11-29,"53,80,9648,28",5.6
Knights of the Zodiac,2023-04-27,"14,28,12",6.4
P.O. Box Tinto Brass,1995-08-30,35,5.9
Sniper: Ultimate Kill,2017-10-03,28,6.4
Yes Man,2008-12-09,"35,10749",6.7
Wife Swap,2022-08-14,18,1.0
Police Academy,1984-03-22,"35,80",6.7
Woody Woodpecker Goes to Camp,2024-04-12,"10751,35,16",6.5
Green Lantern,2011-06-14,"12,28,53,878",5.2
Old,2021-07-21,"53,9648,27",6.3
Planet of the Apes,2001-07-25,"53,878,28,12",5.8
Triple Frontier,2019-03-06,"28,53,80,12",6.3
Leroy & Stitch,2006-06-23,"16,35,10751,10770",6.6
The Princess Bride,1987-09-25,"12,10751,14,35,10749",7.7
Monster Summer,2024-10-04,"12,14,9648,27",6.5
Insidious: Chapter 3,2015-05-28,"27,53",6.3
The Gardener,2021-12-28,"28,53",5.2
The Other Zoey,2023-10-19,"10749,18,35",7.0
9,2009-08-19,"28,12,16,878,53",6.9
The Outlaws,2017-10-03,"28,80,53",7.7
Comfort Women,1992-08-28,"53,18",2.2
Who Framed Roger Rabbit,1988-06-22,"14,16,35,80",7.5
Robin Hood,2018-11-03,"12,28,53,14",5.9
The Killer,2024-08-22,"28,53,80",6.4
War for the Planet of the Apes,2017-07-11,"18,878,10752",7.2
The Little Rascals,1994-08-05,"10749,35,10751",6.8
The Soul Eater,2024-04-24,"53,27,80,9648",6.1
The Woman King,2022-09-16,"28,18,36",7.7
Insidious: Chapter 2,2013-09-12,"27,53",6.7
Outlanders,1986-12-16,"16,878,35",4.9
The Six Triple Eight,2024-12-06,"18,10752,36",7.6
Distant,2024-07-12,"878,35,28",5.9
Godzilla,1998-05-20,"878,28,53",5.6
The Lincoln Lawyer,2011-03-17,"80,18,53",7.2
Where the Crawdads Sing,2022-07-14,"18,9648,10749",7.6
Life or Something Like It,2002-04-24,"35,18,10749",5.7
La Haine,1995-05-31,18,8.1
The Devil's Bath,2024-03-08,"18,9648,36,27",6.7
The Untouchables,1987-06-03,"80,36,53",7.8
Demented,1980-06-01,"80,27,53",3.9
Emmanuelle 6,1988-07-06,"18,10749",3.9
Bangkok Breaking: Heaven and Hell,2024-09-26,"28,80,18,53",6.7
Mr. Nobody,2009-11-06,"878,18,10749",7.8
Paranormal Activity,2007-09-14,"27,9648",6.0
Straight,2024-11-21,10749,6.4
American Pie Presents: Beta House,2007-12-26,35,5.7
Tears of the Sun,2003-03-07,"10752,28,18",6.9
Time Trap,2018-06-22,"878,12",6.3
Chef,2014-05-08,35,7.1
Red Shoes and the Seven Dwarfs,2019-07-25,"16,14,10751,35,10749,12",7.7
Yesterday,2019-06-26,"35,14,10402,10749",6.7
The Girl with All the Gifts,2016-09-23,"28,27,878",6.6
Mirror Mirror,2012-03-15,"12,35,10751,14",5.9
The Bunker,2024-08-23,"27,878",4.6
The Instigators,2024-08-02,"80,35,28",6.2
A Fistful of Dollars,1964-09-12,37,7.8
Zero Dark Thirty,2012-12-19,"53,18",7.0
Piranha 3D,2010-08-20,"35,27",5.4
El casoplón,2025-04-16,"35,10751",6.8
Underworld,2003-09-19,"14,28,53",6.8
Pain & Gain,2013-04-18,"28,80,35,18,9648",6.3
Resident Evil: Welcome to Raccoon City,2021-11-24,"28,27,878",6.0
The Mask of Zorro,1998-07-16,"28,12",6.6
Rain Man,1988-12-12,18,7.8
This Is Where I Leave You,2014-09-10,"18,35",6.6
All Things Fair,1995-03-08,"18,10749,10752",6.4
LEGO Marvel Avengers: Mission Demolition,2024-10-17,"16,35,878",6.8
A Walk Among the Tombstones,2014-09-18,"80,18,9648,53",6.3
Texas Chainsaw 3D,2013-01-03,"27,53",5.5
Outlaw,2024-06-20,"28,80,18",6.2
Lamborghini: The Man Behind the Legend,2022-11-17,"18,36",6.4
Tom & Jerry,2021-02-10,"35,10751,16",6.8
The Favourite,2018-11-23,"18,35,53,36",7.5
The Death of Stalin,2017-10-20,"35,18,36",7.0
One Fast Move,2024-08-07,"28,18,10749",6.6
Hannah,1996-10-18,53,7.0
The Roundup,2022-05-18,"28,80,53,12",7.2
Missing,2023-01-19,"18,9648,53",7.4
Love Lesson,2013-12-05,"10749,18,35",6.9
Carrie,1976-11-03,"27,53",7.3
Harry Potter 20th Anniversary: Return to Hogwarts,2022-01-01,99,7.3
Not Without My Shrink,2024-12-11,35,4.7
All About Lily Chou-Chou,2001-10-06,"18,80",7.4
Lee,2024-09-12,"36,18,10752",7.1
Brother Bear,2003-10-23,"12,16,10751",7.3
Hugo,2011-11-22,"12,18,10751",7.2
Toofan,2024-06-17,"80,28",8.1
Salome,2023-05-13,"18,10749",10.0
Sniper: Assassin's End,2020-06-15,28,6.2
Brokeback Mountain,2005-10-22,"18,10749",7.8
Vertigo,1958-05-28,"9648,10749,53",8.2
Thelma the Unicorn,2024-05-17,"16,14,10751",7.1
Meet the Robinsons,2007-03-23,"16,35,10751",6.9
Heart of Stone,2023-08-09,"53,28",6.8
Bridget Jones's Diary,2001-04-13,"35,10749,18",6.7
Given the Movie: To the Sea,2024-09-20,"16,10749",9.0
Perfect Addiction,2023-02-16,"18,10749",6.8
The Bank Job,2008-02-28,"53,80,18",6.8
Cargo,2017-10-06,"18,53,27",6.4
Miss Sloane,2016-11-25,"18,80",7.4
Unbreakable,2000-11-22,"53,18,9648",7.1
Contagion,2011-09-08,"18,53,878",6.6
Uglies,2024-09-12,"878,12,28",5.8
Mushi-Shi: The Shadow That Devours the Sun,2014-01-03,"16,14,9648",9.0
My Hero Academia: World Heroes' Mission,2021-08-06,"16,28,12,878",7.6
The King's Speech,2010-11-26,"18,36",7.7
Boy Kills World,2024-04-24,"80,53,28",6.8
Chaos Walking,2021-02-24,"14,878,12",6.6
The Dad Quest,2025-04-08,"35,18",6.6
Lara Croft: Tomb Raider,2001-06-11,"12,14,28,53",5.9
The Expendables 3,2014-08-07,"28,12,53",6.2
Four Brothers,2005-08-11,"28,80",6.8
Zombieland,2009-10-02,"35,27",7.3
Bridesmaids,2011-05-13,"35,10749",6.5
Anger Management,2003-04-11,35,6.1
Zoolander,2001-09-28,35,6.2
A Different Man,2024-08-24,"35,18",7.1
I Saw the TV Glow,2024-05-03,"18,27",6.1
Slumdog Millionaire,2008-11-12,"18,10749",7.7
Salaar: Part 1 - Ceasefire,2023-12-21,"28,80,18",6.8
Jerry Maguire,1996-12-13,"35,18,10749",7.0
King Richard,2021-11-18,"18,36",7.6
Dragon Ball Z: Broly - Second Coming,1994-03-12,"16,28,878",6.8
Elysium,2013-08-07,"878,28,18,53",6.5
Jumbo,2025-03-31,"16,35,18,10751,14",7.7
Salem's Lot,2024-10-03,27,6.2
Law Abiding Citizen,2009-10-15,"18,80,53",7.4
12th Fail,2023-08-11,18,8.0
Halloween,2018-10-18,"27,53",6.6
The Moor,2024-06-14,"27,9648,18",5.5
China Dolls,1992-01-01,"35,80,18",5.1
Sense and Sensibility,1995-12-13,"18,10749",7.4
Waterworld,1995-07-28,"12,28,878",6.2
"Josee, the Tiger and the Fish",2020-12-25,"16,18,10749",8.3
Chicken Run: Dawn of the Nugget,2023-12-08,"10751,16,12,35",7.0
The Grinch,2018-11-08,"16,10751,35,14",6.9
27 Dresses,2008-01-10,"35,10749",6.4
The Cloverfield Paradox,2018-02-04,"27,878,53",5.6
30 Days of Night,2007-10-17,"27,53",6.4
11 Rebels,2024-11-01,"28,18,36,53",7.7
Panic Room,2002-03-29,"80,18,53",6.8
Panic Room,2002-03-29,"80,18,53",6.8
"Ruby Gillman, Teenage Kraken",2023-06-28,"16,10751,14,35",7.2
Her Little Majesty,1939-10-06,"35,10749,18",5.0
Amazing Earth,1998-12-13,99,7.0
Robot Dreams,2023-12-06,"16,18,35,878",8.0
Anatomy of a Fall,2023-08-23,"53,9648,80",7.5
I Am Number Four,2011-02-18,"28,53,878,12",6.2
Star Wars: Episode II - Attack of the Clones,2002-05-15,"12,28,878",6.6
Minority Report,2002-06-20,"878,28,53",7.3
School of Rock,2003-10-03,"35,10402",7.1
Ordinary Angels,2024-02-22,18,7.8
Surf's Up,2007-06-08,"16,35,10751",6.5
Love Forever,2025-02-13,"10749,35,18",4.8
X-Rated: The Greatest Adult Movies of All Time,2015-02-06,99,6.5
The Man from Earth,2007-06-10,"878,18",7.6
The SpongeBob Movie: Sponge Out of Water,2015-01-28,"10751,12,35,14,16",6.1
The Thin Red Line,1998-12-23,"18,36,10752",7.5
Along with the Gods: The Last 49 Days,2018-08-01,"28,12,14,53",8.1
Sully,2016-09-07,"18,36",7.2
Noroi: The Curse,2005-08-20,"27,9648,53",6.9
Arouse,2025-03-25,"18,10749",6.9
Rambo: First Blood Part II,1985-05-21,"28,12,53,10752",6.7
Snowden,2016-09-15,"18,36,80,53",7.1
Road Trip,2000-05-19,"35,12",6.2
Hitch,2005-02-11,"35,18,10749",6.6
Die Hard 2,1990-07-03,"28,53",7.0
Four Weddings and a Funeral,1994-03-09,"35,18,10749",6.8
Back to the Future Part II,1989-11-22,"12,35,878",7.8
Hidden,2015-09-15,"53,27",6.9
Those Science Freaks,2013-02-20,"16,35,878,10749,14",6.4
We Can Be Heroes,2020-12-25,"10751,28,14,35",6.0
WarGames,1983-06-03,"53,878,18",7.1
Lightyear,2022-06-15,"16,878,10751,12",6.9
EuroTrip,2004-02-20,35,6.6
The Royal Tenenbaums,2001-10-05,"35,18",7.5
Zathura: A Space Adventure,2005-11-06,"878,12,10751",6.4
Boyz n the Hood,1991-07-12,"80,18",7.6
Dream Scenario,2023-11-10,"35,14",6.7
White House Down,2013-06-27,"28,18,53",6.5
Death Race,2008-08-22,"28,53,878",6.3
SPY x FAMILY CODE: White,2023-12-22,"16,35,12,28",7.0
R.I.P.D.,2013-07-18,"14,28,35",5.8
Code 8,2019-12-06,"878,28,80",6.3
Mysterious Ways,2023-08-17,18,10.0
Wish Dragon,2021-01-15,"16,10751,35,14",7.9
Hellboy,2019-04-10,"14,27,28,12",5.6
Smugglers,2023-07-26,"80,28",6.7
The Upside,2019-01-10,"35,18",7.1
Mowgli: Legend of the Jungle,2018-11-25,"12,18",6.5
Pacific Rim: Uprising,2018-03-21,"28,14,878,12",6.1
50 First Dates,2004-02-13,"35,10749",6.9
Underworld: Awakening,2012-01-19,"14,28,27",6.3
Horizon: An American Saga - Chapter 1,2024-06-26,"37,18",6.9
21,2008-03-27,"18,80",6.7
Ghostbusters: Afterlife,2021-11-18,"14,35,12,878",7.3
Ender's Game,2013-10-24,"878,28,12",6.6
Mortal Kombat Legends: Scorpion's Revenge,2020-04-12,"16,28,14",8.1
Knock Knock,2015-06-26,"27,53,80",5.4
Insidious: The Last Key,2018-01-03,"27,53",6.3
Jumper,2008-02-13,"28,12,878",6.2
Insidious: The Last Key,2018-01-03,"27,53",6.3
Jumper,2008-02-13,"28,12,878",6.2
Gracie & Pedro: Pets to the Rescue,2024-05-01,"16,12,35,10751",6.5
I Still Know What You Did Last Summer,1998-11-13,"27,9648,53",5.4
Anaconda,1997-04-11,"12,27,53",5.2
Paddington 2,2017-11-09,"12,35,10751",7.5
The Guilty,2021-09-24,"18,53",6.4
In the Land of Saints and Sinners,2023-10-06,"28,53",6.5
Never Back Down,2008-03-04,"18,28",6.8
Battle: Los Angeles,2011-03-08,"878,28",5.8
Who Is Luigi Mangione?,2025-02-17,99,5.9
Warriors of Future,2022-08-05,"18,28,878",7.0
Golden Kamuy,2024-01-19,"28,12,35",6.8
Corina,2025-01-09,"18,35",7.3
Ant-Man and the Wasp,2018-07-04,"28,12,878",6.9
Don't Breathe,2016-06-08,"27,53",7.0
Samaritan,2022-08-25,"878,80,28",6.7
The Space Between Us,2017-01-26,"10749,12,878,18",7.1
Let Go,2024-11-01,18,7.9
The Elephant Man,1980-10-09,"18,36",8.0
Tremors,1990-01-19,"27,28,878,35",6.9
National Treasure: Book of Secrets,2007-12-19,"28,12,9648,53",6.4
Ghost Rider: Spirit of Vengeance,2011-12-10,"28,14,53",5.0
Halloween II,1981-10-30,"27,53",6.6
Chhorii,2021-11-26,"27,53",6.0
Halloween Ends,2022-10-12,"27,53",6.1
Alien³,1992-05-22,"878,28,27",6.4
Overlord,2018-11-01,"27,10752,878",6.7
47 Meters Down,2017-05-25,27,5.8
Puss in Boots,2011-10-27,"16,10751,14,12,35,28",6.6
1408,2007-06-22,"27,9648",6.7
The Worst Person in the World,2021-10-13,"18,10749,35",7.5
The Strangers: Chapter 1,2024-05-15,"27,53",5.7
For a Few Dollars More,1965-12-18,37,8.0
Lång-Lasse i Delsbo,1949-10-29,18,6.0
Scent of a Woman,1992-12-23,"18,35",7.8
Dog on Trial,2024-09-11,35,6.3
Requiem for a Dream,2000-10-06,"80,18",8.0
The Island,2005-07-21,"28,53,878,12",6.7
5 Centimeters per Second,2007-03-03,"16,10749,18",7.3
"Legally Blonde 2: Red, White & Blonde",2003-07-02,"35,10749",5.7
Red Rooms,2023-08-11,"80,53,27",7.1
My Grandfather's Demons,2022-09-21,"16,18,14",5.7
V/H/S/Beyond,2024-09-20,"27,878,53",6.7
The Man in the Iron Mask,1998-03-12,"12,28,18",6.6
Open Season,2006-09-27,"16,10751,12,35",6.2
The Taking of Deborah Logan,2014-10-21,"27,9648,53",6.5
Crash,1996-07-17,"53,18",6.4
The Empire Strikes Back,1980-05-20,"12,28,878",8.4
RoboCop,2014-01-30,"878,28,80",5.9
Revolutionary Road,2008-12-19,"18,10749",7.0
The Tree of Life,2011-05-17,"18,14",6.7
Despicable Me 3,2017-06-15,"28,16,35,10751,12",6.5
Noah's Ark,2024-01-05,"16,10402,35,14,10751",6.8
Dredd,2012-09-07,"28,878",6.8
Pokémon the Movie: I Choose You!,2017-07-15,"10751,16,12,14",7.1
Society of the Snow,2023-12-15,"18,36",8.0
Tomb Raider,2018-03-05,"28,12,14",6.4
Ghost,1990-07-13,"14,18,53,9648,10749",7.2
Stand by Me Doraemon,2014-08-08,"16,10751,878,14,12",7.4
Roald Dahl's Matilda the Musical,2022-11-25,"10751,35,14",6.8
Robin Hood: Prince of Thieves,1991-06-14,"28,12,18",6.9
A Star Is Born,2018-10-03,"10402,18,10749",7.5
One Summer of Happiness,1951-12-17,"18,10749",6.5
Aashiqui 2,2013-04-26,"18,10749",6.8
Turbo,2013-07-11,"16,10751",6.2
Escape from the 21st Century,2024-07-18,"878,35,28",6.7
Eden,2025-04-03,"53,18",7.2
Bambi,1942-08-14,"16,18,10751",7.0
The Poughkeepsie Tapes,2007-04-27,"27,9648,80,53",6.6
JFK,1991-12-20,"18,53,36",7.6
Naruto the Movie: Ninja Clash in the Land of Snow,2004-08-21,"35,28,16,12",7.2
Blitz,2011-05-20,"80,28,53",6.2
Thir13en Ghosts,2001-10-26,"27,53",6.3
Forever My Girl,2018-01-26,"10749,18",7.6
The Wandering Earth,2019-02-05,"878,28,18",6.6
The Red Virgin,2024-09-27,"18,36,53",7.1
Kalki 2898-AD,2024-06-26,"18,28,14,878",6.4
Infinity Pool,2023-01-27,"27,878",6.1
TINA,2021-08-20,"99,10402,10770",7.7
Death Race: Beyond Anarchy,2018-10-02,"28,53,878",6.2
Willow,1988-05-20,"14,12,28",7.0
Johnny English,2003-03-14,"12,28,35",6.3
Cuckoo,2024-08-02,"27,9648,53",5.7
Ong Bak,2003-01-21,"28,53,80,12",7.1
The English Patient,1996-11-14,"18,10749,10752",7.2
The Little Things,2021-01-28,"18,80,53",6.3
The Blue Lagoon,1980-07-05,"10749,12",6.2
Skyscraper,2018-07-11,"28,53,12",6.3
Fantastic Mr. Fox,2009-10-23,"12,16,35,10751",7.8
Naruto Shippuden the Movie: Bonds,2008-08-02,"14,16,28",7.3
8 Mile,2002-11-08,"18,10402",7.1
Justice League: Crisis on Infinite Earths Part One,2024-01-08,"16,878,28",7.4
Borbaad,2025-03-31,"28,10749",9.0
A Clockwork Orange,1971-12-19,"878,80",8.2
The Three Musketeers: Milady,2023-12-13,"12,28,18,36",6.4
Mars Attacks!,1996-12-13,"35,14,878",6.4
Y2K,2024-12-06,"35,27,878",5.2
All the Bright Places,2020-02-28,"10749,18",7.6
Long Live the Seal,1982-03-28,35,6.7
He's All That,2021-08-27,"35,10749",6.5
Queen of Hearts,2019-03-27,18,6.9
Tomorrow Never Dies,1997-12-11,"12,28,53",6.4
Deep Blue Sea,1999-07-28,"28,27,878",6.0
New Gods: Nezha Reborn,2021-02-06,"16,14,28",8.1
"Me, Myself & Irene",2000-06-22,35,6.6
Hustlers,2019-09-12,"18,35,80",6.5
The Deliverance,2024-08-16,"27,53",6.1
A Cinderella Story,2004-07-16,"35,10751,10749",6.6
Boss Level,2021-02-19,"28,878,53",6.9
El Apocalipsis de san Juan,2024-10-07,"99,36",7.6
American Beauty,1999-09-15,18,8.0
Johnny English Strikes Again,2018-09-13,"28,12,35",6.3
Overboard,2018-04-13,"10749,35",6.7
Shazam!,2019-03-29,"28,35,14",7.0
Bad Teacher,2011-05-16,35,5.6
Juno,2007-12-05,"35,18,10749",7.1
The Power of the Dog,2021-10-25,"18,37",6.8
Like Stars on Earth,2007-12-21,18,8.0
Like Stars on Earth,2007-12-21,18,8.0
The Human Centipede 2 (Full Sequence),2011-10-06,"18,27,80",4.8
Downhill,2020-02-06,"18,35",5.3
I Spit on Your Grave,2010-06-17,"53,80,27",6.5
Rez Ball,2024-09-08,18,6.6
The Age of Adaline,2015-04-16,"10749,14,18",7.5
Badland Hunters,2024-01-26,"878,28",6.7
Isle of Dogs,2018-03-23,"12,35,16",7.8
Hitman's Wife's Bodyguard,2021-06-14,"28,35,80,53",6.7
Dark Waters,2019-11-22,"18,53",7.5
Exorcism in Utero,2023-05-23,27,5.7
Carl's Date,2023-06-15,"16,12,10751,35",7.5
The Perfect Gentleman,1935-11-22,"35,18",4.5
Problem Child 2,1991-07-03,"35,10751",5.9
The Judge,2014-10-08,18,7.3
Role Play,2023-12-14,"28,35,10749",6.0
Countdown to Eternity,1999-01-01,99,10.0
Polar,2019-01-25,"28,80,18",6.3
Billy Elliot,2000-09-28,"18,35,10402",7.6
Triangle of Sadness,2022-09-18,"35,18",7.1
Lone Survivor,2013-12-24,"10752,28,18",7.4
My Hero Academia: Heroes Rising,2019-12-20,"16,28,14,12",8.2
Love at First Sight,2023-09-15,"10749,18",7.2
The Beast Within,2024-07-22,"27,18,53",6.0
Scary Stories to Tell in the Dark,2019-08-08,"27,12,9648",6.5
Caged No More,2016-01-15,"28,18,53",5.1
Haunted Mansion,2023-07-26,"35,18,14,27",6.5
Family Switch,2023-11-30,"35,14,10751",6.4
The Human Centipede (First Sequence),2009-10-31,27,5.2
WWE: Macho Man - The Randy Savage Story,2014-11-18,99,7.2
Sarkar,2018-11-06,"28,18",5.8
Barbie: Princess Charm School,2011-08-11,"10751,16,14",7.5
Fallen,2016-11-10,"18,14,10749",6.1
Goosebumps 2: Haunted Halloween,2018-10-11,"35,14,27",6.1
The Witch: Part 1. The Subversion,2018-06-27,"28,9648,878",7.9
Ghost in the Shell: S.A.C. 2nd GIG - Individual Eleven,2006-01-27,"16,878",7.6
Magnolia,1999-12-17,18,7.7
The Forever Purge,2021-06-30,"28,27,53",6.9
For Night Will Come,2024-06-05,"18,27",5.3
The Possession of Hannah Grace,2018-11-29,"27,18",5.6
American Pie Presents: The Naked Mile,2006-12-01,35,5.5
Better Days,2019-10-25,"18,80,10749",8.1
Monster,2003-12-24,"80,18",7.2
Ghost Ship,2002-10-25,"27,9648,53",6.0
Sorry to Bother You,2018-07-06,"14,878,35",6.8
The Firm,1993-06-30,"18,9648,53",6.7
Movie 43,2013-01-24,35,4.6
Ballerina,2023-10-05,"28,53",7.0
"As Above, So Below",2014-08-14,"27,53",6.7
Bad Times at the El Royale,2018-10-04,"53,9648,80,18",6.8
Blue Is the Warmest Color,2013-10-09,"10749,18",7.1
Widows,2018-11-06,"80,53,18",6.5
Ad Vitam,2025-01-09,"53,18,80,28",6.3
AVP: Alien vs. Predator,2004-08-12,"12,878,28,27",5.9
Mortal Kombat,1995-08-18,"28,14",5.9
Priest,2011-05-05,"28,14,27,53",5.8
A Tale of Two Sisters,2003-06-13,"18,27,9648",7.1
They Live,1988-11-04,"878,28",7.3
Julie & Julia,2009-08-06,"10749,18",6.7
They Live,1988-11-04,"878,28",7.3
Julie & Julia,2009-08-06,"10749,18",6.7
Shin Godzilla,2016-07-29,"28,878,27",7.2
You Should Have Left,2020-06-18,"27,53",6.0
Freelance,2023-10-05,"28,35",6.4
Rear Window,1954-08-01,"53,9648",8.4
Gods of Egypt,2016-02-25,"28,12,14",5.7
I Am a Hero,2016-04-23,"28,27,18",7.4
Diabolik: Who Are You?,2023-11-30,"80,28,9648,53",6.4
A Good Day to Die Hard,2013-02-06,"28,53",5.3
American Made,2017-08-18,"35,80,18",6.9
Dragon Ball: Yo! Son Goku and His Friends Return!!,2008-09-21,"16,28,12,878,35",6.4
Heavens Above!,1963-05-20,35,6.3
Pleasure or Pain,2013-09-05,"18,53",4.9
Safe,2012-04-16,"28,80,53",6.5
Austin Powers in Goldmember,2002-07-26,"35,80,878",6.0
Frozen,2010-02-05,53,6.0
Tabu,1977-01-28,18,5.0
Last Sentinel,2023-03-17,"878,53",5.4
Another Simple Favor,2025-03-07,"35,80,53",9.1
Air Force One,1997-07-25,"28,53",6.5
Baghead,2023-12-28,27,6.6
Fantastic Four,2015-08-05,"28,12,878",4.4
The Holdovers,2023-10-27,"35,18",7.7
She's Out of My League,2010-03-11,"10749,35",6.5
Tinker Bell and the Great Fairy Rescue,2010-07-29,"16,12,10751,14",6.7
Three Thousand Years of Longing,2022-08-24,"18,14,10749",6.9
Phantom Thread,2017-12-25,"18,10749",7.3
Detective Conan: The Phantom of Baker Street,2002-04-20,"16,12,9648",7.7
The Hitchhiker's Guide to the Galaxy,2005-04-28,"12,35,878",6.7
Chaos: The Manson Murders,2025-03-06,"99,80",6.2
Lincoln,2012-11-09,"36,18",6.9
Pompeii,2014-02-18,"28,12,36,10749,18",5.5
The Nutcracker and the Four Realms,2018-10-26,"14,12,10751",6.1
The French Dispatch,2021-10-21,"18,35",7.0
Arunachalam,1997-04-10,"28,18,35",7.3
There's Something About Mary,1998-07-15,"10749,35",6.6
Evil Dead,2013-04-05,27,6.6
Beating Hearts,2024-10-16,"80,18,10749",7.3
The Courier,2024-01-19,"53,80",6.5
Life As We Know It,2010-10-02,"35,10749,18",6.9
Lord of War,2005-09-16,"80,18,53",7.3
The Spy Who Loved Me,1977-07-07,"12,28,53",6.8
The Flintstones,1994-05-27,"14,35,10751",5.3
Perfume: The Story of a Murderer,2006-09-13,"80,14,18",7.4
Cloud Atlas,2012-10-26,"18,878",6.9
Jeepers Creepers 3,2017-09-26,"27,9648,53",4.9
The Marksman,2021-01-15,"28,18,53",6.8
Batman Returns,1992-06-19,"28,14",6.9
The Sinners,2020-03-01,"27,53",4.7
Transporter 2,2005-08-03,"28,53,80",6.3
American Pie Presents: The Book of Love,2009-12-07,35,5.3
Blood Diamond,2006-12-08,"18,53,28",7.5
Hot Shots!,1991-07-31,"28,35,10752",6.6
The Good Half,2024-07-23,"35,18",5.9
"Planes, Trains and Automobiles",1987-11-26,35,7.2
Happy Gilmore,1996-02-16,35,6.6
The Spectacular Now,2013-08-02,"35,18,10749",6.7
The Mule,2018-12-14,"80,18",6.9
Gifted Hands: The Ben Carson Story,2009-02-07,18,7.8
Demolition Man,1993-10-08,"80,28,878",6.7
Hotel Mumbai,2019-03-14,"53,36,18,28",7.5
Babe,1995-07-18,"14,18,35,10751",6.2
Jason Bourne,2016-07-27,"28,53",6.4
Forgotten,2017-11-29,"53,9648,80",7.9
The Temptation of Kimono,2009-03-27,"18,10749",5.8
Benedetta,2021-07-09,"36,18,10749",6.6
The Last Dance,2024-11-09,18,7.8
Mystic River,2003-10-07,"53,80,18,9648",7.7
A Delicious Flight,2015-11-01,10749,4.3
Once Upon a Time in America,1984-05-23,"18,80",8.4
Groper Train: Touch That Girl,1988-01-30,,2.0
Shaolin Soccer,2001-07-05,"28,35",7.1
Guinea Pig: Devil's Experiment,1985-09-04,27,4.8
GoldenEye,1995-11-16,"12,28,53",6.9
The Girl with the Dragon Tattoo,2009-02-27,"18,53,80,9648",7.5
The Killer,2023-10-25,"80,53",6.6
Curse of the Seven Seas,2024-11-07,"27,53",6.0
Kuroko's Basketball the Movie: Last Game,2017-03-18,"16,35",7.7
The Scorpion King,2002-04-18,"28,12,14,18",5.6
Charlotte's Web,2006-12-07,"35,10751,14",6.2
Naruto Shippuden the Movie: The Will of Fire,2009-08-01,"28,12,35,18,14,16",7.3
The Voyeur,1994-01-27,"18,10749",5.5
The Other Guys,2010-08-06,"28,35,80,53",6.3
Thanksgiving,2023-11-16,"27,53,9648,35",6.5
Kleks Academy,2024-01-05,"14,12,10751",6.1
The Blind Side,2009-11-20,18,7.7
"Paris, Texas",1984-07-16,18,8.1
Death Becomes Her,1992-07-30,"35,14,27",6.8
The Last Boy Scout,1991-12-13,"28,53",6.8
Eraser,1996-06-21,"28,18,9648,53",6.1
Swingers,2002-10-01,"10749,18",5.8
Bird Box,2018-12-13,"27,53,18",6.8
Naked Gun 33⅓: The Final Insult,1994-03-18,"35,80",6.5
To Catch a Killer,2023-04-06,"53,80,18",6.9
Arthur and the Invisibles,2006-12-13,"12,14,16,10751",6.4
Le 3615 ne répond plus,2022-09-21,"99,10770",8.0
Wonder Woman 1984,2020-12-16,"28,12,14",6.4
You've Got Mail,1998-12-18,"35,10749",6.7
The Map of Tiny Perfect Things,2021-02-12,"14,10749",7.1
Now You See Me 2,2016-06-02,"80,53,28,9648",6.8
The Iron Giant,1999-08-06,"16,10751,878,12",7.9
White Bird,2023-10-25,18,7.9
Push! Push!,1997-05-31,35,6.0
Hustle,2022-06-03,"18,35",7.7
Hidden Strike,2023-07-06,"28,35,53",6.9
Violet,2025-04-15,"18,10749",6.8
Lady and the Tramp,1955-06-22,"10751,16,10749",7.1
Hope,2013-10-02,18,8.4
Watcher,2022-06-03,"27,9648,53",6.5
Austin Powers: International Man of Mystery,1997-05-02,"878,35,80",6.6
Straight Outta Compton,2015-08-11,"18,10402,36",7.8
Big Momma's House,2000-05-31,"80,35",5.8
West Side Story,2021-12-08,"18,10749,80",7.0
Who Is Luigi Mangione?,2025-02-17,99,5.9
Descendants 2,2017-07-21,"10751,14,10770,12,10402",7.3
Baki Hanma VS Kengan Ashura,2024-06-05,"16,28,14",7.5
Rippy,2024-10-25,"27,9648",4.5
War Room,2015-08-28,18,7.8
Cube,1997-12-10,"53,878,9648",6.8
Solomon and Sheba,1959-12-18,"36,10749",6.4
The Call,2020-11-23,"53,9648,878",7.5
Dragon Ball Z: Wrath of the Dragon,1995-07-15,"16,28,878",7.3
Sex Tape,2014-07-17,35,5.4
Casper,1995-05-26,"14,35,10751",6.3
Suspiria,2018-10-26,"27,9648,18",6.9
Tucker and Dale vs. Evil,2010-01-22,"35,27",7.4
3 Days in Malay,2023-08-11,"28,12,10752",4.9
Casablanca,1943-01-15,"18,10749",8.2
Prince of Persia: The Sands of Time,2010-05-19,"12,14,28",6.3
The Bone Collector,1999-11-04,"18,9648,53,80",6.8
Much Loved,2015-06-26,18,6.0
Dragon Ball Z: Fusion Reborn,1995-03-04,"16,28,14,878",7.5
Little Miss Sunshine,2006-07-26,"35,18",7.7
I Am Dragon,2015-12-03,"14,10749",7.2
Stan & Ollie,2018-12-28,"35,18",7.0
Doctor Sleep,2019-10-30,"27,14",7.1
Woman Temptation,1982-01-01,18,5.4
Dr. No,1962-10-07,"12,28,53",7.0
Detective Conan: The Lost Ship in the Sky,2010-04-17,"16,80,9648,28",7.1
Case Closed: The Million-Dollar Pentagram,2024-04-12,"16,80,9648,28",7.1
The New Mutants,2020-04-02,"878,27,28",6.1
Underworld: Evolution,2006-01-12,"14,28,53",6.6
Empire of Lust,2015-03-05,"10749,18,36",6.9
By the Stream,2024-09-18,18,6.5
The Patriot,2000-06-28,"18,36,10752,28",7.2
Chinatown,1974-06-20,"80,18,9648,53",7.9
Homecoming,2005-12-02,"53,27,10770",5.8
Dora and the Lost City of Gold,2019-08-08,"10751,35,12",6.6
The Key,1983-10-19,"18,10749",6.0
Honeymoon Crasher,2025-02-11,35,5.5
Oldboy,2013-11-14,"18,53,9648,28",5.9
Uri: The Surgical Strike,2019-01-11,"28,18,10752",7.0
Katt Williams: Woke Foke,2024-05-04,35,5.2
Teen Wolf,1985-08-23,"35,14,10749",6.2
Poltergeist,1982-06-04,27,7.1
The Banshees of Inisherin,2022-10-20,"18,35",7.5
God's Not Dead 2,2016-04-01,18,6.1
HAIKYU!! The Dumpster Battle,2024-02-16,"16,35",7.6
Cowboys & Aliens,2011-07-29,"28,878,53,37",5.6
The Well,2024-08-01,27,5.7
Shot Caller,2017-07-13,"80,18,53",7.0
The Living Daylights,1987-06-29,"28,12,53",6.5
Emmanuelle 7,1993-09-19,"18,878",5.4
The Blues Brothers,1980-06-16,"10402,35,28,80",7.7
Burnt,2015-10-02,18,6.5
Here,2024-10-30,18,6.7
Close,2022-11-01,18,7.8
Klaus,2019-11-08,"16,10751,12,35,14",8.2
Cinderella,2021-09-03,"14,10749,35",6.4
Kandahar,2023-05-25,"28,53",6.8
Ocean's Twelve,2004-12-09,"53,80",6.6
Breakthrough,2019-04-10,18,7.6
The Lion King at the Hollywood Bowl,2025-02-06,10402,6.9
Hairspray,2007-07-19,"35,10749,18",6.7
The Cure,2020-05-15,28,7.3
Good Boy,2022-06-03,"27,53",6.4
The Assassination of Jesse James by the Coward Robert Ford,2007-09-20,"18,37",7.0
Bridge of Spies,2015-10-15,"53,18",7.2
Species,1995-07-07,"878,27,28",6.0
The Contractor,2022-03-10,"28,53",6.4
The Strip,1951-08-31,"80,18,10402",5.7
Philadelphia,1993-12-22,18,7.7
Asterix & Obelix: Mission Cleopatra,2002-01-30,"10751,14,35,12",7.4
"Big Mommas: Like Father, Like Son",2011-02-16,"80,35,28",5.5
Emma.,2020-02-13,"35,10749",7.0
The Road,2009-11-25,"12,18",7.0
American Assassin,2017-09-14,"28,12,53",6.4
The Adjustment Bureau,2011-03-03,"878,53,10749",6.8
Ghost in the Shell,2017-03-29,"878,18,28",6.1
Playing with the Kids,2024-06-13,"35,28",7.5
Las corredoras,2024-05-23,35,7.0
Escape Plan,2013-10-09,"28,53",6.7
Groundhog Day,1993-02-11,"10749,14,18,35",7.6
Caddo Lake,2024-11-28,"18,9648,878,53",7.3
Countdown,2019-10-24,"27,53",6.2
The Fighter,2010-12-10,18,7.4
Excitation au soleil,1978-03-22,,2.5
I Spit on Your Grave III: Vengeance Is Mine,2015-10-01,"27,53",5.8
Romance,1999-04-14,"18,10749",5.5
Norma: Antara Mertua dan Menantu,2025-03-31,"18,10749",5.8
The Guardian,2006-09-28,"28,18",7.1
4 mois sur ma biosphère,2021-10-28,99,6.0
Cobweb,2023-07-19,27,6.5
American Pie Presents: Band Camp,2005-10-31,35,5.5
Naruto Shippuden the Movie: Blood Prison,2011-07-30,"53,16,28,35,27,9648",7.2
The Florida Project,2017-10-06,18,7.4
Undisputed II: Last Man Standing,2006-04-11,"28,80,53,18",7.3
Sons,2024-07-10,"18,53",6.8
A Haunted House,2013-01-11,"35,27",5.9
Hypnotic,2023-05-11,"9648,53,878,28",6.2
The Old Guard,2020-07-10,"28,14",7.1
First Blood,1982-10-22,"28,12,53,10752",7.5
Ride Along 2,2016-01-14,"28,35",6.2
The Devil All the Time,2020-09-11,"80,18,53",7.2
Sharper,2023-02-10,"53,80,18",6.9
Santa Isn't Real,2023-12-08,27,6.7
The Lives of Others,2006-03-23,"18,53",8.0
Screamboat,2025-03-20,"27,35",4.3
The BFG,2016-06-01,"12,10751,14",6.3
Fireproof,2008-09-26,"18,10749",7.7
Luther,2003-10-29,"18,36",6.4
Booksmart,2019-05-24,35,7.0
Dark Nuns,2025-01-24,"53,27,9648,18",6.3
The Road to El Dorado,2000-03-31,"10751,12,16,35,14",7.2
Mirrors,2008-08-15,"27,9648",6.3
47 Meters Down: Uncaged,2019-08-15,27,5.7
Trolls,2016-10-13,"10751,16,14,12,35,10402",6.6
The Village,2004-07-30,"18,9648,53",6.5
The Magnificent Seven,1960-10-12,"37,28,12",7.5
One World: Together at Home,2020-04-18,"10402,99",7.0
King Arthur,2004-07-07,"12,10752,36,28,18",6.3
WWE WrestleMania 41: Sunday,2025-04-20,,6.2
The Color Purple,2023-12-25,18,7.1
Assassin's Creed,2016-12-21,"28,12,878",5.4
Orion and the Dark,2024-02-01,"16,10751,35,14,9648",6.6
Nanny McPhee,2005-10-21,"14,35,10751",6.7
Burning Betrayal,2023-10-25,"18,9648,10749",6.3
Irina Palm,2007-02-13,18,6.9
Miller's Girl,2024-01-18,"53,35,18",6.4
KONOSUBA – God's blessing on this wonderful world! Legend of Crimson,2019-08-30,"16,12,35,14",8.1
G.I. Joe: The Rise of Cobra,2009-08-03,"12,28,53,878",5.8
Bag of Lies,2024-03-29,"27,53",5.6
Atlantis: The Lost Empire,2001-06-02,"16,10751,12,878",7.0
Amityville: Where the Echo Lives,2024-10-28,"27,9648",5.3
Women's Prison Massacre,1983-05-06,"28,80,27",4.6
Double Impact,1991-07-31,"53,28,80,18",6.2
Survivor,2015-05-21,"28,80,9648,53",5.7
Barbarian,2022-09-08,"27,9648",6.8
Roman Holiday,1953-08-26,"10749,35,18",7.9
The Front Room,2024-09-05,27,5.2
Spy,2015-05-06,"28,35,80",6.8
The Sword in the Stone,1963-12-25,"16,10751,14",7.2
Wicked Minds,2003-03-01,"9648,18,10749,53",6.3
The Unholy,2021-03-31,"27,9648",6.6
Le Clitoris,2016-06-18,"16,99",6.8
The Legend of Tarzan,2016-06-29,"14,28,12",5.9
Extinction,2018-07-15,"28,18,878,53",6.0
Malignant,2021-09-01,"27,9648",6.8
House of Wax,2005-05-05,"9648,27,53",6.0
Pocahontas,1995-06-14,"12,16,10751,10749",6.9
Female Ninjas Magic Chronicles 2: Secret of the Christian Bells,1992-08-21,28,7.0
Nerve,2016-06-27,"9648,12,80",7.0
Don't Worry Darling,2022-09-21,"9648,27,53",6.8
Samson,2018-02-16,"28,18,12",5.8
Sting,2024-04-12,"27,878,53",6.3
Peninsula,2020-07-15,"27,28,53,12",6.7
The Hollywood Revue of 1929,1929-11-23,"35,10402",5.7
Unhinged,2020-07-16,"28,53,27",6.4
Hotel Transylvania 2,2015-09-21,"16,35,10751,14",6.8
Spies in Disguise,2019-12-04,"16,28,12,35,10751",7.6
Bound,1996-09-13,"18,53,80",7.2
This Is 40,2012-12-20,35,5.9
Rocky Balboa,2006-12-20,18,6.9
Erotic Ghost Story III,1992-03-05,"27,18,14",5.5
Alvin and the Chipmunks: Chipwrecked,2011-12-14,"35,14,10751,10402,16",5.7
From Russia with Love,1963-10-10,"28,53,12",7.1
Scott Pilgrim vs. the World,2010-08-12,"28,35,10749",7.5
Silent Hill: Revelation 3D,2012-10-10,"53,27,9648",5.5
Meet the Spartans,2008-01-24,"35,14",4.1
The Commuter,2018-01-11,"28,53,9648",6.4
The Craft,1996-05-03,"27,18,14",6.8
Left Behind,2014-10-03,"53,28,878",4.3
Urban Myths,2022-04-27,"27,14",6.1
The Hungry Wolf,1942-02-21,"16,10751",10.0
Code 8 Part II,2024-02-27,"878,28,80",6.4
Master and Commander: The Far Side of the World,2003-11-14,"12,18,10752",7.2
The Last Voyage of the Demeter,2023-08-09,"14,27,53",6.8
The Lone Ranger,2013-07-03,"28,12,37",6.1
Daddy's Home 2,2017-11-09,35,6.3
The Human Centipede 3 (Final Sequence),2015-05-22,27,3.7
Purpose of Reunion,2015-08-06,"10749,18",5.3
The Specialist,1994-10-07,"28,53",5.9
Sweet Sex,2017-07-06,"10749,18",7.0
Big World,2024-12-27,"18,10751",7.7
Harriet,2019-11-01,"18,36",7.3
Close Encounters of the Third Kind,1977-12-14,"878,18",7.3
A Ghost Story,2017-04-24,"18,14,9648,10749",7.1
Bad Moms,2016-07-28,35,6.5
Total Recall,2012-08-02,"28,878,53",6.0
Coma,2020-01-01,"878,12,28",6.4
Creep,2014-06-23,"27,53",6.4
Doctor Dolittle,1998-06-26,"35,10751,14",5.7
Get Shorty,1995-10-20,"35,53,80",6.5
War,2007-08-24,"28,80,53",6.4
Basic Instinct 2,2006-03-29,"80,9648,53",5.0
Why Him?,2016-12-22,35,6.4
Raqqa: Spy vs. Spy,2024-11-22,53,6.1
Singin' in the Rain,1952-04-09,"35,10749",8.1
Who Am I,2014-09-25,53,7.6
Jolt,2021-07-15,"28,53",6.5
1978,2024-10-16,"27,53,18",5.6
The Vault,2021-03-04,"18,28,53",6.8
Cold Pursuit,2019-02-07,"28,80,53,35,18",5.8
The Love Scam,2025-01-01,"35,10749",6.4
Elon Musk: The Real Life Iron Man,2018-12-04,99,5.6
City of Angels,1998-04-10,"10749,18,14",6.8
The Lego Batman Movie,2017-02-08,"16,28,35,10751",7.2
Easy Virtue,1928-04-01,"10749,18",5.2
Battle for the Western Front,2022-10-06,10752,6.1
Mad Max 2,1981-12-24,"12,28,53,878",7.4
What to Expect When You're Expecting,2012-05-17,"10749,35,18",6.0
Death Race 2,2010-11-12,"28,53,878",5.8
Kitty Cleans Up,1949-01-01,10751,2.8
Fallen,1998-01-16,"80,18,53",6.8
One Life,2023-12-21,"36,18",7.8
All the President's Men,1976-04-09,"18,36,9648,53",7.6
Werewolf by Night,2022-09-25,"28,14,27",7.0
Monster Hunter,2020-12-03,"28,14,12",6.6
The Angry Birds Movie,2016-05-11,"16,12,35,10751",6.2
Rockman.EXE: The Program of Light and Darkness,2005-01-01,"878,16,28",4.2
Unlocked,2017-04-27,"28,53",6.3
The World of Buckminster Fuller,1974-06-21,99,7.0
Awake,2007-11-28,"53,80,9648",6.5
The Last Showgirl,2024-12-13,18,6.6
Prey for the Devil,2022-10-23,"27,53",6.9
Mary Poppins Returns,2018-12-13,"14,10751,35",6.5
Daddy's Head,2024-10-10,27,6.1
Little Fockers,2010-12-21,"35,10749",5.6
Big Brother,2007-04-13,"28,80,18",4.9
The Trial of the Chicago 7,2020-09-25,"18,36",7.7
Sosyal Climbers,2025-02-26,"10749,35",5.6
The Adam Project,2022-03-11,"12,878",7.0
The Guardians of the Galaxy Holiday Special,2022-11-24,"35,878,12",7.1
The Hunchback of Notre Dame,1996-06-21,"18,16,10751",7.1
Eden Lake,2008-09-12,"27,53",6.8
Stepfather 2,1989-11-03,"27,53",5.5
Patriots Day,2016-12-12,"28,80,18,36,53",7.1
The Outpost,2020-06-24,"10752,18,36,28",6.9
"McFarland, USA",2015-02-20,"18,10751",7.5
Return of the Jedi,1983-05-25,"12,28,878",7.9
Vikings: Battle of Heirs,2023-04-28,28,6.0
Spaceman,2024-02-23,"878,12,18",6.7
Anchorman: The Legend of Ron Burgundy,2004-06-28,35,6.7
Going in Style,2017-04-06,"80,35",6.7
God's Not Dead,2014-03-21,18,6.0
Evil Dead II,1987-03-13,"27,35,14",7.5
Instant Family,2018-11-13,"35,18",7.5
Just Like Heaven,2005-09-16,"18,35,10749,14",7.0
Prison Break: The Final Break,2009-09-10,"28,18,53",7.5
Crawl,2019-07-11,"27,53",6.3
ParaNorman,2012-08-03,"10751,16,12,35",7.0
The Gift,2000-03-16,"27,18,53,9648",6.5
Alive,1993-01-15,"12,18,36",6.9
Darkness of Man,2024-05-07,"28,80,53",6.5
Hellraiser,1987-09-11,"27,53,14",6.9
Mr. District Attorney,1947-02-20,80,6.5
Miller's Crossing,1990-09-21,"18,53,80",7.5
Peter Pan,2003-12-18,"12,14,10751",7.1
Chungking Express,1994-07-14,"18,35,10749",8.0
Burlesque,2010-11-23,"18,10749",7.2
Another Round,2020-09-24,"35,18",7.6
Hope Floats,1998-05-29,"10749,18,35",6.4
Riddick,2013-09-02,"878,28,53",6.3
Our Little Secret,2024-11-27,"10749,35,18",6.3
Belyas,2025-02-07,18,7.0
Johnny English Reborn,2011-09-15,"80,28,35",6.2
The Trapped 13: How We Survived The Thai Cave,2022-10-05,99,6.3
The Brothers Grimm,2005-08-26,"12,14,28,35,53",5.8
Stardust,2007-08-10,"12,14,10749,10751",7.3
Mr. District Attorney,1941-03-27,"35,80",6.2
Nurse 3-D,2013-09-28,"27,53",5.3
Silent Zone,2025-03-07,"27,53",7.0
Hollow Man,2000-08-04,"28,878,53",5.9
Dumbo,2019-03-27,"10751,14,12",6.6
Legion,2010-01-21,"27,28,14",5.9
A Walk in the Clouds,1995-05-27,"18,10749",7.3
Dawn of the Dead,1978-09-02,27,7.5
Teen Titans Go! To the Movies,2018-07-27,"16,28,35,878",7.2
Lady Bird,2017-09-01,"18,35",7.3
Naruto the Movie: Guardians of the Crescent Moon Kingdom,2006-08-05,"12,16,28",7.1
Crank: High Voltage,2009-04-16,"28,53,80",6.1
The Collector,2009-07-09,"27,53",6.6
57 Seconds,2023-09-29,"53,878,28",6.1
Equilibrium,2002-12-06,"28,878,53",7.0
Cabrini,2024-03-07,"36,18",7.9
Hacking Democracy,2006-11-02,"99,80",7.5
The Little Hours,2017-06-30,35,5.9
After.Life,2009-11-07,"18,27,9648,53",6.3
Komang,2025-03-31,"18,10749",7.3
Cold Feet,2018-11-21,35,6.7
Sixty Minutes,2024-01-19,"28,12,80,18,53",6.8
The Man Who Makes the Difference,1968-01-01,99,6.0
The Man from Nowhere,2010-08-04,"28,53,80",7.7
Colossal,2017-04-06,"18,14,878",6.3
Southpaw,2015-03-24,"28,18",7.4
Penis Poetry,2017-01-08,99,4.8
Battle Royale,2000-12-16,"18,53,28",7.3
Kirkastettu sydän,1943-12-18,"18,10752",4.8
Take Shelter,2011-09-30,"53,18,27",7.0
Priscilla,2023-10-27,"18,10749",6.8
Unknown,2011-02-16,"28,9648,53",6.7
The Thomas Crown Affair,1999-08-06,"18,80,10749",6.7
Poseidon,2006-05-03,"12,28,18,53",5.9
The Lover,1992-01-22,"18,10749",7.0
Ace Ventura: When Nature Calls,1995-11-10,"80,35,12",6.3
Violet Evergarden: The Movie,2020-09-18,"16,14,10749,18",8.3
Brotherhood of the Wolf,2001-01-31,"12,27,28,36",6.7
Pushpa - The Rise,2021-12-16,"28,18,53",7.0
The Mummy,2017-06-06,"14,53,28,12,27",5.5
Making Squid Game: The Challenge,2023-12-06,99,7.2
To Be Twenty,1978-07-14,35,5.8
Batman: Under the Red Hood,2010-07-27,"9648,80,16",7.7
EverAfter,1998-07-31,"18,10749,35",7.4
Lake Mungo,2009-07-30,"27,53",6.2
"Problem Children Are Coming from Another World, Aren't They?: Hot Springs Romantic Journey",2013-07-20,,9.0
Wicked Little Letters,2024-02-23,"35,18,9648",6.9
Gulliver's Travels,2010-12-23,"10751,35,12,14",5.2
Dumbo,1941-10-31,"16,10751",7.0
Demon Slayer: Kimetsu no Yaiba - Sibling's Bond,2019-03-29,"16,28,14,53",7.9
The Endless,2017-11-05,"878,27,53",6.3
Lemony Snicket's A Series of Unfortunate Events,2004-12-16,"12,35,10751",6.8
Scarlet Innocence,2014-10-02,"53,18,10749",6.3
Gremlins 2: The New Batch,1990-06-15,"35,27,14",6.5
Double Blind,2024-02-09,"878,27,53",5.9
Justice League: Crisis on Infinite Earths Part Three,2024-07-15,"16,878,28",7.3
人妻セックス地獄,1974-03-16,,5.5
My Friend's Mom,2016-10-12,10749,4.3
Incoming,2024-08-22,35,6.2
American Pie 2,2001-08-10,"35,10749",6.2
Pornocracy: The New Sex Multinationals,2017-03-12,99,6.7
Resident Evil: Vendetta,2017-05-27,"16,27,12,28,878",6.9
Happy Death Day 2U,2019-02-13,"35,27,878",6.3
Bridget Jones's Baby,2016-09-14,"18,35,10749",6.4
Dangerous Minds,1995-08-11,18,7.0
The Big Lebowski,1998-03-06,"35,80",7.8
Dangal,2016-12-21,"18,10751,35",7.9
The Bikeriders,2024-06-19,"80,18",6.7
Two Weeks Notice,2002-12-19,"10749,35",6.4
The Thing,2011-10-12,"27,878,9648",6.2
Swordfish,2001-06-08,"28,80,53",6.2
Nanny McPhee and the Big Bang,2010-03-26,"35,14,10751",6.3
The Way of the Dragon,1972-12-30,"28,80",7.4
This Means War,2012-02-14,"28,35,10749",6.2
Serpico,1973-12-18,"80,18",7.5
Nurse on Wheels,1963-01-03,"35,10749",5.7
Money Monster,2016-05-12,"53,18",6.4
"10,000 BC",2008-03-04,"12,28,18,14",5.5
The Chambermaid,2019-03-25,18,6.5
Good Boys,2019-08-14,35,6.9
Evangelion: 3.0 You Can (Not) Redo,2012-11-17,"16,878,28,18",7.2
Moonrise Kingdom,2012-05-16,"35,18,10749",7.7
The Family Star,2024-04-04,"10751,10749,35,18,28",4.5
The Way Back,2010-11-22,"18,12,36",7.0
Fighting with My Family,2019-02-14,35,6.9
Lionheart,1990-06-07,28,6.5
The Skeleton Key,2005-07-29,"18,27,9648,53",6.6
Kiss the Girls,1997-09-29,"53,80,9648,18",6.5
The Bridges of Madison County,1995-06-02,"18,10749",7.7
Mirage,2018-11-30,"53,18,9648,14",7.5
The Holiday,2006-12-05,"35,10749",7.1
Home,2015-03-18,"14,35,16,878,10751",6.8
His House,2020-01-27,"18,27",6.4
Will & Harper,2024-09-12,"99,35",7.4
IPDENTICAL: Imagine a world without creativity,2018-05-29,878,5.5
Death Before the Wedding,2025-02-11,"35,10749",5.0
Tower Heist,2011-11-02,"28,35",6.1
Jane Eyre,2011-03-11,"18,10749",7.2
Crank,2006-08-31,"28,53,80",6.6
Detachment,2011-04-24,18,7.6
The Vow,2012-02-05,"18,10749",7.2
One Hundred and One Dalmatians,1961-01-25,"12,16,35,10751",7.2
Possessor,2020-10-02,"27,53,878",6.4
The Spy Who Dumped Me,2018-08-02,"35,28,12",6.4
Minions,2015-06-17,"10751,16,12,35",6.4
Hackers,1995-09-14,"28,80,53,18",6.4
Upside-Down Magic,2020-07-31,"14,10751,10770",7.1
My Little Pony: The Movie,2017-10-05,"10751,16,12,14",7.2
Burn After Reading,2008-09-05,"35,18",6.7
Captain Fantastic,2016-07-08,"12,18",7.9
I Came By,2022-08-19,"80,53",6.3
Hitman,2007-11-21,"28,53,18",6.1
Licorice Pizza,2021-11-26,"18,35,10749",7.0
The Greatest Beer Run Ever,2022-09-23,"18,35,10752",7.6
Seventh Son,2014-12-12,"12,14",5.5
The Bucket List,2007-12-25,"18,35",7.2
The Time Traveler's Wife,2009-08-14,"18,10749,14",6.9
The Ninth Gate,1999-08-25,"9648,53,27",6.5
Exposé,1976-03-01,"53,27",5.1
How High,2001-12-21,35,6.3
Sword Art Online the Movie – Progressive – Scherzo of Deep Night,2022-10-22,"16,28,14,878",7.7
The Return of the Living Dead,1985-04-25,"27,35,878",7.2
The Bourne Ultimatum,2007-08-03,"28,18,9648,53",7.4
The Grey,2012-01-26,"28,12,18,53",6.6
Uncle Drew,2018-06-27,35,6.7
Uncle Drew,2018-06-27,35,6.7
The Retirement Plan,2023-08-24,"28,35,80",6.1
Bodies Bodies Bodies,2022-08-05,"27,35,9648,53",6.2
"The Boy, the Mole, the Fox and the Horse",2022-12-25,"16,10751,12,14",8.2
Rhubarb,1970-04-03,35,5.5
Rio 2,2014-03-19,"16,12,35,10751",6.5
The Disaster Artist,2017-03-12,"35,18",7.1
"No manches, Frida 2: paraíso destruido",2019-03-15,35,7.9
Mortal Kombat Legends: Battle of the Realms,2021-08-30,"16,28,14",7.6
Ad Astra,2019-09-17,"878,18",6.1
Ricky Stanicky,2024-03-07,35,6.5
Fast Charlie,2023-12-08,"28,80,18",6.2
Annie Hall,1977-04-19,"35,18,10749",7.7
Beverly Hills Cop II,1987-05-18,"28,35,80",6.5
Float,2024-02-09,"10749,18",6.8
National Treasure,2004-11-19,"12,28,53,9648",6.6
The Smile of the Fox,1992-05-23,53,5.5
The Smurfs 2,2013-07-30,"14,10751,35,16",5.7
Die Hard: With a Vengeance,1995-05-19,"28,53",7.3
Con Air,1997-06-05,"28,53,80",6.8
To Kill a Mockingbird,1962-12-20,18,8.0
Night of the Living Dead,1968-10-04,"27,53",7.6
Blast from the Past,1999-02-12,"18,10749,35",6.8
MR-9: Do or Die,2023-08-25,"28,18,53",6.5
The Wonderful Story of Henry Sugar,2023-09-20,"35,14,12",7.2
The Deep End of the Ocean,1999-03-12,"18,9648",6.5
Borat Subsequent Moviefilm,2020-10-23,35,6.4
Thanatomorphose,2012-10-04,27,5.8
Garfield: A Tail of Two Kitties,2006-06-15,"35,10751,12",5.6
Stargate,1994-10-28,"28,12,878",7.0
Jeepers Creepers 2,2003-08-08,"27,53",6.1
Carlito's Way,1993-11-10,"80,18,53",7.8
Superman II,1980-12-12,"878,28,12",6.7
Sexual Chronicles of a French Family,2012-05-09,"35,18,10749",5.4
Lola's Secret,1984-05-04,"18,35",7.2
Birder,2023-08-11,"53,18",3.2
Sri Asih,2022-11-17,"28,12,878,14,18",6.5
Knowing,2009-03-19,"28,9648,878,53",6.2
Red Riding Hood,2011-03-10,"53,18,14,9648,27",6.0
Blonde Squad,2014-11-19,28,6.0
Working Man,2019-02-02,18,7.7
Inheritance,2020-04-30,"18,9648,53",6.3
End of Watch,2012-09-20,"80,18,53",7.3
Friday the 13th Part III,1982-08-13,"27,53",5.9
Alpha,2018-08-17,"12,18",6.5
The Invitation,2016-04-08,"53,27",6.4
Thelma & Louise,1991-05-24,"18,53,80,12",7.6
The X-Files,1998-06-19,"9648,878,53",6.9
Maquia: When the Promised Flower Blooms,2018-02-24,"16,14,18,12",8.2
Night of the Zoopocalypse,2025-01-23,"16,35,12,878,27",5.9
Pitch Perfect,2012-09-28,"35,10402,10749",7.3
Last Night in Soho,2021-10-21,"27,9648",7.3
All the Money in the World,2017-12-21,"80,36,53",6.5
Deepwater Horizon,2016-09-28,"18,28",6.9
The Mistress,2023-07-28,"27,53",5.0
Over the Top,1987-02-13,"28,18",6.4
Outlaw King,2018-09-06,"28,36,10752",6.8
Last Stop: Rocafort St.,2024-08-30,"27,9648",5.4
Jules,2023-08-10,"35,878,18",7.2
The Secret Garden,2020-07-08,"10751,14,18",6.3
The Mortal Instruments: City of Bones,2013-08-21,"14,28,9648",6.4
Drive Angry,2011-02-24,"14,53,28,80",5.5
The Aristocats,1970-12-24,"16,35,10751,12",7.3
Cherry,2021-02-26,"18,80",7.3
Mega Man X: The Day of Sigma,2005-12-15,"16,28,878",9.5
The Great Man Votes,1939-01-13,"18,35",6.1
Smallfoot,2018-09-20,"10751,16,12,14,35",6.8
True Lies,1994-07-15,"28,53",7.1
Bad Sister,2015-08-24,"53,10770",6.6
Escape from Alcatraz,1979-06-22,"18,53",7.5
Dr. Strangelove or: How I Learned to Stop Worrying and Love the Bomb,1964-01-29,"35,10752",8.1
Abraham Lincoln: Vampire Hunter,2012-06-20,"28,14,27",5.8
Munich,2005-12-23,"18,28,36,53",7.1
Squid Game: Fireplace,2024-12-12,,6.2
Ocean's Thirteen,2007-06-05,"80,53",6.7
Your Name Engraved Herein,2020-09-30,"10749,18",7.9
Bonnie and Clyde,1967-08-13,"80,18",7.5
Focus,2015-02-25,"10749,35,80",6.9
Frankenweenie,2012-10-04,"16,35,10751",7.0
Frankenweenie,2012-10-04,"16,35,10751",7.0
The Orphanage,2007-05-20,"27,18,53",7.2
What Happens in Vegas,2008-05-07,"35,10749",6.1
The Purge: Anarchy,2014-07-17,"27,53",6.6
The Book of Life,2014-10-01,"16,12,35,10751,14",7.5
Believe Me: The Abduction of Lisa McVey,2018-09-30,"18,10770,80",8.1
The Deep Dark,2023-11-15,"12,27,18",5.7
The Third Man,1949-08-31,"53,9648",7.9
1992,2024-08-29,"80,53,28",6.8
Flies,2023-10-06,53,6.1
Lawless,2012-08-29,"80,18,37",7.1
Ouija: Origin of Evil,2016-10-20,27,6.1
Antichrist,2009-05-20,"18,27,53",6.6
Nineteen Eighty-Four,1984-11-09,"18,878",6.8
An American Werewolf in London,1981-08-21,"35,27",7.4
The Woman in the Window,2021-05-13,"80,9648,53",6.0
I Care a Lot,2021-02-19,"80,53,18",6.6
Just Mercy,2019-12-25,"18,80,36",7.9
Elektra,2005-01-13,"28,14,12",5.0
The Evil Dead,1981-09-10,27,7.3
Rough Night,2017-06-15,"18,35",5.7
Alienoid: Return to the Future,2024-01-10,"28,14,12",6.6
Striptease,1996-06-28,"35,80,18",5.5
Clean,2022-09-15,99,7.8
Dumb and Dumber To,2014-11-12,35,5.6
Dinosaur,2000-05-19,"16,10751,12",6.5
"Synecdoche, New York",2008-10-24,18,7.5
Pangolin: Kulu's Journey,2025-04-21,99,9.5
The Spirit of Love,1993-04-17,"10749,27",4.0
Gandhi,1982-12-01,"18,36",7.6
Asteroid City,2023-06-08,"35,18",6.5
Incontri proibiti,1998-09-24,"18,35",5.1
One Piece Film: GOLD,2016-07-23,"28,16,12,35",7.2
Not Another Teen Movie,2001-12-07,35,5.8
Superhero Movie,2008-03-28,"35,28,878",5.3
On Swift Horses,2025-04-24,"18,10749",6.0
Los dos hemisferios de Lucca,2025-01-30,18,7.3
The Golden Lotus: Love and Desire,1991-05-09,"18,10749",6.7
Back to the Future Part III,1990-05-25,"12,35,878",7.5
Lease of Life,1954-10-18,18,7.4
The Naked Gun 2½: The Smell of Fear,1991-06-28,"35,80",6.8
Point Break,1991-07-12,"28,53,80",7.2
Safe House,2012-02-08,"28,53",6.5
The Sting,1973-12-25,"35,80,18",8.0
Zombieland: Double Tap,2019-10-09,"35,27,28",6.9
The Candidate,2013-10-10,35,6.6
Chip 'n Dale: Rescue Rangers,2022-05-20,"16,10751,35,12,9648",7.0
G.I. Jane,1997-08-19,"28,18",6.5
The Mauritanian,2021-02-12,"18,53",7.4
Red Dawn,2012-03-15,"28,53",5.7
The League of Extraordinary Gentlemen,2003-07-11,"14,28,53,878",6.0
We Bought a Zoo,2011-12-08,"18,35,10751",6.8
Finestkind,2023-09-08,"80,18,53",6.9
Desperado,1995-08-25,"53,28,80",6.9
Muzzle,2023-09-29,"28,53",6.5
Diary of a Wimpy Kid,2010-03-19,"35,10751",6.3
Moonlighting,1982-09-18,18,7.1
Bottoms,2023-08-25,35,6.7
Kesari,2019-03-21,"28,18,36,10752",7.1
Bottoms,2023-08-25,35,6.7
Kesari,2019-03-21,"28,18,36,10752",7.1
Pokémon the Movie: Volcanion and the Mechanical Marvel,2016-07-16,"10751,12,16,14,878",6.8
Mr. Peabody & Sherman,2014-02-07,"16,12,10751",6.7
The Fault in Our Stars,2014-05-16,"10749,18",7.6
Unthinkable,2010-06-14,"18,53",6.8
The Transporter Refueled,2015-09-02,"28,53,80",5.5
Cool Runnings,1993-10-01,"35,12,18",7.0
The Devil's Bride,2025-01-16,"27,53",7.7
Big Trouble in Little China,1986-05-30,"28,35,14,12",7.2
Meet the Fockers,2004-12-22,"35,10749",6.2
Strange World,2022-11-23,"16,10751,12,878,14",6.3
Carved,2024-10-20,"27,35",5.0
The Next Three Days,2010-11-18,"10749,18,53,80",7.1
Under the Skin,2014-03-14,"53,878,18",6.1
Exam,2009-06-19,"53,9648",6.7
Black Market Babies,1945-12-15,"80,18,53",5.0
The Emoji Movie,2017-07-23,"16,10751,35",5.4
"Son's Girlfriend, Daddy's Girlfriend",2020-11-13,10749,5.0
Speed Racer,2008-05-07,"10751,28,12,35",6.3
In the Tall Grass,2019-09-20,"27,18,53",5.5
Propaganda,2013-02-14,99,8.1
Road to Perdition,2002-07-12,"80,18,53",7.4
Lassie: A New Adventure,2023-07-27,"12,10751",6.4
Brightburn,2019-05-09,"27,878,53,9648",6.1
Gone Baby Gone,2007-09-18,"80,18,9648",7.3
My Cousin Sister,2019-06-03,"10749,18",3.0
Kill Bill: The Whole Bloody Affair,2011-03-27,"28,80,53",8.0
Along Came Polly,2004-01-16,"35,10749",6.0
Outbreak,1995-03-10,"28,18,878,53",6.6
Three Days and a Life,2019-09-18,"53,18,80",6.4
The Balconettes,2024-11-15,"35,14,27",6.4
Knocked Up,2007-06-01,"35,10749,18",6.3
The Place Beyond the Pines,2013-03-20,"18,80",7.0
Moonraker,1979-06-26,"28,12,53,878",6.2
The Outrun,2024-09-27,18,6.9
No Time to Fail,2022-10-07,99,2.0
"Hookers, Hustlers, Pimps and Their Johns",1993-12-30,"99,80",4.8
Live Free or Die Hard,2007-06-20,"28,53",6.6
Step Up,2006-08-11,"10402,18,10749,80",6.9
Step Up,2006-08-11,"10402,18,10749,80",6.9
The Addams Family,2019-10-10,"10751,16,35,14",6.6
Mysterious Skin,2005-03-30,18,7.7
Almost Famous,2000-09-15,"18,10402",7.5
The Man from Toronto,2022-12-23,"28,12,35",6.4
The Omen,1976-06-25,"27,53",7.4
Baby's Day Out,1994-07-01,"35,12,10751,80,18",6.4
Date Night,2010-04-08,"35,28,12",6.1
Before I Fall,2017-03-02,"18,14",7.0
Mulan II,2004-11-03,"16,35,10751,28",6.5
Freedom Writers,2007-01-05,"80,18",7.9
Crazy Desire,1962-03-15,"10749,35,18",6.5
The Outfit,2022-02-25,"80,18,53,9648",7.1
City Hunter,2024-04-24,28,6.5
Night at the Museum: Secret of the Tomb,2014-12-17,"12,35,14,10751",6.2
Goosebumps,2015-08-05,"12,27,35",6.3
Friday,1995-04-26,35,7.1
Premalu,2024-02-09,"10749,35",7.7
The Killing of a Sacred Deer,2017-10-20,"18,53,9648",7.0
Man on a Ledge,2012-01-13,"28,53,80",6.4
Man on a Ledge,2012-01-13,"28,53,80",6.4
Cloudy with a Chance of Meatballs 2,2013-09-26,"16,10751,35",6.4
Pet Sematary,1989-04-21,"27,18,14,53",6.6
"The Virgin Trade Sex, Lies and Trafficking",2006-04-15,99,4.6
Given the Movie: Hiiragi Mix,2024-01-27,"16,10749",6.3
Jingle All the Way,1996-11-21,"10751,35,12",6.0
Sex and Zen III,1998-04-23,"35,10749,18",6.4
Imaginary,2024-03-06,"27,9648",6.0
William Tell,2025-01-17,"28,18,36",6.0
Evolution,2001-06-08,"35,878,28",6.1
The American,2023-11-02,18,6.8
Training Day,2001-10-05,"28,80,18",7.5
A Touch of Greatness,2005-01-11,99,7.0
Lethal Weapon 2,1989-07-07,"28,12,35,80,53",7.0
Soul Surfer,2011-04-08,"10751,18",7.0
Violent Night,2022-11-30,"28,35,14,53",7.3
Ashfall,2019-12-19,"28,12,53",6.8
Aşk Sadece Bir An,2025-02-14,"10749,18",7.0
Harry + Max,2004-01-17,"18,10749",5.6
Freaky,2020-11-12,"27,35",6.6
Dragon Ball Z: Bojack Unbound,1993-07-10,"28,16,878",7.1
Female Teacher Closing the Door,2021-10-03,"10749,18",5.7
"One Piece ""3D2Y"": Overcome Ace's Death! Luffy's Vow to his Friends",2014-12-31,"16,28,12,35,14",7.1
The Faculty,1998-12-25,"27,878,9648",6.5
Punch-Drunk Love,2002-10-11,"10749,18,35",7.1
Cliffhanger,1993-05-28,"28,12,53",6.5
Café Society,2016-05-11,"35,18,10749",6.5
Brawl in Cell Block 99,2017-09-23,"28,80,53",7.0
RV,2006-04-28,"10751,35,10749,18",5.9
SDI: Secret Department of Intervention,2024-11-28,28,5.2
Wedding Crashers,2005-07-13,"35,10749",6.5
Kesari Chapter 2: The Untold Story of Jallianwala Bagh,2025-04-17,"18,36",8.0
I'm Thinking of Ending Things,2020-08-28,"9648,53,27",6.6
Christmas with The Chosen: Holy Night,2023-12-12,10402,6.0
Jack and Jill,2011-11-11,"35,10751",4.4
Hitman: Agent 47,2015-08-20,"28,80,53",5.9
You Only Live Twice,1967-06-13,"28,53,12",6.6
Allied,2016-02-12,"28,18,10752,10749,53",6.8
Ninja Assassin,2009-09-29,"28,12,53",6.7
The Tragedy of Macbeth,2021-12-05,"18,10752",6.9
Joy,2015-12-24,"18,35",6.5
Neon Genesis Evangelion: The End of Evangelion,1997-07-19,"16,878,28,18",8.3
Lethal Weapon 4,1998-07-10,"28,12,35,80,53",6.6
The Dark and the Wicked,2020-04-16,27,6.2
Back to Black,2024-04-11,"10402,36,18",6.7
Mary and Max,2009-04-09,"16,35,18",7.9
Sister Act 2: Back in the Habit,1993-12-09,"10402,35",6.4
That Time I Got Reincarnated as a Slime the Movie: Scarlet Bond,2022-11-25,"16,14,12",7.4
Drive-Away Dolls,2024-02-22,"35,80",5.5
"South Park: Bigger, Longer & Uncut",1999-06-30,"16,35",7.3
Finding Dory,2016-06-16,"12,16,35,10751",7.0
Ocean's Eleven,1960-08-10,"80,35",6.4
The Shallows,2016-06-24,"27,18,53",6.3
Tolkien,2019-05-03,"10752,18,10749",6.9
Trading Places,1983-06-07,35,7.2
Sisters,2015-12-18,35,6.0
Paws of Fury: The Legend of Hank,2022-07-14,"16,12,35,10751",6.6
The Man Who Knew Infinity,2016-04-08,"18,36",7.1
The Man Who Knew Infinity,2016-04-08,"18,36",7.1
Cure,1997-12-27,"80,53,27,9648",7.6
"Good Night, and Good Luck.",2005-09-16,"18,36",7.1
Jesús de Nazaret: El Hijo de Dios,2019-04-18,"18,36",7.3
Dragon Ball Z: Resurrection 'F',2015-04-18,"28,16,878",6.8
Miracle in Cell No. 7,2019-10-10,18,8.3
The Gods Must Be Crazy,1980-09-10,"28,35",7.3
Layer Cake,2004-09-30,"18,53,80",6.9
Day Shift,2022-08-12,"28,14,27,35,53",6.8
Forbidden Zone,1980-03-15,"10402,35,14",6.3
Home Sweet Home Alone,2021-11-11,"10751,35,80",4.9
Wild Tales,2014-08-21,"18,53,35",7.9
Promare,2019-05-24,"16,28,878",7.1
Scoob!,2020-07-08,"16,35,10751,9648",7.0
Mama,2013-01-17,27,6.3
The Mummy: Tomb of the Dragon Emperor,2008-07-01,"12,28,14",5.5
The Cold Light of Day,2012-04-04,"28,53,9648",5.4
Murder Mystery 2,2023-03-28,"9648,35,80",6.4
"Extremely Wicked, Shockingly Evil and Vile",2019-05-02,"18,80",7.0
The Host,2013-03-22,"28,12,878",6.3
Titanic II,2010-08-07,"28,53,10749,12",5.0
Scream 4,2011-04-13,"27,9648",6.5
Saint Maud,2020-10-09,"27,9648,53",6.6
Wayne's World,1992-02-14,"35,10402",6.7
Sweet Girl,2021-08-18,"28,53,18",6.6
Never Speak Ill of the Dead,1984-01-01,35,5.0
Kick-Ass 2,2013-07-17,"28,12,80",6.4
DodgeBall: A True Underdog Story,2004-06-18,35,6.3
Sniper: Ghost Shooter,2016-08-02,"28,18,10752",6.3
The Last Kingdom: Seven Kings Must Die,2023-04-14,"28,12,10752",7.2
Uhaw,2024-09-13,18,5.0
"Mary Stevens, M.D.",1933-07-22,18,6.0
Something the Lord Made,2004-05-30,"10770,18",7.7
Acid,2023-09-20,"18,878,14",5.7
Liar Liar,1997-03-21,35,6.7
John Tucker Must Die,2006-07-27,"35,10749",6.1
Case 39,2009-08-13,"27,9648,53",6.3
Skal: Fight for Survival,2023-11-24,"28,27,35,53",5.5
The Bricklayer,2023-12-14,"28,53",5.8
The Bricklayer,2023-12-14,"28,53",5.8
Love Strange Love,1982-01-11,"18,36",5.9
When Harry Met Sally...,1989-07-21,"35,10749,18",7.4
Beautiful Teacher in Torture Hell,1985-12-14,"18,53,27",5.3
What the Waters Left Behind: Scars,2023-04-27,27,5.8
Beauty and the Beast,2014-02-12,"14,10749",6.2
Husband for Hire,2008-01-24,"35,10770,10749",5.7
Fallen Angels,1995-09-06,"28,10749,80",7.7
Chernobyl: Abyss,2021-04-15,"18,36,12,28,14,9648",6.3
Dragon Ball: Curse of the Blood Rubies,1986-12-20,"28,16,12,35,14,878",6.8
The Lion King 1½,2004-02-06,"10751,16,35,28",6.6
ReBroken,2023-03-07,"18,53,27",5.2
Mobile Suit Gundam GQuuuuuuX -Beginning-,2025-01-17,"16,28,878,18",7.3
Tokyo Stray Girls,2010-09-04,18,4.8
She's All That,1999-01-29,"35,10749",6.3
One More Shot,2024-01-09,"28,53",6.5
Sinbad: Legend of the Seven Seas,2003-07-02,"10751,16,12,35,14,28",7.0
Cobra,1986-01-01,"28,80,53",6.1
Diabolik,2021-12-16,"80,28,9648,53",6.0
Top Secret!,1984-06-08,35,7.1
Spectral,2016-12-09,"878,53,28",6.5
Warhorse One,2023-06-30,"28,10752,18",7.3
War Horse,2011-12-25,"10752,36,12",7.3
Mobile Suit Gundam Hathaway,2021-06-11,"16,28,18,878",7.4
The 355,2022-01-05,"28,12,53",6.0
Diary of a Wimpy Kid: Rodrick Rules,2011-03-25,"10751,35",6.7
1922,2017-10-20,"27,80,18",5.9
Jigra,2024-10-10,"80,18,53",6.2
"Miraculous World: New York, United HeroeZ",2020-09-25,"16,10770,14,28",8.1
Y Tu Mamá También,2001-06-08,"18,10749",7.4
Bloodsport,1988-02-26,"28,53,18",7.0
Licence to Kill,1989-06-13,"12,28,53",6.4
Fatherhood,2021-06-18,"18,35",7.5
Mary Queen of Scots,2018-12-07,"18,36",6.6
Salt,2010-07-21,"28,9648,53",6.4
The Dark and the Wicked,2020-04-16,27,6.2
Nightmare Alley,2021-12-02,"80,18,53",7.0
Zookeeper,2011-07-06,"35,10749,10751",5.4
Justice League: Crisis on Infinite Earths Part Two,2024-04-22,"16,878,28",6.9
Gnomeo & Juliet,2011-01-13,"16,10751",5.9
Dragon Ball Z: The Tree of Might,1990-06-07,"28,16,878",6.5
Practical Magic,1998-10-16,"10749,35,14",6.8
Enter the Dragon,1973-08-17,28,7.4
Antz,1998-10-02,"10751,16,12,35",6.2
Skyline,2010-11-11,"878,28,53",5.0
Allegiant,2016-03-09,"12,878,28,9648",6.1
The Penitent Thief,2021-02-25,"18,14",6.0
Rambo III,1988-05-24,"28,12,53,10752",6.2
The Phantom of the Opera,2004-12-08,"53,18,10749",7.3
Possession,1981-05-27,27,7.3
Camp Crasher,2024-12-05,"35,10749",6.8
172 Days,2023-11-23,"18,10749",5.6
Rosemary's Baby,1968-06-12,"18,27,53",7.8
I Feel Pretty,2018-04-19,"35,10749",6.4
The Three Musketeers,1973-12-11,"28,12,10749,10751",6.8
RoboCop 2,1990-06-22,"28,12,80,878,53",6.0
Fireworks,2017-08-18,"16,18,14,10749",6.6
Paulie,1998-04-17,"35,10751",6.8
Detective Conan: Quarter of Silence,2011-04-16,"16,28,80,9648",7.1
Don't Blame the Kid,2016-05-13,"35,10749",7.7
Erotic Tales,1980-06-25,18,2.0
Leave No Trace,2018-06-29,18,6.8
The Addams Family,1991-11-22,"35,14",7.0
Dragon Ball Z: The World's Strongest,1990-03-10,"28,16,878",6.6
Ghostland,2018-03-14,"27,9648,53",7.4
The Ant Bully,2006-07-28,"14,12,16,35,10751",5.7
Padmaavat,2018-01-25,"18,36,10749",6.9
The Straight Story,1999-10-15,18,7.7
Dirty Grandpa,2016-01-20,35,5.9
Spy Kids,2001-03-18,"28,35,10751,12,878",5.8
Cloudy with a Chance of Meatballs,2009-09-17,"16,35,10751",6.6
Zebra Lounge,2001-10-04,53,4.3
Molly's Game,2017-12-07,"18,80",7.1
The Night Comes for Us,2018-10-05,"28,80,53",6.9
Blood Brother,2018-11-30,"28,80,18,53",5.5
Cinderella II: Dreams Come True,2002-02-23,"10751,16,10749,14",6.1
Shotgun Wedding,2022-12-28,"28,35,10749",6.3
Cinderella II: Dreams Come True,2002-02-23,"10751,16,10749,14",6.1
Shotgun Wedding,2022-12-28,"28,35,10749",6.3
GATAO: Like Father Like Son,2024-08-16,"80,28",8.8
Heaven Is for Real,2014-04-16,18,6.7
A Dog's Journey,2019-05-03,"10751,12,18",8.1
Sex Game 6969,2022-01-27,"35,18,10749",6.2
The Basketball Diaries,1995-04-21,"18,80",7.4
Anna Karenina,2012-09-06,"18,10749,36",6.7
#Alive,2020-06-24,"28,27",7.2
The Insider,1999-10-28,"18,53",7.5
Warm Bodies,2013-01-31,"27,35,10749",6.5
Dog Day Afternoon,1975-09-21,"80,18,53",7.8
Beau Pere,1981-09-15,"18,10749",6.6
Army of Thieves,2021-10-29,"28,80,35",6.8
The Monkey King: Reborn,2021-04-02,"16,28,14,10751",7.2
The Return,2024-09-07,"36,18,12",6.5
The Rocky Horror Picture Show,1975-08-14,"35,878,14,27",7.5
Silent Night,2023-11-30,"28,53,80",6.2
Pandorum,2009-09-08,"28,27,9648,878,53",6.6
The Burial,2023-10-06,"18,36",7.1
The Guilty,2018-02-22,"53,18,80",7.3
The Legend of Condor Hero: What is Love,2025-01-22,"28,14,12",6.4
The Last Letter from Your Lover,2021-07-23,"18,10749",7.4
Thunderball,1965-12-11,"12,28,53",6.7
Sing Street,2016-03-11,"10749,18,10402,35",7.9
Legend of the BoneKnapper Dragon,2010-10-14,"16,14,10751,12,35,10770",7.0
Boneyard,2024-07-05,"28,53",5.5
Bloodlines: The Jersey Devil Curse,2022-10-06,99,3.5
Dear Santa,2024-11-24,"14,35",6.3
Being John Malkovich,1999-10-29,"35,18,14",7.4
Spotlight,2015-11-06,"18,36",7.8
Some Like It Hot,1959-03-19,"35,10749,80",8.1
Hunter x Hunter: Phantom Rouge,2013-01-12,"16,12,14,28",7.1
Art of Love,2024-03-13,"10749,28,18",6.4
The Unbearable Weight of Massive Talent,2022-04-20,"28,35,80",6.8
Life with Mikey,1993-06-04,"35,10751",5.7
Inside Llewyn Davis,2013-10-18,"18,10402",7.2
Splice,2010-06-03,"27,878",5.9
Alone,2020-09-10,"53,27",6.4
The Love Epidemic,1975-01-03,"35,99",3.7
Pretty Baby,1978-04-05,18,7.0
Last Days in the Desert,2016-05-13,"12,18,36",5.8
The Finest Hours,2016-01-27,"28,18,36,53",6.6
Grimsby,2016-02-24,"28,35",5.9
I Want You,2012-06-22,"18,10749",7.4
Never Back Down: No Surrender,2016-06-07,"18,28",7.0
The Happytime Murders,2018-08-22,"28,35,80",5.8
Under the Silver Lake,2018-08-08,"80,18,9648",6.4
GANTZ:O,2016-10-14,"16,878,28",7.3
Christian Finnegan: The Fun Part,2014-04-15,35,7.0
Be Cool,2005-03-04,"35,80",5.5
Dragon Ball GT: A Hero's Legacy,1997-03-26,"12,28,16,878",6.7
Robin Hood,1973-11-08,"16,10751,12",7.3
Cult of Chucky,2017-10-12,"27,53",5.8
Original Sin,2001-05-08,"53,18,9648,10749",6.1
Lazareth,2024-05-10,53,6.0
The Addams Family 2,2021-10-01,"16,10751,35,14,12",7.0
The Young Vote,2022-10-08,99,1.0
The Young Vote,2022-10-08,99,1.0
Freaky Friday,2003-08-05,"10751,14,35",6.5
Smokin' Aces,2006-12-09,"28,35,80,53",6.5
Boiling Point,2021-07-05,"18,53",7.2
Family Pack,2024-10-22,"12,35,14,28",5.6
Doraemon: Nobita's Chronicle of the Moon Exploration,2019-03-01,"16,12,35,878,14,10751",7.6
The Quintessential Quintuplets Movie,2022-05-20,"16,35,10749",8.3
Milano,2024-11-06,18,6.2
Wall Street: Money Never Sleeps,2010-09-20,"18,80",6.1
The Apartment,1960-06-21,"35,18,10749",8.2
Dragon Ball Z: The History of Trunks,1993-02-24,"16,28,878",7.6
Charlie's Angels,2019-11-14,"28,12,35",6.4
Christine,1983-12-09,27,6.9
Predator 2,1990-11-21,"878,28,53",6.3
The War with Grandpa,2020-08-27,"35,10751",6.4
Hot Shots! Part Deux,1993-05-21,"28,35,10752",6.5
Last Seen Alive,2022-05-12,"28,53",6.4
Duel,1971-11-13,"28,53,10770",7.4
Kick-Ass,2010-03-26,"28,80",7.1
Power Rangers,2017-03-23,"28,12,878",6.3
Beirut,2018-04-11,"28,53,18",6.3
Uncut Gems,2019-08-30,"18,53,80",7.2
Mile 22,2018-08-16,"28,53",6.2
Emanuelle and the White Slave Trade,1978-04-20,"18,27,53",5.0
Female Hostel 2,2018-03-22,"10749,18",3.8
Black Lotus,2023-04-12,"28,80,9648,53",6.5
The First Slam Dunk,2022-12-03,"16,35,18",7.8
Marry Me,2022-02-09,"10749,35,10402",6.6
The Cousin,1974-07-26,"35,18",5.4
The Critic,2024-09-13,"53,80,18,9648",5.6
Sex and the City 2,2010-05-26,"35,18,10749",6.1
Elstree Calling,1930-02-06,"10402,35",5.1
Crosshairs,2013-05-13,"28,18,53",3.1
Vivarium,2019-09-07,"878,53,9648,27",6.0
Harbin,2024-12-24,"28,53,36,10752",7.3
Amy,2015-06-18,"35,18",5.8
Astro Boy,2009-10-15,"16,28,10751,878",6.3
Hero,2002-07-22,"18,12,28,36",7.5
Willy Wonka & the Chocolate Factory,1971-06-29,"10751,14,35",7.5
Case Closed: The Fourteenth Target,1998-04-18,"16,80,9648,12",7.2
Case Closed: The Fourteenth Target,1998-04-18,"16,80,9648,12",7.2
The Farm,2019-04-19,27,5.4
The Deer Hunter,1978-12-08,"18,10752",8.0
The Green Hornet,2011-01-12,"28,80,35",5.6
Steven Universe: The Movie,2019-10-07,"10770,12,16,35,14,10402,878,28,18",8.2
The Strangers: Prey at Night,2018-03-07,"27,53",5.7
The Night of the Hunter,1955-07-27,"80,18,53",7.9
The Bourne Supremacy,2004-07-23,"28,18,53",7.3
Friday the 13th,1980-05-09,27,6.4
Blood Father,2016-08-11,"28,53,18",6.2
"Honey, I Shrunk the Kids",1989-06-23,"12,35,10751,878",6.3
Balto,1995-12-22,"10751,16,12",7.3
Disturbia,2007-03-27,"53,18,9648",6.7
Lorna,1964-09-11,18,5.8
Big George Foreman,2023-04-27,"36,18",7.5
Big Daddy,1999-06-25,"35,18",6.5
Eight Legged Freaks,2002-07-17,"28,35,27,53",5.8
The Wolfman,2010-02-10,"27,53",5.9
"Vote, Dude! (PSA) | 6Teen Reunion 2018",2018-09-12,16,5.0
Under Siege 2: Dark Territory,1995-07-13,"28,53",5.9
Flushed Away,2006-10-22,"12,16,35,10751",6.3
Sausage Party,2016-07-11,"12,16,35,14",5.7
Mothers' Instinct,2024-01-11,"53,18",6.9
mid90s,2018-10-19,"18,35",7.5
Tyler Perry's Divorce in the Black,2024-07-11,"18,53",7.1
Dragon Ball Z: Battle of Gods,2013-03-30,"16,28,878",6.8
The OctoGames,2022-10-07,"53,28,27",5.4
Gold,2016-02-03,"12,18,53",6.6
Blood and Bone,2009-02-07,"28,80,53,18",7.3
Vacation Friends,2021-08-27,35,7.0
Amsterdam,2022-09-27,"9648,35,18",6.1
Miraculous World: Shanghai - The Legend of Ladydragon,2021-05-15,"16,14,28,10770",7.9
It Boy,2013-03-06,35,6.4
No Voltees,2024-09-20,27,7.5
Forgetting Sarah Marshall,2008-04-17,"35,10749,18",6.5
Boxer,2024-09-10,18,7.1
101 Dalmatians,1996-11-27,"10751,35",5.9
101 Dalmatians,1996-11-27,"10751,35",5.9
Vidaamuyarchi,2025-02-06,"28,53,18",5.8
Spiderhead,2022-06-17,"878,53",5.8
Peppermint,2018-09-06,"28,53",6.7
Kubo and the Two Strings,2016-08-18,"16,12,10751",7.6
Made in Abyss: Dawn of the Deep Soul,2020-01-17,"16,12,14,9648,18,878",7.8
Bones and All,2022-11-18,"18,27,10749",7.1
Ace Ventura: Pet Detective,1994-02-04,"35,9648,80,12",6.6
Doraemon: Nobita and the Space Heroes,2015-03-07,"35,16,10751,12,878,14",6.4
The Invitation,2022-08-24,"27,53",6.1
Mandy,2018-09-13,"14,28,27",6.2
The Hurt Locker,2008-10-10,"18,53,10752",7.3
No Time to Spy: A Loud House Movie,2024-06-21,"16,28,12,35,10751",7.0
Valkyrie,2008-12-25,"18,53,10752",6.9
Lolita,1962-06-13,"18,35,10749",7.3
May December,2023-11-16,18,6.6
Pet Sematary: Bloodlines,2023-09-23,"27,14",5.6
The Pelican Brief,1993-09-17,53,6.6
Leggings Mania,2023-07-13,"18,10749",8.1
National Lampoon's Christmas Vacation,1989-11-30,35,7.2
Leaving Las Vegas,1995-10-27,"18,10749",7.2
Last Shift,2014-10-25,"27,9648",6.2
The Pink Panther,1963-12-18,"35,80",6.8
Identity,2003-04-25,"9648,53",7.2
Airplane II: The Sequel,1982-12-10,35,6.1
The Book of Esther,2013-05-31,"10770,18,14",5.4
maboroshi,2023-09-15,"16,18,10749,14",7.3
Menace II Society,1993-05-26,"18,80,53",7.5
Mr. Crocket,2024-09-26,27,5.1
Sound of Metal,2020-11-20,"18,10402",7.7
Failure to Launch,2006-03-10,"10749,35",5.8
Knock at the Cabin,2023-02-01,"27,9648,53",6.3
Silence,2016-12-23,"18,36",7.1
Minari,2021-02-12,18,7.3
No Game No Life: Zero,2017-07-15,"12,16,18,14,10749",7.8
Spiral: From the Book of Saw,2021-05-12,"27,9648",5.9
Raising Arizona,1987-03-13,"35,80",7.1
Raising Arizona,1987-03-13,"35,80",7.1
Verano en diciembre,2024-11-08,35,5.9
Kiss Kiss Bang Bang,2005-09-14,"35,80,9648,53",7.2
The Ridiculous 6,2015-12-11,"37,35,28,12",5.2
In the Line of Fire,1993-07-08,"28,18,53,80,9648",7.0
Columbus,2017-08-04,18,7.1
Captain Phillips,2013-10-10,"28,18,53",7.5
Dead Sea,2024-07-26,"80,27,53",6.4
Skincare,2024-08-15,"53,18",6.0
Before Sunset,2004-06-16,"18,10749",7.8
The Lodge,2020-01-16,"27,18,9648,53",6.1
Sunshine,2007-04-05,"18,878,53",7.0
Small Things Like These,2024-11-01,18,6.9
Night at the Museum: Battle of the Smithsonian,2009-05-20,"12,14,28,35,10751",6.1
Remember the Titans,2000-09-29,18,7.6
The Smurfs: A Christmas Carol,2011-12-02,"16,35,10751",6.7
The Animal Kingdom,2023-10-04,"12,18,878",7.0
Night Swim,2024-01-03,27,5.5
Unforgiven,1992-08-07,37,7.9
An American Pickle,2020-08-06,"35,18",5.7
Untamed Royals,2024-08-27,"53,80,18",6.3
After the Pandemic,2022-03-01,"878,28",5.1
Zegen,1987-06-02,"35,36",6.5
A Beautiful Day in the Neighborhood,2019-09-07,"18,36,10751",7.0
Tristan & Isolde,2006-04-07,"18,10749",6.7
The Little Prince,2015-07-29,"12,16,14,10751",7.6
Child's Play,1988-11-09,27,6.7
Das Boot,1981-09-17,"18,36,10752",8.1
Black Mass,2015-09-17,"18,80,36",6.5
Escobar: Paradise Lost,2014-10-11,"53,10749",6.3
You Don't Mess with the Zohan,2008-06-05,"35,28",5.7
Birdman or (The Unexpected Virtue of Ignorance),2014-10-17,"18,35",7.5
Dinner for Schmucks,2010-07-30,35,5.7
Animal,2023-12-01,"28,80,18",6.3
The Jungle,2012-11-29,"35,12,10749",5.1
This Is the End,2013-06-12,"28,35",6.2
Collateral,2004-08-04,"18,80,53",7.2
The Pacifier,2005-03-04,"35,10751,28",6.1
Sweet Release,2024-04-12,18,3.9
The NeverEnding Story,1984-04-06,"12,14,10751,18",7.2
Sin City: A Dame to Kill For,2014-08-20,"80,28,53",6.4
The A-Team,2010-06-09,"28,35,80",6.4
John Hick,2023-07-27,"28,35",10.0
Sleeping with the Enemy,1991-01-13,"18,80,53",6.5
Dead for a Dollar,2022-09-30,"37,53,28,18",5.9
Let Me In,2010-10-01,"18,27,9648",6.8
The Call,2013-03-14,"80,53",6.8
Dogtooth,2009-10-22,18,7.1
The Siege,1998-11-06,"18,28,53,80",6.3
The Cleaning Lady,2016-10-21,27,6.6
Uptown Girls,2003-08-15,"35,18",6.9
Mononoke the Movie: The Phantom in the Rain,2024-07-26,"16,14,9648",7.2
Here Comes the Boom,2012-10-10,"35,28,18",6.2
PK,2014-12-18,"35,18,878",7.7
The Hot Chick,2002-12-13,"35,14",6.4
Inferno,2016-10-13,"9648,53,28",6.1
Robin Hood: Men in Tights,1993-07-28,35,6.6
The Kissing Booth 2,2020-07-24,"35,10749",7.6
Hellboy,2004-04-02,"14,28",6.7
Epic,2013-05-15,"16,12,10751,14",6.5
Summer Wars,2009-08-01,"16,878",7.4
White Boy Rick,2018-09-14,"80,18",6.4
Oculus,2013-09-08,27,6.5
Halloween Kills,2021-10-14,"27,53",6.4
Temple Grandin,2010-02-06,"18,36",7.8
Project Power,2020-08-14,"28,80,878",6.4
Siberia,2018-07-13,"80,10749,53",4.7
Lethal Weapon 3,1992-05-15,"12,28,35,53,80",6.7
Mr. Bean's Holiday,2007-03-22,"10751,35",6.4
The Kingdom,2007-08-22,"53,28,18",6.7
Abduction,2011-09-22,"53,28,9648",5.9
Collateral Beauty,2016-12-15,"18,10749",7.2
The Losers,2010-04-23,"28,12,80,9648,53",6.3
Searching,2018-08-24,"18,9648,53",7.6
True Confessions of a Hollywood Starlet,2008-08-09,"18,35,10751,10770",5.1
The Adventures of Tintin,2011-10-24,"12,16,9648",6.9
Pimpinero: Blood and Oil,2024-10-10,"28,80,18",6.2
Temurun,2024-05-30,"27,53",6.2
Pineapple Express,2008-08-06,"28,35,80",6.6
Sniper: G.R.I.T. - Global Response & Intelligence Team,2023-09-26,"28,53",6.6
The Highwaymen,2019-03-15,"80,18,53",6.8
My Name Is Khan,2010-02-10,"18,10749",8.0
Behind Enemy Lines,2001-11-30,"28,18,53,10752",6.4
Female War: A Nasty Deal,2015-09-27,"18,10749",5.8
Dragon Ball Z: The Return of Cooler,1992-03-07,"28,16,878",6.4
Butch Cassidy and the Sundance Kid,1969-09-23,"37,12,80,18,36",7.6
Remnant,2024-06-30,"878,27,53",4.7
Ruthless,2023-12-14,"28,53",6.6
Good Time,2017-08-11,"80,53,18",7.2
Sahara,2005-04-06,"28,12,35,18,9648",5.9
Green Street Hooligans,2005-09-09,"80,18",7.3
United 93,2006-04-28,"18,36,80,53,28",7.1
Final Fantasy VII: Advent Children,2005-07-14,"16,28,12,14,878",7.1
Last Action Hero,1993-06-18,"12,14,28,35,10751",6.5
Superwho?,2022-02-02,"35,28,10751",6.4
Epic Movie,2007-01-25,"35,12,14",3.9
Sleepless in Seattle,1993-06-24,"35,18,10749",6.7
The Interview,2014-12-25,"28,35",6.2
A Queen’s Runway,2025-04-10,99,7.0
Legend of the Guardians: The Owls of Ga'Hoole,2010-07-10,"16,12,10751,14",6.8
Dante's Peak,1997-02-07,"28,12,18,53",6.2
Reunion Goals: The Beginning,2017-02-02,"35,10749",8.5
Adrift,2018-05-31,"53,10749,12",6.8
Hocus Pocus,1993-07-16,"14,35,10751",7.0
Possum,2018-10-26,"18,27,53",6.1
Star Spangled Salesman,1968-02-09,99,6.0
Megan Is Missing,2011-05-01,"18,27,53",6.3
The Bounty Hunter,2010-03-16,"28,35,10749",5.9
The Dead Don't Die,2019-05-15,"27,35,14",5.4
"Everything, Everything",2017-05-18,"18,10749",7.2
The Demon Disorder,2024-08-16,27,5.7
Oz the Great and Powerful,2013-03-07,"14,12,10751",5.9
A Wrinkle in Time,2018-03-08,"12,878,10751,14",5.1
Underworld: Rise of the Lycans,2009-01-22,"14,28,53",6.5
TÁR,2022-09-23,"10402,18",7.1
Dead Silence,2007-03-16,27,6.4
Ed Wood,1994-09-28,"35,18,36",7.5
Stuart Little,1999-12-17,"10751,14,35,12",6.1
Stuart Little,1999-12-17,"10751,14,35,12",6.1
The Boondock Saints,1999-01-22,"28,53,80",7.3
Detective Conan: Captured in Her Eyes,2000-04-22,"16,80,18,9648,12",7.4
A Monster Calls,2016-10-07,"14,12,10751",7.3
Annie,2014-12-18,"35,18,10751",6.2
The Hustle,2019-05-09,"35,80",6.2
Obsessed,2014-05-14,18,6.7
Down Periscope,1996-03-01,35,6.3
Detective Conan: The Last Wizard of the Century,1999-04-17,"12,16,80,18,9648",7.3
How to Be Single,2016-02-08,"35,10749",6.3
Tangled Ever After,2012-01-13,"16,35,28,10751",7.1
Female Prisoner: Caged!,1983-09-16,"18,80",3.2
Naruto Shippuden the Movie: The Lost Tower,2010-07-31,"12,28,16",7.1
Pride and Prejudice and Zombies,2016-02-04,"10749,27,35,53",6.2
Love Me,2025-01-31,"878,18,10749",5.9
Downsizing,2017-12-22,"18,878",5.4
Magic Mike's Last Dance,2023-02-09,"35,18,10749",6.5
Melancholia,2011-05-26,"18,878",7.2
The Hill,2023-08-18,"36,18",7.7
Noryang: Deadly Sea,2023-12-20,"10752,28,36,18",6.3
Brazil,1985-02-20,"35,878",7.7
Gifted,2017-04-07,"18,35",8.0
September 5,2024-11-07,"53,18,36",7.0
Solace,2015-09-03,"53,80,9648",6.4
Timecrimes,2007-11-01,"878,53",7.0
Crimson Tide,1995-05-12,"53,28,18,10752",7.2
Never Back Down 2: The Beatdown,2011-09-13,"18,28",6.5
The Ultimate Gift,2007-03-09,"10749,18,10751",7.6
Shin Ultraman,2022-05-13,"28,878",7.4
Home Alone 3,1997-12-12,"35,10751",5.3
Flags of Our Fathers,2006-10-19,"10752,18,36",6.9
Shaft,2000-06-15,"28,12,80,53",6.0
Second Life,2024-08-15,"28,35",6.5
Bastille Day,2016-04-22,28,6.3
Stepmom's Desire,2020-05-29,"18,10749",6.8
Wild Things,1998-03-20,"9648,53,18",6.4
Absolute Whiteness: Magical Girl,2012-08-12,"28,16,14",7.3
August Rush,2007-11-21,"10751,18,10402",7.4
Mommy,2014-09-19,18,8.2
Shattered,2022-01-14,"53,27,80,9648",5.7
Rocky IV,1985-11-21,18,7.1
Eye in the Sky,2015-09-07,"18,53,10752",7.0
Friday the 13th: The Final Chapter,1984-04-13,"27,53",6.1
The King of Comedy,1982-12-18,"18,35",7.8
Buddy's Mom,2015-11-12,"18,10749",5.3
Perfect Houseguest,2015-10-14,"16,35",6.0
The Last Breath,2024-06-28,"27,53",6.2
Castle in the Sky,1986-08-02,"12,14,16,28,10751",8.0
The Adventure of A.R.I.: My Robot Friend,2022-01-13,"10751,878",6.7
The Extraordinary Adventures of Adèle Blanc-Sec,2010-04-09,"14,12,28,9648",6.2
Stree 2,2024-08-15,"27,35",6.6
Tinker Bell and the Lost Treasure,2009-09-03,"16,10751,12,14",6.8
Once Upon a Deadpool,2018-12-11,"35,28,12",7.1
The Most Beautiful Girl in the World,2025-02-13,"35,18,10749",6.5
The Boy and the Beast,2015-07-11,"28,12,16,18,10751,14",7.9
A Man Called Ove,2015-12-25,"35,18",7.6
XXXXXXX,2016-09-01,,6.9
Pinocchio,2022-09-07,"14,12,10751",6.3
Out of Exile,2023-01-20,"53,18,28,80",6.3
"To Wong Foo, Thanks for Everything! Julie Newmar",1995-09-07,"35,18",7.4
"To Wong Foo, Thanks for Everything! Julie Newmar",1995-09-07,"35,18",7.4
Ticket to Paradise,2022-09-08,"18,35,10749",6.4
"Lust, Caution",2007-09-24,"28,18,10749,53",7.2
Mortal Kombat: Annihilation,1997-11-11,"28,14,878",4.5
Murder on the Orient Express,1974-11-22,"18,53,9648",7.1
DC League of Super-Pets,2022-07-27,"16,28,10751,35,878",7.2
Devil,2010-09-16,"27,9648,53",6.1
Pihu,2018-11-16,"53,18",7.5
Dirty Harry,1971-12-23,"28,80,53",7.4
The Bridge on the River Kwai,1957-10-11,"18,36,10752",7.8
Big,1988-06-03,"14,18,35,10749,10751",7.2
The Craig Murray Incident,2012-03-28,35,10.0
The House with a Clock in Its Walls,2018-09-15,"14,10751,35",6.3
Climax,2018-09-19,"27,18",7.1
Legally Blondes,2009-04-28,35,5.7
Watchmen: Chapter I,2024-08-12,"16,18,878",7.6
The Amityville Horror,2005-04-14,27,6.1
Tinker Tailor Soldier Spy,2011-09-16,"18,53,9648",6.6
YES DAY,2021-03-11,"10751,35",6.7
Spermageddon,2025-02-21,"16,35",6.0
Maid to Kill,2024-11-22,"35,9648,53",10.0
Champions,2023-03-09,"35,18",6.7
Wild Card,2015-01-14,"53,80,28",5.7
Miami Vice,2006-07-27,"28,80,53",6.0
Tinker Bell,2008-09-11,"16,10751,12,14",6.9
The First Wives Club,1996-09-20,35,6.7
College Dormitory,1984-01-01,"18,10749",2.5
Christopher Robin,2018-08-01,"12,35,10751,14",7.3
Wild Child,2008-08-15,"35,18,10749",6.7
Ikiru,1952-10-09,18,8.3
The Art of Racing in the Rain,2019-08-08,"18,10749",8.2
Overlord: The Undead King,2017-02-25,"16,28,12,14",7.4
Threads,1984-09-23,"10752,18,878",7.6
Tinker Bell and the Pirate Fairy,2014-02-13,"16,10751",6.9
Sin tetas no hay paraíso,2010-07-23,"80,18",7.4
Secret Headquarters,2022-08-12,"28,12,35,878,10751",6.5
The Running Man,1987-11-13,"28,878,53",6.5
Malice,2023-06-11,"27,53",7.0
Red Tails,2012-01-19,"18,28,12,36,10752",6.6
Malice,2023-06-11,"27,53",7.0
Red Tails,2012-01-19,"18,28,12,36,10752",6.6
Space Sweepers,2021-02-05,"18,14,878",7.1
Anacondas: The Hunt for the Blood Orchid,2004-08-25,"28,12,27",5.5
Her Blue Sky,2019-10-11,"16,10749",7.3
Army of Darkness,1992-10-31,"14,27,35",7.3
Hostiles,2017-12-22,"18,37,36",6.9
Beast,2022-08-11,"53,28,27,12",6.6
Saw IV,2007-10-25,"27,53,80",6.2
Bridget Jones: The Edge of Reason,2004-11-10,"35,10749",6.2
Horrible Bosses 2,2014-11-12,35,6.2
The Green Knight,2021-07-29,"12,18,14",6.6
Little Nicky,2000-11-10,"35,14",5.9
My Own Private Idaho,1991-02-01,18,7.1
Monsters 103 Mercies Dragon Damnation,2024-01-21,"16,28,14,12",7.1
Daybreakers,2010-01-06,"28,14,878",6.3
Death on the Nile,1978-09-29,9648,7.1
Barbie as The Princess & the Pauper,2004-09-28,"16,10751,35",7.5
Emily the Criminal,2022-08-12,"80,18,53",6.7
Morning Glory,2010-11-10,"18,35,10749",6.3
Amores Perros,2000-06-16,"18,53",7.6
House Cleaning Blues,1937-01-15,"16,35,10751",5.7
Alice Through the Looking Glass,2016-05-25,"12,10751,14",6.6
The Nurse on a Military Tour,1977-09-02,35,4.9
Fences,2016-12-16,18,6.9
Detective Conan: Dimensional Sniper,2014-04-19,"16,28,18,9648",6.9
Sub Rosa,2014-08-10,"18,10749",6.0
A Week in Paradise,2022-02-11,"10749,35",4.5
Stitch! The Movie,2003-09-10,"35,12,10751,16,878",6.4
Extreme Job,2019-01-23,"28,35,80",7.1
Samrat Prithviraj,2022-06-03,"28,18,36",6.9
The Descent: Part 2,2009-10-14,"12,27,53",5.9
A Bridge Too Far,1977-06-15,"18,36,10752",7.2
Ava,2020-07-02,"28,53,80",5.8
The Good Nurse,2022-10-19,"18,80,9648",6.9
Dragon Ball Z: Bio-Broly,1994-07-09,"16,28,878",5.7
Love Story,1970-12-16,"10749,18",6.8
The Host,2006-07-27,"27,18,878",7.0
Trick or Treat Scooby-Doo!,2022-10-04,"12,9648,35,16,10751",7.0
Love Story,1970-12-16,"10749,18",6.8
The Host,2006-07-27,"27,18,878",7.0
Trick or Treat Scooby-Doo!,2022-10-04,"12,9648,35,16,10751",7.0
Fantasy Island,2020-02-12,"12,14,27,9648",5.8
Mummies,2023-01-05,"16,12,14,10751",7.0
Underground Monster,2023-04-27,"14,12",5.7
Okja,2017-06-28,"12,18,878",7.4
I See You,2019-09-11,"27,53,9648",7.0
No salgas,2023-11-24,"53,27",8.8
All of a Sudden,1996-06-14,"80,18,10749",5.9
Wild at Heart,1990-08-17,"80,53,10749",7.0
Wanted Man,2024-04-01,28,6.7
Gangs of New York,2002-12-14,"18,36,80",7.3
"Three Billboards Outside Ebbing, Missouri",2017-12-01,"80,18",8.1
The Huntsman: Winter's War,2016-04-06,"28,12,18",6.3
The Tiger's Apprentice,2024-02-16,"16,10751,14",7.3
Foe,2023-10-06,"878,18",5.7
Fate/stay night: Heaven's Feel I. Presage Flower,2017-10-14,"28,16,18,14,10749",7.5
Crescent City,2024-08-16,"80,53,9648",6.0
Miss Congeniality,2000-12-22,"35,80,28",6.5
3 Days Max,2023-10-25,35,5.3
The Family Man,2000-12-12,"35,18,10749,14",6.8
Young Mother: The Original,2016-06-23,"18,10749",6.0
The DUFF,2015-02-20,"10749,35",6.8
Batman Forever,1995-06-16,"28,80,14",5.4
House of Gucci,2021-11-24,"36,18,80",6.6
Get Him to the Greek,2010-06-03,"12,35,10402",6.0
Naruto the Movie: Legend of the Stone of Gelel,2005-08-06,"16,12,14",6.7
The Great Illusion,2016-05-20,,2.0
Project Gemini,2022-01-06,"878,53",5.8
Winnie the Pooh,2011-04-06,"16,10751,35,12",6.9
The Adolescent,1979-01-24,18,5.4
The Harder They Fall,2021-10-22,37,6.6
"No manches, Frida",2016-09-02,35,7.7
Set It Up,2018-06-15,"10749,35",6.9
Team America: World Police,2004-10-10,"12,28,35",6.7
The Man with the Golden Gun,1974-12-14,"12,28,53",6.4
Mission: Cross,2024-08-08,"28,35",7.0
Accepted,2006-08-18,35,6.4
Putin,2025-01-09,"18,53,10752",5.6
The Crazies,2010-02-26,"9648,27,28",6.3
Lost Highway,1997-01-15,"18,53,9648",7.6
The Wild,2006-04-06,"10751,16",5.5
Sword Art Online the Movie – Progressive – Aria of a Starless Night,2021-10-30,"16,28,14,878",7.9
Long Shot,2019-05-02,"35,10749",6.7
Step Up 2: The Streets,2008-02-14,"10402,18,10749",6.7
The Housemaid,2010-05-13,"53,18",6.4
One Piece: Episode of Skypiea,2018-08-25,"10770,16,28,12,35",7.1
Seed of Chucky,2004-11-12,"35,27",5.5
Dragon Ball Z: Lord Slug,1991-03-19,"28,16,878",6.5
DragonHeart,1996-05-31,"14,28,12,18",6.5
Wild Wild West,1999-06-30,"28,12,35,878,37",5.3
Innerspace,1987-07-01,"28,35,878",6.8
Broker,2022-06-08,"18,35,80",7.2
Thumbelina,1994-03-30,"16,14,10749,10402,10751",6.4
Star Trek Beyond,2016-07-07,"28,12,878",6.8
Flightplan,2005-09-22,"53,18,9648",6.5
Thumbelina,1994-03-30,"16,14,10749,10402,10751",6.4
Star Trek Beyond,2016-07-07,"28,12,878",6.8
Flightplan,2005-09-22,"53,18,9648",6.5
Evan Almighty,2007-06-09,"14,35,10751",5.6
The Heirloom,2024-07-18,"28,27,53",6.0
Barbie and the Three Musketeers,2009-09-15,"16,10751",7.3
Hostel,2005-09-17,27,5.9
Ghost Cat Anzu,2024-07-19,"16,14,35,10751",6.5
Naughty,2023-02-14,18,6.3
Amateur,2018-04-06,18,6.4
Barton Fink,1991-08-01,"35,18,53",7.5
All Ladies Do It,1992-02-21,"35,18",5.0
Turtles All the Way Down,2024-04-27,"18,10749",7.5
Sugar Baby,2023-11-24,10749,4.5
TiMER,2009-05-14,"14,18,35,878,10749",6.3
Under the Boardwalk,2023-10-27,"16,35,10751,10749",7.1
With You in the Future,2025-02-06,"35,10749",8.0
Glory,1989-12-15,"18,36,10752",7.5
Barnyard,2006-08-04,"16,35,10751",5.9
Witness for the Prosecution,1957-12-17,"18,9648,80",8.2
Splash,1984-03-09,"35,10749,14",6.3
The Last Stand,2013-01-12,"28,80,53",6.1
Fate/stay night: Heaven's Feel II. Lost Butterfly,2019-01-12,"16,28,14,18,10749",7.0
Storks,2016-09-22,"12,16,35,10751",6.7
The Little Rascals Save the Day,2014-03-25,35,6.2
Hanna,2011-04-07,"28,53,12",6.6
Gerald's Game,2017-09-29,"27,53",6.4
Young Frankenstein,1974-12-15,35,7.9
Mad Max Beyond Thunderdome,1985-06-29,"28,12,878",6.2
The Simpsons: O C'mon All Ye Faithful,2024-12-16,"16,35",6.9
My Cousin the Sexologist 2,2024-05-15,"35,18",7.0
Rio Bravo,1959-03-18,37,7.8
Hunt for the Wilderpeople,2016-03-31,"12,35,18",7.6
The Social Dilemma,2020-01-26,"99,18",7.4
Rascal Does Not Dream of a Knapsack Kid,2023-12-01,"16,18,14",7.5
Ron's Gone Wrong,2021-10-14,"16,878,10751,35",7.9
"tick, tick... BOOM!",2021-11-11,"18,10402",7.6
The Forest,2016-01-07,"27,53,9648",5.2
Greta,2019-02-28,"9648,53,27,18",6.6
Oxen Split Torturing,1976-09-04,"27,18",6.0
The Forest,2016-01-07,"27,53,9648",5.2
Greta,2019-02-28,"9648,53,27,18",6.6
Oxen Split Torturing,1976-09-04,"27,18",6.0
The Apocalypse,2004-12-03,"18,10770",5.3
Horton Hears a Who!,2008-03-03,"16,35,10751,12,14",6.5
RoboCop 3,1993-01-21,"28,12,80,878,53",4.9
Happy Death Day,2017-10-12,"35,27,9648",6.7
On Her Majesty's Secret Service,1969-12-18,"12,28,53",6.6
Agak Laen,2024-02-01,"35,27",7.8
You Were Never Really Here,2017-11-08,"80,18,53",6.5
Ice Age: The Great Egg-Scapade,2016-03-19,"12,16,35,10751,10770",6.4
Beauty Rope Cosmetology,1983-12-02,18,5.0
Jackass Forever,2022-02-01,"35,99,28",6.8
Dazed and Confused,1993-09-24,"35,18",7.3
The Victory Squad,1966-11-01,99,4.0
Charm City Kings,2020-01-27,18,7.8
Escape Room: Tournament of Champions,2021-07-01,"27,53,9648",6.5
Rat Race,2001-08-17,"12,35",6.3
Road to Ninja: Naruto the Movie,2012-07-28,"16,14,28",7.3
Peaches,2005-06-09,"18,10749",5.5
Leatherface,2017-09-14,"27,53",5.6
Justice League: Throne of Atlantis,2015-01-13,"878,28,16,12",7.0
Pete's Dragon,2016-08-10,"12,10751,14",6.4
Burning,2018-05-17,"9648,18,53",7.4
Footloose,2011-10-06,"18,10402,10749",6.6
Maid in Manhattan,2002-12-13,"35,18,10749",6.1
"One Person, One Vote?",2024-02-10,99,5.0
Moana,2016-10-13,"12,35,10751,16",7.6
Father Stu,2022-04-13,18,7.2
Octopussy,1983-06-05,"12,28,53",6.4
What a Good Secretary Wants,2016-05-20,"10749,18",5.0
Larry Crowne,2011-06-30,"35,10749,18",6.0
Shrapnel,2023-07-28,"28,53,18",5.9
Invisible,2023-10-12,99,7.0
White Girl,2016-09-02,18,5.7
The Nutty Professor,1996-06-28,"14,35,10749,878",5.6
Dragged Across Concrete,2019-02-21,"80,28,53",6.6
Meteor,2021-09-01,"878,53",5.4
Lock Up,1989-08-04,"28,80,18,53",6.8
A Dog's Way Home,2019-01-10,"18,12,10751",7.4
Undercover,2024-10-11,"18,80,53",7.2
Skinford 2: The Curse,2024-05-20,"53,28",5.8
Don't Breathe 2,2021-08-12,"53,27",7.0
Seven Cemeteries,2024-10-11,"27,28,14,53",4.9
Missing Link,2019-04-04,"10751,16,35,12",6.9
The Goldfinch,2019-09-12,18,7.2
Mike and Dave Need Wedding Dates,2016-07-07,35,6.1
Thank You for Smoking,2005-09-09,"35,18",7.2
Rurouni Kenshin: The Beginning,2021-06-04,"28,12,18,10749",7.7
VIRGO,2021-04-14,"12,10402",6.2
The Golden Compass,2007-12-04,"12,14",6.1
In Youth We Trust,2024-11-28,"28,18,80",6.4
The Gigolo,2015-01-29,"10749,18,35",5.3
David,1997-03-23,"12,18,10770",6.6
The Sitter,2011-12-09,35,5.6
Hunger,2023-04-04,18,7.3
The Quest for Tom Sawyer's Gold,2023-06-22,"12,10751",5.2
Children Who Chase Lost Voices,2011-05-07,"16,12,14,10751",7.2
Something's Gotta Give,2003-12-12,"18,35,10749",6.6
Youthful Older Sister,2018-03-15,10749,7.8
Reagan,2024-08-29,"36,18",6.2
The Graduate,1967-12-21,"18,10749,35",7.6
Barbie: A Fashion Fairytale,2010-09-14,"10751,16",7.2
Boyhood,2014-06-05,18,7.5
17 Again,2009-03-11,"35,14,18,10749",6.3
The Grudge,2019-12-31,"27,9648",5.4
The Cable Guy,1996-06-10,"35,18,53",6.0
Fun with Dick and Jane,2005-12-21,"35,80",6.2
The Cell,2000-08-18,"27,878,53",6.3
Brooklyn's Finest,2010-03-04,"80,18,53",6.3
Little Women,1994-12-21,"18,10749",7.3
The Bad Shepherd,2024-02-23,"53,80",5.8
Cinderella Man,2005-06-02,"10749,18,36",7.6
Game Changer,2025-01-09,"28,18",4.7
The Carnal Sutra Mat,1986-12-12,,5.4
Lifeforce,1985-06-21,"27,878,28,53",6.3
Joshigakusei: shūdan bōkōjiken,1980-11-01,,2.0
Wish Upon,2017-07-07,"27,53,14",5.7
Flashdance,1983-04-14,"18,10749",6.5
Don Jon,2013-09-12,"10749,35,18",6.0
Selma,2014-12-25,"36,18",7.4
Babylon A.D.,2008-08-20,"28,12,878,53",5.7
13:14: The Challenge of Helping,2022-09-16,"99,36,10770",5.7
A View to a Kill,1985-05-24,"12,28,53",6.2
Sky High,2005-07-29,"12,35,10751",6.2
The Texas Chainsaw Massacre: The Beginning,2006-10-05,27,6.1
Joy,2024-11-15,18,7.0
Mother's Day,2016-04-28,"35,18,10749",6.0
Diamonds Are Forever,1971-12-14,"28,53",6.4
Lady Chatterley's Lover,2022-11-22,"18,10749",6.7
Time Bandits,1981-07-13,"10751,14,878,12,35",6.6
Maverick,1994-05-20,"28,12,35,18,37",6.9
The Visit,2015-09-10,"27,9648,53",6.3
The Thirteenth Year,1999-05-15,"10770,12,35,10751",6.6
Mortdecai,2015-01-21,"35,12",5.5
Mr. Holmes,2015-06-19,"18,80,10751,9648",6.5
The Wall,2017-05-12,"10752,53,18,28",6.4
The Wall,2017-05-12,"10752,53,18,28",6.4
Saint Seiya: Legend of Sanctuary,2014-06-21,"28,16,14",6.6
Bride of Chucky,1998-10-15,"35,27",6.1
The Mermaid,2016-02-08,"35,14,10749",6.6
Underwater,2020-01-08,"27,878,28,12",6.3
Hotel Rwanda,2004-12-22,"18,36,10752",7.7
Six Days Seven Nights,1998-06-12,"35,28,12,10749",6.1
Memories,1995-12-23,"14,16,878",7.5
Weather Girl,2009-07-10,"35,10749",5.6
Antlers,2021-10-28,"18,27,9648",6.2
Suffocated,2022-08-22,18,3.0
"Lyle, Lyle, Crocodile",2022-10-07,"35,10751,10402",7.0
Young Mother 2,2014-05-29,"18,10749",6.1
Sweeney Todd: The Demon Barber of Fleet Street,2007-12-20,"18,27",7.2
Holes,2003-04-18,"12,10751,18,35",6.9
Renfield,2023-04-07,"35,27",6.5
The Birds,1963-03-28,"27,53",7.5
Two Mothers,2017-08-01,"18,10749",7.0
Pi,1998-07-10,"9648,18,53",7.1
Porno,1981-01-01,"18,27,14,35",5.2
The Dukes of Hazzard,2005-08-05,"35,12,28",5.6
The Kissing Booth 3,2021-08-11,"10749,35",6.9
Popstar: Never Stop Never Stopping,2016-06-03,"35,10402",6.6
Teen Titans: Trouble in Tokyo,2006-09-15,"16,28,878,10770",7.8
Alice Adams,1935-08-23,"10749,18",6.7
Goodnight Mommy,2015-01-08,"27,9648,53",6.7
Home on the Range,2004-04-02,"16,10751",6.1
"Snoopy Presents: Welcome Home, Franklin",2024-02-15,"16,10751",7.7
Suicide Squad: Hell to Pay,2018-03-23,"878,28,16,14",7.1
Twins,1988-12-09,35,6.0
Un/Dressed,2024-09-20,"53,10749,18",5.8
Transporter 3,2008-11-26,"28,53,80",6.1
The Farewell,2019-07-12,"35,18",7.4
Cursed,2023-10-20,"27,28,18",6.3
Bosomy Mom 2,2020-05-27,10749,5.0
Fate/stay night: Heaven's Feel III. Spring Song,2020-08-15,"16,10749,14,28,18",7.7
End of Days,1999-11-24,"28,27,14",6.1
Senior Year,2022-05-11,35,5.9
"It's a Mad, Mad, Mad, Mad World",1963-11-07,"28,12,35,80",7.0
Main Street to Broadway,1953-10-12,"10749,10402",6.5
The Mother,2023-05-04,"28,53",6.6
Maranamass,2025-04-10,"35,18,80,53",5.5
Unfrosted,2024-04-30,"35,36",5.3
With This Ring,2015-01-24,"10749,35,10770",5.9
16 Wishes,2010-10-02,"14,18,10751",6.3
Private Number 91-Karlsson,1946-09-02,35,7.3
Disaster Holiday,2024-12-12,"35,10751",6.5
Cheaper by the Dozen 2,2005-12-21,"35,10751,12",6.2
The Image of You,2024-05-10,53,5.3
The Concubine,2012-06-06,18,5.9
Papillon,1973-12-16,"80,18",7.8
Glengarry Glen Ross,1992-09-10,"80,18,9648",7.3
Transcendence,2014-04-16,"53,878,18,9648",6.0
Lady and the Tramp,2019-11-12,"10751,10749,35",7.2
Trollhunters: Rise of the Titans,2021-07-21,"16,14,10751,28,12",7.5
Jay and Silent Bob Reboot,2019-10-15,"35,28,12",5.7
Borat: Cultural Learnings of America for Make Benefit Glorious Nation of Kazakhstan,2006-11-01,35,6.8
Nocturnal Animals,2016-11-04,"18,53",7.4
3:10 to Yuma,2007-09-06,37,7.2
Pokémon: Lucario and the Mystery of Mew,2005-07-16,"10751,12,16,14,28,878",7.0
Rub & Tug,2002-09-10,35,4.4
Metropolis,1927-02-06,"18,878",8.1
The Virgin Suicides,2000-04-21,18,7.1
Do Patti,2024-10-24,"53,9648,18,80",7.2
Hollywood,2002-12-06,,7.2
Puss in Boots: The Three Diablos,2012-02-07,"12,16,35,10751",6.5
Coyote Ugly,2000-07-30,"35,18,10402,10749",6.3
Ella Enchanted,2004-04-09,"10751,14,35",6.5
Rise of the Teenage Mutant Ninja Turtles: The Movie,2022-08-04,"16,28,878",7.2
Sunset Boulevard,1950-08-10,18,8.3
O'Dessa,2025-03-08,"10402,18,878",6.2
The Hate U Give,2018-10-19,"80,18",8.1
Cruel Intentions 2,2000-11-09,18,5.1
The Wizard of Lies,2017-05-11,"80,18,36,53,10770",6.6
The Girl in the Spider's Web,2018-10-25,"28,80,53",6.1
Snakes on a Plane,2006-08-17,"28,53,12,80",5.5
Fighter,2024-01-24,"28,18",6.1
War Machine,2017-05-26,"35,18,10752",5.6
Shanghai Noon,2000-05-26,"12,28,35,37",6.4
Marcel the Shell with Shoes On,2022-06-24,"16,35,18,10751",7.7
Sword Art Online: The Movie – Ordinal Scale,2017-02-18,"16,28,12,14,878",7.7
Bāhubali 2: The Conclusion,2017-04-27,"28,12,14",7.4
Bad Genius,2017-05-03,"18,80,53,35",7.9
Monte Carlo,2011-07-01,"12,35,10749",6.6
The Aviator,2004-12-17,18,7.2
Killers,2010-06-04,"28,35,53,10749",6.0
Attack on Titan II: End of the World,2015-09-01,"27,878,28",6.1
Luther: The Fallen Sun,2023-02-24,"80,9648,53",6.7
Taboo,1980-03-07,,6.5
Rodney Dangerfield: It's Not Easy Bein' Me,1986-09-06,35,8.8
The Messenger: The Story of Joan of Arc,1999-10-27,"12,18,28,36,10752",6.4
Quad Gods,2024-06-07,99,6.0
Jukujo virgin: Momarete Minato-chô,2017-04-28,18,4.0
Lost Ladies,2024-03-01,"35,18,10749",7.7
One Piece Film: Strong World,2009-12-12,"16,14,12",7.5
Black Water: Abyss,2020-07-09,"27,28,12",5.2
"2025: Blood, White & Blue",2022-07-01,"27,28,35",4.2
Moon,2009-06-12,"878,18",7.6
Girl Haunts Boy,2024-10-09,"14,10749,35",6.9
Eragon,2006-12-14,"14,28,12,10751",5.1
Fullmetal Alchemist: The Final Alchemy,2022-06-24,"28,12,14",6.3
Carter,2022-08-05,"28,53,80",6.0
Vice,2018-12-25,"35,18,36",7.0
Lonely Castle in the Mirror,2022-12-23,"16,18,9648,14",7.2
Testament of Youth,2015-01-16,"36,18,10752",7.3
Reptile,2023-09-29,"80,9648,53,18",6.7
For Your Eyes Only,1981-06-24,"12,28,53",6.5
The Piano Teacher,2001-09-05,"18,10749",7.3
6 Days,2017-07-09,"28,18,36,53",6.0
Blue Velvet,1986-09-19,"9648,53,80,18",7.6
Red Heat,1988-06-17,"28,80",6.2
The Makeover,2011-11-11,16,3.0
Blue Velvet,1986-09-19,"9648,53,80,18",7.6
Red Heat,1988-06-17,"28,80",6.2
The Makeover,2011-11-11,16,3.0
The Corpse of Anna Fritz,2015-03-15,"18,53",6.9
Dreamcatcher,2003-03-21,"18,27,878,53",5.6
Bob Marley: One Love,2024-02-14,"10402,36,18",6.7
The Boogeyman,2023-05-31,27,6.4
Case Closed: The Crimson Love Letter,2017-04-15,"16,80,9648,28",6.6
The Choice,2016-02-04,"18,10749",7.2
Gangster Squad,2013-01-09,"80,18,28,53",6.4
Sakra,2023-01-16,28,6.4
Clear and Present Danger,1994-08-03,"28,18,53",6.7
Thelma,2024-06-21,"28,35,12,18",6.9
Porno,2019-06-28,"35,27",6.0
Bonitinha mas Ordinária,1981-03-12,"18,53",4.5
Big Tit Monastery,1995-01-05,,7.4
Michael Clayton,2007-09-28,"18,53,80",6.8
The Informer,2019-08-30,"18,80,53",6.5
Project Almanac,2015-01-28,"878,53",6.8
Bend It Like Beckham,2002-04-11,"35,18,10749",6.3
The Kid Who Would Be King,2019-01-16,"28,12,14,10751",6.2
2 Guns,2013-08-02,"28,35,80",6.5
To Catch a Thief,1955-08-03,"9648,10749,53",7.3
The Day the Earth Stood Still,2008-12-10,"18,878,53",5.6
"Men, Women & Children",2014-10-17,"18,35",6.5
Come and See,1985-10-17,"18,10752",8.2
One Week Friends,2022-06-18,18,5.9
Taming The Younger Sister-in-Law,2020-12-11,"18,10749",6.1
The Ledge,2022-02-18,"53,12",6.6
Non Negotiable,2024-07-25,"28,53,35,18",6.1
Marco,2024-12-20,"28,80,53",6.2
Outside the Wire,2021-01-15,"53,28,878",6.4
Freaky Tales,2025-04-04,"12,35,18",8.5
Ape vs Mecha Ape,2023-03-24,"28,878",5.8
Hansan: Rising Dragon,2022-07-27,"10752,28,18,36",6.5
Rape! 13th Hour,1977-01-22,"28,80,53",5.8
The Hurricane Heist,2018-02-28,"28,12,80,53",5.7
The Great Dictator,1940-10-15,"35,10752",8.3
La Dolce Vita,1960-02-05,"35,18",8.1
Facing the Giants,2006-09-29,18,7.5
La Dolce Vita,1960-02-05,"35,18",8.1
Facing the Giants,2006-09-29,18,7.5
A Fish Called Wanda,1988-07-15,"35,80",7.2
Romeo Must Die,2000-03-22,"28,80,53",6.3
Vettaiyan,2024-10-10,"28,80,18",5.9
Star Wars: The Clone Wars,2008-08-05,"16,28,878,12",6.1
The Watch,2012-07-26,"35,28,878",5.6
The King Tide,2024-04-26,"53,9648,14",6.8
Mazinger Z: Infinity,2017-10-27,"28,878,16",6.9
Machete,2010-09-01,"28,35,53",6.3
Downfall,2004-09-16,"18,36,10752",7.9
Timecop,1994-09-15,"53,878,28,80",6.0
18×2 Beyond Youthful Days,2024-03-14,"10749,18",7.1
Pale Rider,1985-06-28,"37,18",7.2
Spartacus,2004-03-17,"28,18",6.7
21 Bridges,2019-10-24,"80,28,18",6.8
Vacation,2015-07-28,35,6.3
Freddy's Fridays,2023-10-13,27,5.9
Code Geass: Lelouch of the Re;Surrection,2019-02-09,"16,878,80,9648,10752",7.2
Barney's Great Adventure,1998-04-03,"10751,14,12",4.3
The Giver,2014-08-13,"18,878",6.6
Cheaper by the Dozen,2003-12-24,"35,10751,18",6.3
The Break-Up,2006-06-01,"10749,35",5.9
Surrogates,2009-09-24,"878,28,53",6.1
Napping Princess,2017-03-18,"14,12,16,18,878",6.7
Crayon Shin-chan: The Adult Empire Strikes Back,2001-04-21,"16,35,12",8.3
Lovelace,2013-08-08,18,6.0
Belle,2021-07-16,"16,878,18,10402,12,14",7.7
Curiosa,2019-04-03,"18,36",5.9
Peter Pan & Wendy,2023-04-20,"10751,14,28,12",5.5
The Heat,2013-06-27,"28,35,80",6.6
The Haunted Palace,1963-08-28,27,6.6
Intimacy,2001-01-20,"10749,18,14",6.2
"Definitely, Maybe",2008-02-08,"35,10749",6.9
Eternal,2024-07-08,"878,18,10749",5.4
Noah's Ark,1928-11-01,"18,10752",6.1
Ghostbusters II,1989-06-16,"35,14",6.6
Starstruck,2010-02-14,"10749,35,10770,10402",7.0
Yu-Gi-Oh!: The Dark Side of Dimensions,2016-04-23,"12,16",7.6
Yu-Gi-Oh!: The Dark Side of Dimensions,2016-04-23,"12,16",7.6
Spy Kids: All the Time in the World,2011-08-18,"10751,35,28,12,18,14,878",4.7
Alvin and the Chipmunks: The Squeakquel,2009-12-21,"35,10751,16,14,10402",5.6
Spirited,2022-11-10,35,6.9
¡Three Amigos!,1986-12-12,"35,37,18",6.3
Blood Creek,2009-10-09,"27,53",5.4
Paths of Glory,1957-10-25,"10752,18,36",8.3
Status Update,2018-02-09,"35,14,878",7.3
Young Woman and the Sea,2024-05-31,"36,18",7.9
Every Day,2018-02-22,"10749,14",7.2
The Clean Up Crew,2024-09-12,"28,80,53",5.5
Next Goal Wins,2023-11-16,"35,18",6.4
Sorority Boys,2002-03-22,35,5.5
Metropolis,2001-05-26,"16,878",7.1
Undercover Party Crasher,2025-01-17,"35,28",6.8
Wrong Turn 6: Last Resort,2014-08-22,27,5.4
The Beast in Heat,1977-07-19,"27,53,10752",5.2
Alexander,2004-11-21,"10752,36,28,12,18,10749",5.9
The Man from Earth: Holocene,2017-10-13,"18,878",5.5
Tremors 2: Aftershocks,1996-04-09,"28,27,35",6.3
The Man from Earth: Holocene,2017-10-13,"18,878",5.5
Tremors 2: Aftershocks,1996-04-09,"28,27,35",6.3
Code Geass: Lelouch of the Rebellion - Initiation,2017-10-21,"878,16,18,28",7.1
God's Not Dead: A Light in Darkness,2018-03-30,18,6.6
Self/less,2015-07-10,"878,28,53",6.4
Love Affair,2014-10-30,"18,10749",6.0
Daddy's Home,2015-12-25,35,6.3
The In Between,2022-02-11,"10749,878,18",7.4
The Adventures of Buckaroo Banzai Across the 8th Dimension,1984-08-10,"878,35,12,10749",6.0
Centigrade,2020-08-28,53,5.8
Paradox Effect,2024-06-27,"28,53",5.4
Three,2006-05-05,"18,53",5.5
The Lego Ninjago Movie,2017-09-21,"10751,16,28,12,35",6.5
One Piece: Adventure of Nebulandia,2015-12-20,"28,16,12,35,14,10770",7.7
Trouble with the Curve,2012-09-21,"18,10749",7.0
Kizumonogatari Part 1: Tekketsu,2016-01-08,"16,14,9648,18,28",7.7
Crayon Shin-chan: Invasion!! Alien Shiriri,2017-04-15,"10751,16,35",7.3
The Kill Room,2023-09-14,"35,80",5.9
Hellboy II: The Golden Army,2008-07-11,"14,12,28,27,878",6.8
The Intruder,2019-05-03,53,6.0
The Princess Diaries 2: Royal Engagement,2004-08-06,"35,18,10751,10749",6.7
The Gambler,2014-12-25,"53,80,18",6.0
Rabbit-Proof Fence,2002-02-04,"12,18,36",7.0
The Yankee Doodler,1942-11-08,10402,5.0
Beowulf,2007-11-05,"12,28,16",5.9
Invasion,2024-04-11,"28,18,53",4.6
Shoot 'Em Up,2007-07-26,"28,53,35,80",6.5
The Wave,2008-03-13,"18,53",7.5
Sin City,2005-04-01,"53,28,80",7.5
King of Killers,2023-09-01,"28,53",6.4
Little Forest,2018-02-28,18,7.6
Lesbian World: Fondling,1975-06-04,18,4.8
Ghost stories,1982-01-01,27,9.5
Slingshot,2024-08-30,"878,53",6.1
Dead Mail,2024-03-09,"80,27,53",5.4
Unbroken,2014-12-25,"18,10752",7.4
Free State of Jones,2016-06-24,"28,18,36,10752",6.8
Clint Howard Reboots Pippi Longstocking with Milla Jovovich and Fred Willard,2015-07-20,35,7.2
Dragon Ball Z: Dead Zone,1989-07-15,"16,28,14",6.8
Dragon Ball Z: Dead Zone,1989-07-15,"16,28,14",6.8
Tooth Fairy,2010-01-14,"35,10751,14",5.5
Life of the Party,2018-05-10,35,6.1
Shame,2011-10-02,18,6.9
Demetrius and the Gladiators,1954-06-16,"12,36,18",6.5
The Grudge,2004-10-22,"27,9648,53",5.9
Look Who's Talking,1989-10-12,"35,10749",6.3
Jigsaw,2017-10-25,"27,9648,53",6.2
The Book of Clarence,2024-01-11,"12,35,18",5.9
Jexi,2019-10-10,35,6.8
The Perfect Date,2019-04-12,"10749,35",6.4
Capernaum,2018-09-20,18,8.2
Misery,1990-11-30,"18,53",7.7
Sorairo Utility,2021-12-31,"16,35",4.6
The Gospel of John,2003-09-11,18,7.6
Flatliners,2017-09-28,"18,27,53",5.7
Cosmic Sin,2021-03-12,"878,28,12",4.0
Rising Sun,1993-07-30,"28,18,53",6.1
Final Fantasy: The Spirits Within,2001-07-02,"12,28,14,878,53,10749,16",6.2
No Exit,2022-02-24,"53,9648",6.9
Resident Evil: Damnation,2012-09-25,"16,27,28",6.9
The Casagrandes Movie,2024-03-21,"16,35,10751",7.1
"Crouching Tiger, Hidden Dragon",2000-07-06,"12,18,28,10749",7.4
Lake Placid,1999-07-15,"27,35,28,878,53",5.9
The Fog,1980-02-07,27,6.7
Devotion,2022-11-23,"10752,18,28",7.1
Tom and Jerry: The Fast and the Furry,2005-10-11,"16,35,10751",7.0
Seven Years in Tibet,1997-09-12,"12,18,36",7.2
Promised Hearts,2025-03-30,"18,10749",5.6
Pokémon the Movie: Secrets of the Jungle,2020-12-25,"16,12,10751,14",7.3
House of 1000 Corpses,2003-04-11,27,6.2
Doraemon the Movie: Nobita's Earth Symphony,2024-03-01,"16,10402,35,18,10751,14,12",7.3
Bullitt,1968-10-17,"28,80,53,10749,18",7.1
Downton Abbey,2019-09-12,"18,10749,36",7.1
Vanilla Sky,2001-12-14,"9648,10749,878",6.8
Death at a Funeral,2010-04-15,35,5.8
BOCCHI THE ROCK! Recap Part 1,2024-06-07,"16,35,10402",6.7
Ghost Dog: The Way of the Samurai,1999-10-06,"80,18",7.3
After Earth,2013-05-30,"878,28,12",5.2
News of the World,2020-12-25,"18,37,12",7.0
Fantasia,1940-11-13,"16,10751,14",7.4
Slither,2006-03-31,"27,878,35",6.5
Beauty Salon: Special Service,2016-12-29,"10749,18",6.2
To All the Boys: P.S. I Still Love You,2020-02-03,"10749,35",6.8
Upon the Magic Roads,2021-02-18,"12,14",6.8
Young Mother 3,2015-09-03,10749,6.1
Operation Red Sea,2018-02-16,"28,53,10752,12",7.4
Eli,2019-10-18,27,6.0
Save the Last Dance For Me,1986-07-01,"80,18",2.0
Inside,2023-03-09,"53,18",5.6
Sniper,1993-01-29,"28,18,53",6.2
Frivolous Lola,1998-06-01,"35,10749",5.2
Hunt,2022-08-10,"28,9648,18",6.7
The Last Kumite,2024-05-09,"28,53",6.8
Lifeline,2025-02-21,"9648,53,18",5.9
The Guest,2014-09-05,"9648,53,28",6.6
Dying Young,1991-06-20,"18,10749",6.7
Bull Durham,1988-06-15,"35,10749",6.7
The Rite,2011-01-28,"18,53,27",6.1
Scandal,1989-03-03,"18,36,10749",5.9
Gretel & Hansel,2020-01-30,"14,27,9648",6.0
Umma,2022-03-18,"27,9648",5.3
MouseHunt,1997-12-19,"35,10751",6.5
Detective Conan: Magician of the Silver Sky,2004-04-17,"16,9648,12",7.1
The Intimate,2005-12-08,"10749,18",6.2
One Piece: The Desert Princess and the Pirates: Adventure in Alabasta,2007-03-03,"28,12,35,18,16",6.9
Beauty and the Beast: The Enchanted Christmas,1997-11-11,"16,10751,14",6.2
Next,2007-04-25,"28,878,53",6.1
The Good Son,1993-09-24,"53,18,27",6.8
Sister's Younger Husband,2016-10-11,18,5.6
Kill Command,2016-05-13,"28,27,878,53",5.6
The Divine Sarah Bernhardt,2024-12-18,"18,10749",6.1
See You on Venus,2023-07-20,"10749,18",7.0
LOL,2012-02-10,"18,35,10749",6.1
Seven Psychopaths,2012-10-12,"35,80",6.8
Daughter of Darkness,1993-10-28,"53,27,35",5.7
The Lizzie McGuire Movie,2003-05-02,"10751,35",6.3
V/H/S/94,2021-09-26,"27,53",6.1
Tales from Earthsea,2006-07-29,"16,14,12",6.5
The Babysitter: Killer Queen,2020-09-10,"35,27",6.4
Mary Shelley's Frankenstein,1994-11-04,"18,27,878,10749",6.4
The Awakening,2011-08-17,"27,53,9648",6.4
Last Christmas,2019-11-07,"35,10749",7.2
The Remarkable Life of Ibelin,2024-03-08,"99,16",8.1
Lisa Frankenstein,2024-02-07,"35,27,10749",6.3
Dracula Untold,2014-10-01,"27,28,14",6.4
Firestarter,2022-05-12,"27,878",5.5
Mr. Brooks,2007-06-01,"80,53",6.9
Anon,2018-05-03,"878,80,9648,53",6.0
Under the Dog,2016-08-01,"28,16,878,53",6.5
Signs,2002-08-02,"18,53,878,9648",6.7
The Longest Day,1962-09-25,"10752,28,18",7.6
3 Generations,2016-10-27,"35,18",6.4
The Ice Road,2021-06-24,"28,53",6.8
Justice League vs. Teen Titans,2016-03-26,"878,28,16,12,35,18,14",7.3
Judge Dredd,1995-06-30,"878,28",5.8
Piranha 3DD,2012-05-11,"27,53,35",4.3
Judge Dredd,1995-06-30,"878,28",5.8
Piranha 3DD,2012-05-11,"27,53,35",4.3
The Name of the Rose,1986-09-24,"18,53,9648",7.5
Life in a Year,2020-11-27,"18,10749",8.2
Do You Believe?,2015-03-20,18,6.5
Mutual Relations,2015-12-01,"35,10749",6.3
Under Siege,1992-10-08,"28,53",6.3
Critters,1986-04-11,"35,27,878",6.5
Captive State,2019-03-15,"878,28,12,53",5.6
anohana: The Flower We Saw That Day - The Movie,2013-08-31,"16,18",7.5
The Night Clerk,2020-02-19,"53,80,18",6.2
Natsume's Book of Friends: Ephemeral Bond,2018-09-29,"16,14,18",7.3
Am I OK?,2024-06-11,"35,10749,18",6.3
Creation,2009-09-25,"18,36",6.4
Public Enemies,2009-07-01,"80,36,18",6.7
I Used to Be Funny,2024-06-07,18,6.4
Big Stan,2007-11-03,"35,80",6.6
Broken Arrow,1996-02-09,"28,53",6.1
Pokémon the Movie: Mewtwo Strikes Back - Evolution,2019-07-12,"16,12,14,28,10751",6.8
The Monkey King,2023-08-11,"16,14,12,10751,35",6.6
Detective Conan: The Eleventh Striker,2012-04-14,"16,9648,28",7.0
Togo,2019-12-20,"12,10751",8.1
Gigli,2003-08-01,"35,80,18,10749",4.1
The Many Saints of Newark,2021-09-22,"80,18",6.3
In the Mouth of Madness,1995-02-03,"27,9648",7.2
Return to the Blue Lagoon,1991-08-02,"12,18",6.2
Chaos,2005-01-17,"18,28,80",6.3
Westworld,1973-08-15,"12,878,37",6.8
The Martyr of Calvary,1952-04-02,"36,18",8.0
The Bling Ring,2013-06-12,"18,80",5.4
Justice League Dark: Apokolips War,2020-05-05,"16,28,878,12,14",8.2
Cherry Magic! THE MOVIE,2022-04-08,"35,10749",7.7
I Spit on Your Grave 2,2013-08-25,"53,27,80",6.3
Scarface,1932-04-09,"80,18",7.5
Resident Evil: Death Island,2023-06-22,"16,28,27",7.3
Life,1999-04-16,"35,80",6.7
All Hail,2022-03-30,"35,18",6.3
Breaking and Re-entering,2024-02-08,"28,35",6.0
Close,2019-02-22,"28,12,53",6.0
"I, Daniel Blake",2016-10-21,18,7.7
Runaway Bride,1999-07-30,"35,10749",6.1
24 Year Old Yoon Yul's Sexy Breasts,2021-03-01,"18,10749",7.3
Marching Band,2024-11-27,"35,18",7.4
Nimona,2023-06-23,"16,10751,28,878,12,14,18",7.9
Re:Zero - Starting Life in Another World The Frozen Bond,2019-11-08,"16,18,53,14",7.4
Ali,2001-12-10,18,6.8
The Punisher,1989-10-05,"28,80,18,53",5.8
Doraemon: Nobita's Treasure Island,2018-03-03,"16,12,14,878,35,10751",7.2
Black Noise,2023-11-03,"28,878,27,53",5.1
Drive My Car,2021-08-18,18,7.4
The Women Outside,1996-07-16,99,1.0
Red Lights,2012-03-02,53,6.2
Woody Woodpecker,2017-10-05,"35,10751,16",6.6
The Opposite Sex,2015-01-22,35,4.7
Death Wish,2018-03-02,"28,80,53,18",6.2
Panor,2025-01-16,"27,53",5.0
Vivo,2021-07-30,"16,10751,35",7.3
Courageous,2011-09-30,18,7.6
They Call Me Trinity,1970-12-22,"28,35,37",7.5
Front of the Class,2008-12-07,18,8.0
Eraserhead,1977-09-28,"27,14",7.4
Office Christmas Party,2016-11-25,35,5.7
Sailor Moon S the Movie: Hearts in Ice,1994-12-04,"16,14,28,10749,35",7.7
Letters to Juliet,2010-05-13,"35,18,10749",7.0
A Million Ways to Die in the West,2014-05-22,"35,37",6.0
Universal Soldier,1992-07-10,"53,28,878,80",6.3
Brother Bear 2,2006-08-17,"12,16,10751",6.7
Phineas and Ferb The Movie: Across the 2nd Dimension,2011-08-05,"16,35,10751,10770,878,12,28,10402",7.1
Violet Evergarden: Eternity and the Auto Memory Doll,2019-09-06,"18,14,16",8.1
Barbie in A Mermaid Tale,2010-01-25,"16,10751,14",7.2
The Onion Movie,2008-05-31,35,6.1
Land of the Dead,2005-06-18,"27,878,53",6.2
Ask Me Anything,2014-04-19,18,5.6
Fuga dall'Albania,1998-01-01,,9.3
Doom,2005-10-20,"28,27,878",5.2
Yaksha: Ruthless Operations,2022-04-08,"28,80,53",6.6
Rule 34,2023-01-19,18,5.6
Yaksha: Ruthless Operations,2022-04-08,"28,80,53",6.6
Rule 34,2023-01-19,18,5.6
USS Indianapolis: Men of Courage,2016-09-22,"28,10752",5.9
Drag Me to Hell,2009-05-27,"27,53",6.4
Detective Conan: Sunflowers of Inferno,2015-04-18,"16,80,12,9648",6.2
Sniper: Rogue Mission,2022-08-16,"28,53,9648",6.2
Ronin,1998-09-25,"28,53,80",7.0
Honeymoonish,2024-04-29,"10749,35",6.7
Alvin and the Chipmunks: The Road Chip,2015-12-17,"10751,12,35,10402,16",6.0
Monster High: 13 Wishes,2013-10-08,"10751,14,16",7.7
Spirit Untamed,2021-05-20,"16,12,10751",7.3
The Warriors,1979-02-01,"28,53",7.7
The Postman,1997-12-25,"878,12,28",6.3
The Three Musketeers: D'Artagnan,2023-04-05,"12,28,18,36",7.0
Scars,2005-09-16,18,7.5
Charlie St. Cloud,2010-07-30,"18,10749",7.0
Queen of the Ring,2025-03-07,18,7.8
Fatale,2020-12-18,"18,53",6.0
The Sandlot,1993-04-07,"10751,35",7.5
Killer Elite,2011-09-22,"28,12,53",6.3
Another You,1991-07-26,35,5.4
Unlocked,2023-02-17,53,7.3
Space Jam,1996-11-15,"10751,16,35,878,12,14",6.8
Romancing the Stone,1984-03-30,"10749,35,28,12",6.8
Dou kyu sei – Classmates,2016-02-20,"10749,16",8.3
In the Name of the Father,1993-12-12,18,7.9
Female Ninjas Magic Chronicles 3: Sacred Book of Sexual Positions,1993-05-21,28,7.5
Paranormal Activity 2,2010-10-20,"27,9648",5.8
Shoplifters,2018-06-02,"18,80,53",7.9
The Blob,1988-08-05,"27,878",6.8
Paranormal Activity 3,2011-10-19,"27,9648",5.9
Saw II,2005-10-28,27,6.6
Do the Right Thing,1989-06-14,18,7.7
Robin Hood,2010-05-12,"28,12,36",6.4
High School Musical,2006-01-20,"35,18,10751,10402,10749,10770",6.5
Au Pair II,2001-04-22,"10770,35,10749",5.2
National Lampoon's Vacation,1983-07-29,"35,12",7.1
Die Another Day,2002-11-17,"12,28,53",6.0
Sponsor,2025-01-31,18,10.0
Sponsor,2025-01-31,18,10.0
How to Be a Latin Lover,2017-03-06,35,6.9
Things to Do in Denver When You're Dead,1995-12-01,"18,80",6.5
Hostel: Part III,2011-12-22,27,5.1
Superman Returns,2006-06-28,"878,28,12",5.8
Tidal Wave,2009-07-22,"28,18,53",6.9
Pokémon the Movie: Hoopa and the Clash of Ages,2015-07-18,"10751,12,16,28,14",6.8
The Hunt,2012-06-13,18,8.1
Lucky Number Slevin,2006-02-24,"18,53,80,9648",7.5
The Kid,2000-07-07,"14,35,10751",6.7
The Spy Next Door,2010-01-15,"28,35,10751",5.9
The Omen,2006-06-06,"27,9648,53",5.6
High & Low The Worst X,2022-09-09,28,7.5
Heart of the Hunter,2024-03-28,28,5.9
Race for Glory: Audi vs. Lancia,2024-01-05,"18,36",6.1
First Daughter,2004-09-24,"10751,35,18,10749",6.2
Song of the Sea,2014-06-23,"10751,16,14",8.0
Dreams I Never Had,2018-04-01,18,5.0
Black Knight,2001-11-21,"35,14,12",5.3
You Are Not Me,2024-12-13,"18,27,53",6.9
Sucker Punch,2011-03-24,"28,14,53",6.2
Wedding Trough,1975-10-01,"27,10749",5.6
Bleed for This,2016-11-04,18,6.8
The Hunt for Red October,1990-03-02,"28,12,53",7.4
Miranda,1985-10-15,"35,10749",5.2
Hacker,2016-09-15,"80,18,53",6.3
Never Let Me Go,2010-03-18,"18,10749,878",6.9
Fright Night,2011-08-18,"27,35",6.2
Haywire,2011-11-01,"28,53,18",5.7
The Lucky One,2012-04-19,"18,10749",7.2
Skiptrace,2016-07-21,"28,12,80,35",5.7
Candyman,1992-10-16,"18,27,53",6.6
The Wind Rises,2013-07-20,"18,16,10749,10752,36",7.8
A Goofy Movie,1995-04-07,"12,35,10749,16,10751",7.0
Race,2016-02-19,"18,36",7.2
Makmum,2019-08-15,27,5.5
The Wave,2015-08-28,"28,53,18",6.7
Gangster Squad,2013-01-09,"80,18,28,53",6.4
Hunt,2022-08-10,"28,9648,18",6.7
Gangster Squad,2013-01-09,"80,18,28,53",6.4
Dog,2022-02-17,"18,35",7.3
Godzilla: Final Wars,2004-12-04,"28,12,878,14,53",7.1
It's a Boy Girl Thing,2006-07-15,"35,14,10749",6.5
Surf's Up 2: WaveMania,2017-01-26,"16,10751,35",6.1
Baby John,2024-12-25,"28,18,53,80",5.2
Pokémon: The Rise of Darkrai,2007-07-14,"10751,12,16,14,28,878",6.9
F Marry Kill,2025-03-06,"27,35,53",6.1
The American President,1995-11-17,"35,18,10749",6.5
Along Came a Spider,2001-04-06,"80,9648,53,28",6.3
Spy Kids: Armageddon,2023-09-22,"10751,35,12,878",6.0
#Blue_Whale,2024-01-11,"27,53",6.3
Family Reconstruction,2017-02-14,"10749,18",5.8
Snake Eyes,1998-08-07,"53,80,9648",6.2
I Am Mother,2019-06-07,"878,53",6.7
Sasaki and Miyano: Graduation,2023-02-17,"16,10749",5.9
The Breadwinner,2017-11-17,"16,10752,18,10751",7.8
To All the Boys: Always and Forever,2021-02-12,"10749,35,18",7.5
Inside Wrestling School,2000-08-20,99,6.0
Saint Seiya: Legend of Crimson Youth,1988-07-23,"28,16,14",7.7
Cocaine Bear,2023-02-22,"53,35,80",6.0
In This Corner of the World,2016-11-12,"18,16,10749,10752,36",7.9
Aavesham,2024-04-11,"35,28",7.3
Hold Your Breath,2024-09-12,"27,53,18",5.9
When We First Met,2018-02-09,"35,10749,14",6.6
Psycho-Pass: The Movie,2015-01-09,"16,878,28",7.1
The Great Mouse Detective,1986-07-02,"16,10751,12,9648",7.0
The Other Woman,2014-04-16,"35,10749",6.4
The Aunts,2024-08-28,27,6.4
Nice Sister-In-Law,2016-10-27,"10749,18",3.5
Masterminds,2016-09-29,"28,35,80",5.7
RED 2,2013-07-18,"28,35,80,53",6.5
Damaged,2024-04-12,"28,18,53,80",5.7
Mom's Friend 2,2016-09-01,10749,6.0
Nice Dreams,1981-07-24,35,5.9
Vicky Cristina Barcelona,2008-08-15,"18,10749",6.8
Love & Passion,1987-02-25,18,5.3
Paranormal Activity: Next of Kin,2021-10-29,"27,9648",6.1
Paranormal Activity: Next of Kin,2021-10-29,"27,9648",6.1
Private House of the SS,1977-01-20,"18,10752,36,27",5.4
The Last House on the Left,2009-03-13,"80,53,27,18",6.5
Bliss,2021-02-05,"878,10749,18",5.5
Dear June,2023-06-30,18,10.0
JUNG_E,2023-01-12,878,6.1
Awakenings,1990-12-04,18,7.8
Hunter x Hunter: The Last Mission,2013-12-27,"12,16,28,14",6.9
Undisputed,2002-07-17,"18,80,28",6.5
The Illusionist,2006-08-18,"14,18,53,10749",7.3
Nezha: Demon Child is Back,2024-07-30,"28,14",8.0
Silenced,2011-09-22,18,8.1
Absolutely Anything,2015-02-13,"35,878",5.9
La Hierba del Diablo,2024-03-14,27,4.5
Mother,2009-05-28,"80,18,9648",7.7
Family Matters,2022-12-25,18,10.0
Shaft,2019-06-14,"28,80,35,9648",6.5
Dennis the Menace,1993-06-09,"10751,35",5.9
Aftermath,2017-02-28,"18,53",5.7
The Man from U.N.C.L.E.,2015-08-13,"35,28,12",7.1
Fate/stay night: Unlimited Blade Works,2010-01-23,"28,14,16,18",6.9
Your Voice -KIMIKOE-,2017-08-25,"16,18,14",6.3
Against the Sun,2014-11-22,"10752,12",7.0
The Switch,2010-05-11,"35,10749,18",6.2
Overcomer,2019-08-22,18,7.7
New Year's Eve,2011-12-08,"35,10749",5.9
Naked Killer,1992-12-03,"28,80,53",6.0
Bloodshot,2020-03-05,"28,878,12",6.7
Friday the 13th,2009-02-11,"27,53",5.7
Merry Little Batman,2023-12-08,"16,28,10751,35",6.6
You Are So Not Invited to My Bat Mitzvah,2023-08-18,35,6.5
Black Rain,1989-09-22,"18,28,53",6.6
21 Grams,2003-09-06,"18,80,53",7.3
Sing Sing,2024-07-12,18,7.5
Super Mario Bros.,1993-05-28,"12,14,35,10751",4.4
Marmaduke,2010-06-03,"10751,35",5.2
Dead Bride,2025-01-09,"27,53",5.0
Terrifier,2011-08-09,27,6.1
Barbershop: The Next Cut,2016-04-15,"35,18",6.3
Jason and the Argonauts,1963-06-19,"12,10751,14",7.2
The Five-Year Engagement,2012-04-27,"35,10749",5.9
Rumble in the Bronx,1995-01-21,"80,28,35,53",6.8
Subway Serial Rape: Uniform Hunting,1987-04-28,18,1.0
Cinderella III: A Twist in Time,2007-02-06,"16,10749,10751,14",6.5
Elite Squad: The Enemy Within,2010-10-08,"18,28,80",7.8
8MM,1999-02-26,"53,80,9648",6.5
Quantum of Solace,2008-10-29,"12,28,53,80",6.3
Escape,2024-10-31,"18,53",5.4
"No Retreat, No Surrender 3: Blood Brothers",1990-01-25,"28,80,18,53",6.4
Buffalo '66,1998-01-20,"18,10749,35",7.1
The Protector,2005-08-11,"28,80,18,53",7.1
Black and Blue,2019-10-25,"28,80,18,53",6.8
I Know What You Did Last Summer,1997-10-17,"27,53,9648",6.0
Hall Pass,2011-02-25,"35,10749",5.7
The Heartbreak Kid,2007-10-05,"35,10749",5.7
Police Story,1985-12-14,"28,80,35",7.5
Godzilla: The Planet Eater,2018-11-09,"16,878,28,12",6.5
The Master,2012-09-14,18,7.1
Chhorii 2,2025-04-11,"27,18",5.2
Voyagers,2021-04-08,"878,53",6.0
Cunk on Life,2024-12-05,35,7.3
Raphaël Mezrahi Les inédits mais pas que…,2016-01-01,"35,10770",9.0
Handling the Undead,2024-02-09,"27,18,9648",6.0
U-571,2000-04-20,"10752,28,12",6.5
The Best Christmas Pageant Ever,2024-11-07,"35,18,10751",6.9
The children trapped in Bangladesh's brothel village,2016-05-17,99,6.0
Kin,2018-08-29,"878,28,12,53",6.1
Billy Lynn's Long Halftime Walk,2016-11-10,"18,10752",6.0
The Secret of Kells,2009-02-09,"16,10751,14",7.4
Grave Encounters,2011-09-09,"53,27",6.3
Veer-Zaara,2004-11-12,"18,10749",7.4
Chapel,2024-01-17,"9648,53",5.5
The Courier,2020-01-24,"53,36,18",7.0
Monster High: The Movie,2022-10-06,"10751,14,35,12",6.8
Easy Rider,1969-06-26,"12,18",7.1
She Said,2022-11-17,"18,36",7.2
Neighbors,2014-05-08,35,6.2
Neighbors,2014-05-08,35,6.2
The Adventures of Robin Hood,1938-05-13,"12,10749,36,28",7.5
The Goat Life,2024-03-28,"18,12",7.2
Winchester,2018-02-02,"27,53",5.9
Purpose of Tutoring,2023-12-07,"10749,18",7.0
Step Up 3D,2010-08-04,"18,10749",6.8
Satan's Slaves,2017-09-28,"18,27,9648",6.7
10,1979-10-05,"35,10749",5.7
Court: State vs. A Nobody,2025-03-14,"18,10749,80",7.5
The Day the Earth Stood Still,1951-09-28,"878,53,18",7.4
Mad Money,2008-01-17,"35,28,80",6.5
Bleach the Movie: Fade to Black,2008-12-13,"28,16,14,18",7.1
The Three Musketeers,2011-08-31,"12,28,53",5.8
Kinds of Kindness,2024-05-30,"18,35",6.5
Consent,2023-10-11,"36,18",6.9
Blood Brothers,2007-08-16,"18,80",5.3
You Again,2010-09-23,"35,10749",6.3
UglyDolls,2019-05-01,"16,10402,10751,35",6.6
Pokémon: The First Movie,1998-07-18,"16,10751,12,14,28",6.9
A Good Year,2006-09-09,"35,18,10749",6.7
But I'm a Cheerleader,2000-07-07,"35,10749",7.1
Apostle,2018-09-21,"27,9648,18,14",6.1
The Santa Clause 2,2002-09-29,"14,35,10751",6.0
Is It Wrong to Try to Pick Up Girls in a Dungeon?: Arrow of the Orion,2019-02-15,"16,28,12,35,14,10749",7.8
54,1998-08-28,"18,10402",5.9
Rakka,2017-06-14,"28,878,27",7.1
The Sentinel,2006-04-19,"28,53,80",6.1
Cocktail,1988-07-29,"10749,18,35",6.1
The Witcher: Nightmare of the Wolf,2021-08-22,"16,28,14",7.5
Braven,2018-02-01,"18,28,53",6.2
The Ten Commandments,2007-10-19,"16,18,10751,14",5.6
Snow White: A Tale of Terror,1997-07-18,"14,27",6.1
Escape from Germany,2024-04-11,"36,18,10752",4.8
Diary of a Wimpy Kid: The Long Haul,2017-05-19,"35,10751,12",5.3
Avicii - I'm Tim,2024-06-09,"99,10402",8.1
Isn't It Romantic,2019-02-13,"35,14,10749",6.2
About Schmidt,2002-12-12,"18,35",6.8
Something Borrowed,2011-05-05,"35,18,10749",6.3
Haikyuu!! The Movie: The End and the Beginning,2015-07-03,"16,18",8.6
Doraemon: Nobita's Great Adventure in the Antarctic Kachi Kochi,2017-03-04,"16,12,14,10751",6.5
See How They Run,2022-09-09,"9648,35,80",6.4
Deep Fear,2023-10-18,"27,53,28,9648",5.3
Child's Play,2019-06-19,"27,53",6.0
Deep Rising,1998-01-30,"12,28,27,878",6.2
Charlie Wilson's War,2007-12-19,"35,18,36",6.5
mother!,2017-09-13,"18,27,53",7.0
Stay,2005-09-24,"9648,53,18",6.6
The Nature of Love,2023-09-22,"10749,35,18",7.2
Beezel,2024-09-20,"27,53",5.6
My Sister's Keeper,2009-06-26,18,7.4
Tales of the Bizarre: 2023 Summer Special,2023-06-17,14,6.0
The Long Kiss Goodnight,1996-10-11,"80,28,9648,53",6.6
The Karate Kid Part III,1989-06-16,"28,10751,18,12",5.9
The Covenant,2006-09-07,"14,27,12,28",5.6
God's Own Country,2017-08-31,"10749,18",7.8
Early Man,2018-01-26,"10751,35,16,12",6.2
Avengement,2019-05-24,"80,28",6.8
Tunnel,2016-08-10,"53,18",7.3
Dark Skies,2013-02-21,"878,53,27",6.3
Before the Devil Knows You're Dead,2007-09-26,"80,18,53",7.1
In the Heights,2021-06-10,"18,10749",7.1
The Fox and the Hound,1981-07-10,"12,16,18,10751",7.1
Any Given Sunday,1999-12-22,18,6.8
"The Adventures of Priscilla, Queen of the Desert",1994-05-31,"18,35",7.3
The Number 23,2007-02-23,"53,9648,80",6.4
Bombshell,2019-12-13,18,6.8
Escape from Pretoria,2020-03-06,"18,36,53",7.2
Detective Conan: The Darkest Nightmare,2016-04-16,"16,9648,28,80",6.9
Chief of Station,2024-05-02,"28,53",6.2
Pokémon: Arceus and the Jewel of Life,2009-07-18,"10751,16,12,14",7.1
The Peacemaker,1997-09-26,"28,53",6.0
Double Rope Torture,1985-01-15,18,4.4
"If My Favorite Pop Idol Made It to the Budokan, I Would Die: The Movie",2023-05-12,"18,35",6.0
Driving Miss Daisy,1989-12-13,18,7.2
Candyman,2021-08-25,"27,53,9648",6.0
Dead Talents Society,2024-08-07,"27,35",6.9
Something in the Water,2024-03-22,"53,27",5.8
50/50,2011-09-30,"35,18",7.2
Foxter and Max,2019-09-19,"12,14,10751",7.2
The Greatest of All Time,2024-09-05,"28,18,53",4.9
BlackBerry,2023-02-13,"35,18",7.1
Professor Marston and the Wonder Women,2017-10-13,"18,10749",7.2
Riviera Revenge,2024-04-24,35,6.2
13,2010-03-12,"18,53",5.8
"Are You There God? It's Me, Margaret.",2023-03-29,"35,18",7.2
The Legend of La Llorona,2011-10-21,"10751,16,14,27",7.8
Sade,2000-08-23,"36,18,80",5.7
"Good Luck to You, Leo Grande",2022-06-16,"10749,18",7.0
Boudica,2023-10-26,"28,10752",5.9
Boy Erased,2018-09-24,18,7.0
Pokémon the Movie: Diancie and the Cocoon of Destruction,2014-07-19,"16,10751,12,28,35,18",6.7
Blade of the 47 Ronin,2022-10-25,14,6.5
Iron Mask,2019-08-16,"28,12,10751,14",6.1
Detective Conan: Private Eye in the Distant Sea,2013-04-19,"16,28,18",6.7
A Thousand Words,2012-03-07,"18,35",6.1
Trinil,2024-01-04,"18,27,53",4.5
Code Geass: Akito the Exiled 3: The Brightness Falls,2015-05-02,"28,16,878",6.3
Return,2011-02-10,18,6.4
The Beast,2024-02-07,"18,878,10749",6.3
Carrie,2013-10-16,"18,27",6.0
Men,2022-05-20,"27,53,14",6.1
Patriot Games,1992-06-04,"18,28,53,80",6.7
Teri Baaton Mein Aisa Uljha Jiya,2024-02-09,"10749,35,878",5.6
First Knight,1995-07-07,"28,12,18,10749",6.1
Shape of My Heart,2024-07-06,10749,7.0
Wifelike,2022-08-12,"878,9648,53",6.7
Mirai,2018-06-16,"16,10751,14,12,18",7.2
Bubble,2022-02-14,"16,12,878,14",7.3
Repo Men,2010-03-18,"28,878,53,80",6.3
The Pale Blue Eye,2022-12-22,"53,80,27,9648",6.8
Fist Fight,2017-02-16,35,6.1
Then Came You,2018-12-05,"35,18",7.4
The Dark Kingdom,2018-11-26,"14,12,878,28",5.6
Porn,2023-05-16,99,8.1
The Gene Generation,2007-09-27,"28,878",4.8
Honest Thief,2020-09-03,"53,28,80",6.5
"For a Good Time, Call...",2012-08-31,"35,18",5.9
Nun in Rope Hell,1984-05-25,"18,27",6.5
Ulajh,2024-08-02,"18,53",5.4
Detective Conan: The Bride of Halloween,2022-04-15,"16,28,80,9648",6.6
Detective Conan: The Bride of Halloween,2022-04-15,"16,28,80,9648",6.6
Magic Mike,2012-06-28,"18,35",6.2
My Cousin the Sexologist,2016-07-20,"35,18",6.8
The Little Mermaid,2018-08-02,"10751,12,14,10749,18",5.0
Midnight Run,1988-07-20,"28,35,80,53",7.2
Cha Cha Real Smooth,2022-06-17,"35,18,10749",7.1
Leap Year,2010-01-08,"10749,35",6.9
Rashomon,1950-08-26,"80,18,9648",8.1
Luck-Key,2016-10-13,"28,35,80",7.1
Disclosure,2020-06-19,99,7.9
Triple Threat,2019-03-19,"53,28",6.4
Le commerce du sexe,2015-06-15,"99,18",7.0
Atlantis: Milo's Return,2003-02-25,"14,16,878,10751,28",6.3
Detective Conan: Crossroad in the Ancient Capital,2003-04-19,"16,9648,12",7.1
The Life Aquatic with Steve Zissou,2004-12-10,"12,35,18",7.1
Eileen,2023-12-01,53,6.0
Flash Gordon,1980-09-01,"878,12,28",6.2
One Piece: Dead End Adventure,2003-03-01,"28,16,12",7.0
One Piece: Clockwork Island Adventure,2001-03-03,"28,16,12",6.9
The Imaginary,2023-12-15,"16,12,18,10751,14",7.9
Cesium Fallout,2024-10-25,"18,28,80",6.2
Lady Vengeance,2005-07-29,"18,53",7.5
Outcast,2014-09-26,"28,12",5.1
Angel Heart,1987-03-06,"27,9648",7.1
Detective Conan: The Raven Chaser,2009-04-18,"16,80,9648,53",7.3
Vice,2015-01-16,"53,878,28,12",4.4
Mary and The Witch's Flower,2017-07-08,"12,16,10751,14",7.1
Wildlife,2018-09-23,18,6.6
Flowers in the Attic,2014-01-18,"18,9648,53,10770",6.7
Hard Target,1993-04-27,"28,53,80",6.4
Savages,2012-07-06,"80,18,53",6.4
Secret in Their Eyes,2015-10-14,"53,9648,80",6.4
Godzilla: Planet of the Monsters,2017-11-17,"16,28,878",6.4
Lonely Planet,2024-10-10,"10749,18",6.1
Dolittle,2020-01-02,"10751,35,14,12",6.6
Love at the Top,1974-03-13,35,6.2
Coneheads,1993-07-23,"35,878",5.4
Vixen!,1968-10-15,18,5.4
Out of My Mind,2024-01-19,18,7.9
The Game Plan,2007-09-28,"35,10751",6.5
Disclosure,1994-12-09,"53,18,80",6.2
Seeds of Hope,2012-10-13,99,8.0
Transformers,2007-06-27,"12,878,28",6.8
Superman III,1983-06-17,"35,878,28,12",5.5
Monolith,2023-10-26,"27,9648,878,53",6.1
Artemis Fowl,2020-05-29,"12,14,878,10751,28",5.6
Cujo,1983-08-10,"27,53",6.2
Pedro Páramo,2024-09-12,"18,9648,53",6.9
The Little Girl Who Lives Down the Lane,1976-12-25,"18,9648,53",7.0
Detective Conan: Strategy Above the Depths,2005-04-09,"16,9648",6.9
Young Guns II,1990-08-01,"37,12",6.5
The Testament of Sister New Devil: Departures,2018-01-27,"16,28,10749,14",7.7
Motherless Brooklyn,2019-10-31,"18,53",6.7
Romeo and Juliet,1968-04-02,"18,10749",7.4
Lifeline,2025-02-21,"9648,53,18",5.9
Killer Heat,2024-09-25,"80,18,10749",5.8
The Tax Collector,2020-08-07,"28,80,18",5.6
Bio Hunter,1995-12-08,"27,16,28",5.9
Hardcore,1979-02-09,"9648,18,80",6.8
Grandma's Boy,2006-01-06,35,6.5
Miss Bala,2019-02-01,28,6.4
Inspector Gadget,1999-07-23,"28,12,35,10751",4.5
The Last Emperor,1987-10-04,"18,36",7.6
The Substitute,1996-04-19,"28,80,18,53",6.9
Hyde in Hollywood,1991-07-05,18,1.0
The Lost Children,2024-11-13,99,7.4
Ryuichi Sakamoto: async at the Park Avenue Armory,2018-02-21,"99,10402",7.2
Dilan 1983,2024-06-13,"18,10749,10751,35",6.4
The Muppets,2011-11-22,"35,10751,10402",6.7
Set It Off,1996-11-06,"80,18,53",7.2
Major League,1989-02-16,35,6.9
The Final Countdown,1980-01-31,"10752,28,878",6.6
Your Ticket Is No Longer Valid,1981-09-19,18,5.0
Hang 'em High,1968-04-12,"37,18",6.8
Erotic Ghost Story,1990-05-19,"14,18,27",6.2
Enter the Void,2010-05-05,"14,18",7.3
Dark City,1998-02-27,"9648,878",7.3
Dark City,1998-02-27,"9648,878",7.3
The Roundup: Punishment,2024-04-24,"28,80,18,53,35",6.8
Spy Kids 2: The Island of Lost Dreams,2002-08-07,"28,12,10751,35,878",5.6
Extremely Loud & Incredibly Close,2011-12-25,18,7.0
Ouija,2014-10-24,27,5.1
Stacked Like Me,2006-02-14,99,1.0
Far and Away,1992-05-22,"12,18,10749,37",6.8
K.G.F: Chapter 1,2018-12-20,"28,53,12,80",7.4
The Report,2019-09-12,18,7.0
The Glass Castle,2017-08-11,18,7.1
Bogotá: City of the Lost,2024-12-31,"53,80,18",7.0
Red Riding Hood,2006-06-27,"10751,14",5.7
Crayon Shin-chan: Fast Asleep! Dreaming World Big Assault!,2016-04-16,"12,16,35,10751,14",6.6
Tayuan,2023-06-23,"18,10749",6.0
Mr. Monk's Last Case: A Monk Movie,2023-12-08,"35,80,9648,10770",7.0
The Woman in Black,2012-02-03,"18,27,53",6.1
Saul: The Journey to Damascus,2014-04-01,18,7.5
The Towering Inferno,1974-12-14,"28,18,53",7.0
The Incredible Burt Wonderstone,2013-03-14,35,5.7
The Possession,2012-08-30,"27,53",6.0
Fugitive Pieces,2008-05-09,18,6.2
12 Feet Deep,2018-11-08,53,6.0
Boreal,2024-10-16,"18,14",7.0
Monster's Battlefield,2021-12-27,"878,28,27",6.8
Nobody Knows,2004-08-07,18,8.0
Legend,1985-08-28,"12,14",6.2
Frozen Fever,2015-03-09,"16,10751,12,35",6.8
The Childe,2023-06-21,"28,53,18",7.2
Analyze This,1999-03-05,"35,80",6.5
The Tin Drum,1979-05-02,"18,36,10752",6.9
In Secret,2013-09-17,"18,53,80,10749",6.1
The Dry,2021-01-01,"80,53,9648",6.8
The Piano,1993-05-18,"18,10749",7.4
Rurouni Kenshin Part III: The Legend Ends,2014-09-13,"28,12,14",7.7
DC Films Presents Dawn of the Justice League,2016-01-19,99,6.0
Divorce,2024-09-25,"35,18",6.6
The Infallibles,2024-06-20,"35,28",6.3
Case Closed: Countdown to Heaven,2001-04-21,"16,28,80,9648",7.4
We Are Your Friends,2015-08-26,"18,10402,10749,35",6.8
Cash on Delivery,1992-04-30,"18,35,10749,80",3.5
Patient Zero,2018-09-14,"27,53,28,18",5.3
The Smoke Master,2023-05-18,"28,35,14",7.3
The Campaign,2012-08-09,35,5.8
Skinamarink,2023-01-13,27,5.4
Mean Machine,2001-12-26,"35,18",6.2
I'm Not Ashamed,2016-10-21,18,7.2
Miranda's Victim,2023-10-06,"18,36",6.8
Blackbird Blackbird Blackberry,2023-10-26,"10749,18",6.4
Mohabbatein,2000-10-27,"18,10749",7.0
Bicentennial Man,1999-12-17,"878,18",7.3
The Longest Ride,2015-04-09,"18,10749",7.6
Green Zone,2010-03-11,"10752,28,12,18,53",6.5
Supreme,2016-05-05,"10749,28,35",4.7
Nutcrackers,2024-09-05,"18,35",5.9
Talladega Nights: The Ballad of Ricky Bobby,2006-08-04,35,6.4
Mr. Popper's Penguins,2011-06-17,"35,10751",6.0
Kids,1995-07-28,"18,80",6.9
Kids,1995-07-28,"18,80",6.9
Legacy of Lies,2020-07-28,"53,28",5.5
Vassalord.,2013-03-15,"16,28,9648,14,35,18,27",5.7
The Black Dahlia,2006-09-15,"80,53,18",5.6
The Void,2016-09-22,"9648,27,878",6.0
How to Have Sex,2023-11-02,18,6.3
Conan the Destroyer,1984-06-29,"12,14,28",6.1
Fear Street: 1994,2021-06-28,"27,9648",6.7
Citizen Kane,1941-04-17,"9648,18",8.0
Junior,1994-11-22,"35,878",5.2
Those Who Wish Me Dead,2021-05-05,"53,28",6.6
Curse of Chucky,2013-10-08,"27,53",5.9
Winnie the Pooh: Blood and Honey,2023-01-26,"27,53",5.0
Hawaiian Vacation,2011-06-16,"16,10751,35",7.0
Rocco,2016-11-30,99,5.6
Cracks,2009-12-04,"18,9648,53",6.7
The Quake,2018-08-31,"28,18,53",6.7
Labyrinth,1986-06-27,"12,10751,14",7.3
Transformers: Revenge of the Fallen,2009-06-19,"878,28,12",6.2
Craig Before the Creek,2023-12-11,"16,10751,10770,12,35,14",7.7
Desert Flower,2009-09-24,18,7.5
Boston Strangler,2023-03-16,"80,9648,53",6.6
Loves of a French Pussycat,1972-03-09,35,3.8
Sex Drive,2008-10-16,"35,12,10749",6.4
Rape Zombie: Lust of the Dead 2,2013-03-23,"27,35",6.4
Them That Follow,2019-08-02,53,5.0
Hot Summer Nights,2018-07-26,"18,80",6.6
Look Who's Back,2015-10-08,35,6.8
Cats & Dogs: The Revenge of Kitty Galore,2010-07-29,"10751,12,35,14,28,16",5.2
Inuyasha the Movie: Affections Touching Across Time,2001-12-15,"28,16,12,14",7.6
Hi Nanna,2023-12-07,"18,10751,10749",7.8
Cellular,2004-09-06,"28,53,18,80",6.4
L.E.T.H.A.L. Ladies: Return to Savage Beach,1998-01-27,"28,53",6.2
"Hello, Love, Again",2024-11-13,"10749,18",6.4
Navy Seals,1990-07-20,28,5.4
Girl Meets Boy,2025-02-14,"35,10749",7.0
American Gigolo,1980-02-01,"80,18,9648",6.1
Bungo Stray Dogs: Dead Apple,2018-03-03,"16,28,35,9648,80,14",8.1
Monsters,2010-06-18,"18,53,878",6.2
The 33D Invader,2011-10-06,"35,878",5.6
The Prodigy,2019-02-06,"27,53",6.1
Trust,2010-09-10,"80,18,53",6.6
Napoleon Dynamite,2004-06-11,35,6.8
Fahrenheit 451,2018-05-12,"18,878,53",5.4
The Sand Castle,2024-12-07,"53,9648,18,14",5.4
Dance Flick,2009-05-22,"10402,35,28",4.9
One Piece: Baron Omatsuri and the Secret Island,2005-03-05,"28,16,35",7.3
Zodiac Crush,2023-02-05,"99,35,10749,12,18",6.0
An Interview with God,2018-08-20,"18,9648",7.0
Joseph and His Brethren,1961-08-23,"10751,18",5.8
Final Analysis,1992-02-07,"18,53,10749",5.7
Kickboxer,1989-04-20,"28,53,18",6.8
22 Bullets,2010-03-23,"18,80,53",6.7
Max,2015-06-25,"12,18,10751",7.1
Babe: Pig in the City,1998-11-25,"10751,12,35,18",5.6
Fear and Loathing in Las Vegas,1998-05-19,"12,18,35",7.2
Air Force One Down,2024-02-09,"28,53",6.1
I Spy,2002-10-31,"28,12,35,53",5.4
White Snake,2019-01-11,"10749,16,14",7.7
My Hero Academia: All Might Rising,2019-02-13,"16,28",6.2
My Hero Academia: All Might Rising,2019-02-13,"16,28",6.2
Wishmaster,1997-09-19,"27,14",6.0
Midnight Matinee,1988-10-12,"27,9648,53,10770",4.0
The Buried Secret of M. Night Shyamalan,2004-06-18,"35,99,878,10770",6.7
Blue Story,2019-11-22,"80,18,10749",7.3
The Monkey King 2,2016-01-22,"28,12,14",5.9
Feel the Beat,2020-06-19,"35,10402,18",7.6
Teenage Mutant Ninja Turtles,1990-03-30,"878,28,12,35,10751",6.7
Beautiful Wedding,2024-01-24,"10749,35,18",5.5
The Lego Movie 2: The Second Part,2019-02-06,"28,12,16,35,10751",6.7
The Princess,2022-06-16,"28,14",6.8
Highlander: The Search for Vengeance,2007-06-05,"28,16,14,878",7.2
Black '47,2018-09-05,18,6.5
Lamas,2024-12-17,18,4.0
NiNoKuni,2019-08-23,"16,28,12,10751,14,10749",6.5
Spitfire Over Berlin,2022-05-13,"10752,28,36",5.5
Fair Play,2023-09-28,"18,53,10749",6.3
Rumor Has It...,2005-12-22,"35,10749",5.7
Spitfire Over Berlin,2022-05-13,"10752,28,36",5.5
Fair Play,2023-09-28,"18,53,10749",6.3
Rumor Has It...,2005-12-22,"35,10749",5.7
The Legend of Bagger Vance,2000-11-02,"18,10749",6.6
Blame It on Rio,1984-02-17,"35,10749",5.7
Never Sleep Again: The Elm Street Legacy,2010-05-04,99,7.8
McVeigh,2024-06-07,18,5.5
Parallel Mothers,2021-10-08,18,6.8
Gurren Lagann the Movie: The Lights in the Sky Are Stars,2009-04-25,"28,878,16,12",7.8
The Imaginarium of Doctor Parnassus,2009-10-01,"12,14,9648",6.4
What Lies Beneath,2000-07-21,"18,27,9648,53",6.4
Choose or Die,2022-04-15,"27,53,878",5.3
A Taxi Driver,2017-08-02,"28,18,36",8.1
The Walking Dead: The Return,2024-02-15,99,7.3
The Do-Over,2016-05-27,"28,12,35",5.7
Tale of Tales,2015-05-14,"10749,14,27",6.4
Brahms: The Boy II,2020-02-20,"27,9648,53",5.9
Barbie and Stacie to the Rescue,2024-03-03,"16,10751",7.1
Instructions Not Included,2013-07-20,"35,18",7.7
Terrified,2018-05-03,27,6.7
Beneath the Valley of the Ultra-Vixens,1979-05-11,35,5.3
The Young Messiah,2016-03-10,18,6.4
Sailor Moon R: The Movie - The Promise of the Rose,1993-12-05,"16,10749,28,14",7.9
Balkan Line,2019-03-21,"18,28,10752",7.5
Hard Candy,2005-01-14,"18,53",6.8
Halloween III: Season of the Witch,1982-10-22,"27,878",5.2
A-X-L,2018-08-23,"878,28,12,10751",6.3
The Corpse Washer,2024-02-22,"27,18,53",6.7
Pleasantville,1998-09-17,"14,35,18",7.3
Compliance,2012-08-23,"18,53",6.4
Hotel Artemis,2018-06-07,"53,878,28,80,18",6.1
Arctic,2018-11-21,"18,12",6.5
Doraemon: Nobita and the New Steel Troops: Winged Angels,2011-03-05,"16,12,10751,878",7.4
Æon Flux,2005-11-30,"878,28,53",5.6
The Shadow in My Eye,2021-10-28,"10752,18,36",7.8
Buried in Barstow,2022-06-04,"53,28,18,10770",7.1
La Leyenda de los Chaneques,2023-07-14,"16,35,10751,27",8.4
Hellraiser,2022-09-28,"27,9648",6.2
Walking with Dinosaurs,2013-12-18,"16,10751,12",6.2
Hellraiser,2022-09-28,"27,9648",6.2
Walking with Dinosaurs,2013-12-18,"16,10751,12",6.2
Pacific Heights,1990-09-28,"53,18,9648",6.3
Whatever It Takes,2000-03-31,"18,35,10749",5.8
Dispassionate Love,2018-05-01,18,4.5
Lorenzo's Oil,1992-12-30,18,7.1
Elizabeth,1998-09-13,"18,36",7.2
Bleach the Movie: The DiamondDust Rebellion,2007-12-22,"28,16,53",6.8
Kung Fu Games,2024-08-23,28,5.7
Wall Street,1987-12-10,"80,18",7.2
Pokémon: Giratina and the Sky Warrior,2008-07-19,"10751,12,16,14",6.8
Maharaja,2024-06-14,"28,53",7.8
Dogville,2003-05-21,"80,18,53",7.8
Sex Plate 17,2017-11-13,"35,18,10749",6.3
"Dude, Where's My Car?",2000-12-15,"35,10749,878,9648",5.5
Exposed,2016-01-22,"18,80,53,9648",4.9
Oliver!,1968-09-26,"18,10751",7.0
Miracolo italiano,1994-12-21,35,4.1
Garage Sale,2024-02-01,18,10.0
2010,1984-12-06,"53,878",6.6
Kill Boksoon,2023-02-17,"28,18,53,80",6.8
Blades of Glory,2007-03-30,35,6.1
Mazel Tov,2025-04-17,"18,35",8.0
White Snake: Afloat,2024-07-30,"16,10749,35,14",7.8
Last Summer,2023-09-13,18,6.0
Holmes & Watson,2018-12-25,"35,9648,80",4.3
Given,2020-08-22,"16,18,10402,10749",8.3
Heathers,1988-10-01,"35,80",7.3
Short Circuit,1986-05-09,"878,35,10751",6.6
The Fourth Kind,2009-11-05,"9648,878,53",6.3
MILF,2018-05-02,"35,10749",5.8
Seven Pounds,2008-12-18,18,7.6
80 for Brady,2023-02-03,"35,18",6.3
Elvira: Mistress of the Dark,1988-09-30,"35,14,27",6.6
Stepmom,1998-12-25,"18,10749,35",7.1
Barbie as the Island Princess,2007-09-17,"16,10751",7.3
Detective Conan: The Private Eyes' Requiem,2006-04-15,"16,9648,12",7.1
Love Letter,1995-03-25,"18,10749",7.8
The Vanishing of Sidney Hall,2018-03-02,"18,9648,10749",6.7
The Vanishing of Sidney Hall,2018-03-02,"18,9648,10749",6.7
Bros,2022-09-30,"35,10749",6.7
The Love Witch,2016-11-11,"27,35,10749",6.4
All the Old Knives,2022-04-08,"53,28",6.0
Season of the Witch,2011-01-07,"12,14,28",5.5
Welcome to Marwen,2018-12-21,"18,35",6.5
The Secret,2006-03-26,99,6.5
All About Steve,2009-08-06,35,5.0
Don't Let Go,2019-08-30,"878,53,9648,27",6.9
The 6th Day,2000-11-17,"878,28,9648,18,53",6.0
Bila Esok Ibu Tiada,2024-11-14,"18,10751",6.5
Hellbound: Hellraiser II,1988-12-23,"27,53,14",6.4
The Light Between Oceans,2016-09-02,"18,10749",7.1
From Up on Poppy Hill,2011-07-16,"16,18",7.5
A Perfect World,1993-11-24,"18,80",7.5
The Many Adventures of Winnie the Pooh,1977-03-11,"16,10751,12",7.2
Melissa P.,2005-11-18,18,4.6
The Deep House,2021-06-30,"27,9648",6.0
The Silence,2019-05-16,"27,18,53,14",6.0
Percy Jackson: Sea of Monsters,2013-08-07,"12,10751,14",6.0
The Silence,2019-05-16,"27,18,53,14",6.0
Percy Jackson: Sea of Monsters,2013-08-07,"12,10751,14",6.0
Becoming Jane,2007-03-02,"10749,18",7.3
Goblin Slayer: Goblin's Crown,2020-02-01,"16,12,28,14",7.4
Test,2025-04-04,"18,53",5.2
Black Butler: Book of the Atlantic,2017-01-21,"16,28,35,14,9648",7.6
Pokémon Heroes,2002-07-13,"16,12,28,14,878",6.7
Dragon Ball Z: Super Android 13!,1992-07-11,"28,16,878",6.9
The Client List,2010-07-19,"18,10770",5.9
Death Race: Inferno,2013-01-04,"28,878,53",5.8
I Don't Know How She Does It,2011-09-16,"10749,35",5.2
Making The Witcher: Season 2,2021-12-17,99,6.2
Solaris,1972-03-20,"18,878,9648",7.8
Happiest Season,2020-11-26,"10749,35",7.2
Bio.,2005-03-01,99,6.0
Rocky III,1982-05-28,18,6.9
Sabrina,1954-09-10,"35,10749,18",7.5
The Unforgivable,2021-11-24,"18,80",7.4
Buried,2010-09-24,"18,53,9648",6.6
Buried,2010-09-24,"18,53,9648",6.6
Monster High 2,2023-10-05,"14,878,28,12",6.9
RUNN,2024-07-16,99,10.0
Playing It Cool,2014-09-26,"35,10749",5.9
"The Cook, the Thief, His Wife & Her Lover",1989-10-13,"80,18",7.3
First Man,2018-10-10,"36,18",7.0
Collateral Damage,2002-02-06,"28,53,18",5.8
The Final Girls,2015-10-09,"35,27",6.4
Dragon Ball Z: Cooler's Revenge,1991-07-20,"28,16,878",7.0
Sister Act,1992-05-28,"10402,35",6.8
Back to the Outback,2021-12-03,"10751,16,12,35",7.7
A Bigger Splash,2015-11-26,"18,53,10749",6.2
The Brave One,2007-09-12,"80,18,53",6.6
Blade II,2002-03-22,"14,27,28,53",6.6
Heaven in Hell,2023-02-10,"18,10749",6.8
The X Files: I Want to Believe,2008-07-24,"9648,878,53",5.8
8½,1963-02-14,18,8.1
The Verdict,1982-12-08,18,7.4
Lars and the Real Girl,2007-10-12,"35,18,10749",7.2
Gauche the Cellist,1982-01-23,"16,10402,14",7.2
Daddio,2024-06-27,18,6.2
EXIT,2019-07-31,"28,35",7.6
My Little Pony: A New Generation,2021-09-22,"16,10751,14,35,12",7.7
My Super Ex-Girlfriend,2006-07-20,"35,878,10749",5.1
Invasion of the Body Snatchers,1978-12-20,"878,27",7.2
The Wrong Track,2025-02-27,"35,18",6.3
Lucy Shimmers and the Prince of Peace,2020-10-19,"18,10751",8.3
Debt Collectors,2020-05-29,"28,35,80",6.1
London Fields,2018-09-20,"80,53",5.1
American Graffiti,1973-08-11,"35,18",7.0
On the Waterfront,1954-06-22,"80,18,10749",7.9
Downton Abbey: A New Era,2022-04-27,"18,10749",7.2
Walk the Line,2005-09-13,"18,10402,10749",7.5
Raising Helen,2004-05-27,"18,35,10749",6.1
The Other Boleyn Girl,2008-02-28,"18,10749,36",6.7
The Ages of Lulu,1990-12-03,18,6.4
Athena,2022-09-09,"28,12,53,18",6.6
Crush,2022-04-29,"35,10749",7.4
The Silence of the Lambs,1991-02-14,"80,18,53",8.3
The Unholy 2,2025-03-31,"28,18,14,27,53",7.5
Harold and Maude,1971-12-20,"35,18,10749",7.6
Snatched,2017-05-03,"28,35",5.4
"House of 1,000 Dolls",1967-11-08,"80,18,9648",5.2
Betrayed,2020-12-25,"18,36,10752",7.0
Acrimony,2018-03-30,"18,53",6.7
My Big Fat Greek Wedding 2,2016-03-23,"10749,35",6.0
Eddie the Eagle,2016-02-25,"35,18,36,12",7.2
A Cinderella Story: Christmas Wish,2019-10-15,"10749,10402,35,14",6.4
Making The Witcher,2020-08-26,"99,10770",7.1
Only You,1994-03-04,"10749,35",6.8
Black Death,2010-06-07,"18,36,27",6.1
Mutant: Ghost War Girl,2022-09-26,"878,28",5.3
Gosford Park,2001-12-26,"18,9648,53",6.8
The Stepford Wives,2004-06-10,"35,878,27",5.7
Ken Park,2003-01-30,18,6.0
The Odd Life of Timothy Green,2012-08-15,"14,18,35,10751",7.0
Black Tea,2024-02-28,"10749,18",5.9
In the Heart of the Sea,2015-12-03,"53,18,12,28,36",6.8
As the Gods Will,2014-11-15,"53,27,35",7.1
A Wife's Nightmare,2014-12-27,"18,53,9648,10770",6.4
Assassination,2015-07-22,"28,53,18",7.3
The Full Monty,1997-08-13,35,7.0
They Came Together,2014-06-27,35,5.6
The Adventures of Sharkboy and Lavagirl,2005-06-10,"12,10751,878",5.2
La Femme Nikita,1990-02-21,"28,53",7.1
Infinite Storm,2022-03-25,"53,12,18,9648",5.7
Dragon Ball: Episode of Bardock,2011-12-17,"28,16,878",6.9
Of Gods and Men,2010-09-08,"18,36",6.7
The Boss Baby,2017-03-23,"16,35,10751",6.5
The Death of Superman,2018-07-24,"878,16,28,18,14",7.4
Happy Feet Two,2011-11-17,"16,35,10751",6.2
The Killer,2022-07-13,"28,80,53",7.7
One Piece: Curse of the Sacred Sword,2004-03-06,"16,12,28",6.9
The Sisterhood of the Traveling Pants,2005-06-01,"18,35,10749",6.5
Love Is Better Than Ever,1952-02-23,"10749,35",6.1
The Cursed,2021-07-28,"27,18,53",6.6
Jackie Brown,1997-12-25,"80,18,53",7.4
Jackie Brown,1997-12-25,"80,18,53",7.4
Endless Love,1981-07-17,"10749,18",5.7
Pathaan,2023-01-25,"28,12,53",6.5
J. Edgar,2011-11-09,"18,80,36",6.2
13 Assassins,2010-09-09,"12,18,28",7.3
Ammonite,2020-11-13,"10749,18",7.0
Old Fashioned: The Story of the Wisconsin Supper Club,2015-04-10,"99,36",10.0
The Wings of the Dove,1997-09-04,"18,10749",6.7
Troll,2022-11-30,"14,28,12",6.6
Kill Shot,2023-08-15,28,9.2
The Boys in the Boat,2023-12-25,"18,36",7.3
The Legend of Catclaws Mountain,2024-05-27,"14,10751",6.2
The Pirates! In an Adventure with Scientists!,2012-03-12,"16,12,10751,35",6.5
Rocky V,1990-11-16,18,5.8
The Night Eats the World,2018-03-07,"18,27,53",6.0
Deck the Halls,2006-11-22,"35,10751",5.6
Blood Red Sky,2021-07-23,"27,53,28",6.9
Malice,1993-09-29,53,6.3
The 15:17 to Paris,2018-02-07,"18,53",5.4
I Love You Phillip Morris,2010-02-04,"35,80,18,10749",6.4
Christiane F.,1981-04-02,18,7.3
Dick Tracy,1990-04-05,"12,35,80",6.2
Charlie Wilson's War,2007-12-19,"35,18,36",6.5
Urotsukidōji: Legend of the Overfiend,1989-03-18,"16,28,27,14",6.0
Galaxy Quest,1999-12-25,"35,878,12",7.1
The Merry Gentlemen,2024-11-20,"10749,35",5.8
Horizon: An American Saga - Chapter 2,2024-09-07,"37,18",7.2
In the Arms of an Assassin,2019-12-06,"10749,53",7.8
Pieces of a Woman,2020-12-30,18,7.0
Dangerous Liaisons,1988-12-21,"18,10749",7.2
Girls Trip,2017-07-21,"35,10749,12",6.8
Scooby-Doo! and the Witch's Ghost,1999-10-05,"16,35,9648,10751,14",7.4
Urban Legend,1998-09-25,"27,9648",5.7
Music by John Williams,2024-11-01,"99,10402",8.0
Fun and Fancy Free,1947-09-27,"16,10402",6.3
Trade,2007-01-23,53,7.0
Reminiscence,2021-08-18,"9648,878",6.6
God's Crooked Lines,2022-10-06,"18,9648,53",7.3
Crimes of the Future,2022-05-25,"878,27",6.1
Saw 3D,2010-10-22,"27,80",6.0
Crimes of the Future,2022-05-25,"878,27",6.1
Saw 3D,2010-10-22,"27,80",6.0
Pulse,2006-08-11,"27,878,9648,18",5.0
Heist,2015-11-13,"28,80,53",6.1
Phenomenon,1996-07-05,"18,10749,878,14",6.4
Inheritance,2025-01-24,53,5.9
Top Hat,1935-08-29,"10402,35,10749",7.3
Do Revenge,2022-09-14,"35,53,10749",6.4
Extinction,2015-08-07,"28,12,27,878,53",6.3
Haunt,2019-09-13,"27,53",6.7
Trust Me,2013-04-20,"35,18",5.8
Problem Child,1990-07-27,"35,10751",6.1
The Mission,1986-09-24,"12,18,28,36",7.4
Vengeance,2022-07-29,"35,9648,53",6.6
A Time to Kill,1996-07-24,"80,18,53",7.4
"Mickey, Donald, Goofy: The Three Musketeers",2004-08-04,"12,16,35,10751",6.7
The Card Counter,2021-09-03,"18,53,80",6.1
Sleepover,2004-07-09,"10751,35",6.0
I.S.S.,2024-01-19,"878,53",5.8
Reel 2,2020-03-12,27,3.0
Tango & Cash,1989-12-22,"28,53,35,18,80",6.5
The Fox and the Hound 2,2006-11-09,"12,16,35,10751",6.0
Mo'nique: I Coulda Been Your Cellmate,2007-04-03,35,6.2
The Day of Swapping,2017-07-10,10749,6.1
P.S. I Love You,2007-11-15,"18,10749",7.2
Veteran,2015-08-05,"28,80",6.9
Saturday Night,2024-09-27,"35,18",6.7
Sleepless,2017-01-12,"28,80,53",5.9
Four Rooms,1995-12-09,"35,80",5.9
Hotel Laguna,2001-04-15,"18,53",5.5
Firebird,2021-10-29,"18,10749,10752",7.3
Jindabyne,2006-07-20,"80,18,9648,53",5.4
The Porno Killers,1980-04-20,"80,28",4.5
Pixie Hollow Games,2011-12-24,"16,10751",7.0
Bill & Ted Face the Music,2020-08-27,"35,878,12",5.9
Io Capitano,2023-09-07,"12,18",7.8
Daughter of Darkness 2,1994-01-01,"35,80,53,27",5.5
The Sea of Trees,2016-04-27,18,6.2
The Girl Who Escaped: The Kara Robinson Story,2023-02-11,"53,18,80,10770",7.2
The Sea of Trees,2016-04-27,18,6.2
The Girl Who Escaped: The Kara Robinson Story,2023-02-11,"53,18,80,10770",7.2
Hereafter,2010-10-22,"18,14",6.1
The Nightingale,2018-09-23,"18,53,37",7.0
Raging Bull,1980-11-14,18,7.9
Titane,2021-07-14,"18,53,27",6.3
Jaws: The Revenge,1987-07-17,"12,53,27",4.1
Armand,2024-09-27,"18,53",6.6
Fist of Fury,1972-03-22,"18,28,53",7.3
I Am Not Your Negro,2017-02-03,99,7.7
Fantasia 2000,2000-01-01,"16,10751,10402",7.0
Crocodile Dundee,1986-09-26,"12,35",6.4
Turkish Passion,1994-11-18,18,5.4
The Last Exorcism,2010-08-27,"27,53,9648",5.7
Herbie Fully Loaded,2005-06-22,"35,10751,12,14,10749",5.8
Grounded: Making The Last of Us,2013-06-14,99,7.5
Wolfgang (Extraordinari),2025-03-14,"10751,18",6.7
Being the Ricardos,2021-12-10,"18,36",6.5
Kingdom III: The Flame of Destiny,2023-07-28,"28,12,10752",7.5
The Bounty,1984-05-04,"28,18,36",6.7
The Front Runner,2018-11-06,"18,36",5.9
Primal Fear,1996-03-06,"80,18,9648,53",7.7
Contraband,2012-01-12,"53,28,18,80",6.3
"Ranma ½: Big Trouble in Nekonron, China",1991-11-02,"16,35,28,10749,12",7.2
The Valet,2022-05-11,"35,10749",7.5
Medieval,2022-09-08,"28,18,36",6.9
Grounded II: Making The Last of Us Part II,2024-02-02,99,7.8
Boy,2009-04-19,"35,18,10749",5.1
Evangelion: 1.0 You Are (Not) Alone,2007-09-01,"16,878,28,18",7.6
Tommy Boy,1995-03-31,35,6.8
Stand by Me Doraemon 2,2020-11-20,"16,10751,878,12",7.8
V/H/S/85,2023-11-23,"27,53",5.6
Charade,1963-12-01,"35,9648,10749",7.7
"Goodbye, Mr. Chips",2002-12-26,"10751,18,10770",6.4
The Peanuts Movie,2015-11-05,"35,16,10751",6.9
Dallas Buyers Club,2013-11-01,"18,36",7.9
Newness,2017-11-03,"10749,18",6.1
Monster Trucks,2016-12-21,"28,35,878",6.1
The Devil's Own,1997-03-13,"80,53,18",6.2
Justice,2024-10-15,"80,18",6.6
Sector 36,2024-08-18,"80,53,18",7.0
The 12th Man,2017-12-25,"10752,18",7.1
Rascal Does Not Dream of a Sister Venturing Out,2023-06-23,"16,18,14",7.5
Mercury Rising,1998-04-03,"28,80,18,53",6.3
A Nightmare on Elm Street Part 2: Freddy's Revenge,1985-11-01,27,5.8
The Reality of Love,2004-01-18,"10749,35,10770",5.6
Pitch Perfect 3,2017-12-20,"35,10402",6.5
Eighth Grade,2018-01-19,"35,18",7.2
Meet the Parents,2000-10-06,"35,10749",6.7
Vietnam,1987-02-23,"18,10752",8.6
Not Without My Daughter,1991-01-11,"18,53",6.6
Three Christs,2017-09-23,18,6.7
The Masked Saint,2016-01-08,"80,28",5.6
The Villainess,2017-06-08,"28,80,18,53",6.9
Constantine: City of Demons - The Movie,2018-10-04,"14,16,27,28",7.7
Barbarella,1968-10-10,"878,12,35,14,28",6.0
Dìdi (弟弟),2024-07-26,"35,18",7.2
Garden State,2004-07-28,"35,18,10749",7.1
Jumanji,1995-12-15,"12,14,10751",7.2
An Affair: Kind Daughters-in-law 3,2019-11-20,10749,1.0
My Spy,2020-01-09,"10751,28,35",6.9
Mermaids,1990-12-14,"35,18,10749",6.7
South Park: The End of Obesity,2024-05-24,"16,35,10770",7.5
Shane,1953-04-23,"18,37",7.4
The World's End,2013-07-18,"35,28,878",6.8
Little Fish,2021-02-05,"10749,878,18",7.0
Nosferatu the Vampyre,1979-01-17,"18,27",7.3
Catwoman,2004-07-22,"28,14,80",4.6
Gurren Lagann the Movie: Childhood's End,2008-09-06,"28,35,16",7.7
Seabiscuit,2003-07-22,"18,36",7.1
The Karma of Sex,1999-09-25,10749,7.0
From Hell,2001-02-08,"27,9648,53",6.7
This Boy's Life,1993-04-09,18,7.1
Insomnia,2002-05-24,"80,53,18,9648",6.9
Pinocchio,2019-12-19,"18,10751,14",6.6
The Babysitters,2008-05-09,18,6.0
Pandora,2016-12-07,"53,18,28",7.6
The Babysitters,2008-05-09,18,6.0
Pandora,2016-12-07,"53,18,28",7.6
The Crow: Salvation,2000-01-23,"28,53,27,80,14,9648",5.5
The Holy Mountain,1973-11-29,18,7.6
Sultan,2016-07-06,"18,28,10749",6.9
Bleeding Steel,2017-12-18,"878,28,12,53",5.9
The Story of O,1975-08-27,18,5.6
The Guernsey Literary & Potato Peel Pie Society,2018-04-19,"10749,18,36",7.4
Megan Leavey,2017-06-09,"18,10752",7.3
Who's Afraid of Virginia Woolf?,1966-06-22,18,7.7
Animal House,1978-07-28,35,7.0
Tokyo 7th Sisters,2021-02-26,"16,35,10402",9.5
Riley's First Date?,2015-11-03,"16,10751",7.2
The Ash Lad: In the Hall of the Mountain King,2017-09-29,"12,14",6.8
13 Minutes,2021-10-29,"28,18,53",5.9
Son of the Mask,2005-02-11,"14,35,10751,12",4.2
The Craft: Legacy,2020-10-28,"27,18,14",6.1
Unfriended,2014-10-22,"27,9648,53",5.5
The International,2009-02-03,"28,53,18,80,12,9648",6.2
Halo Legends,2010-02-16,"16,10752,28,878",7.3
Fatal Attraction,1987-09-18,"53,18,10749",6.8
"They Shoot Horses, Don't They?",1969-12-10,18,7.6
Apex,2021-11-12,"28,53,878",5.2
The Marsh King's Daughter,2023-09-28,"53,80,9648",6.4
Rogue Hostage,2021-06-11,"28,12,53",5.6
Mobile Suit Gundam SEED FREEDOM,2024-01-26,"16,878,28,18",6.7
Singham Again,2024-11-01,"28,18,53,80",4.3
Rock of Ages,2012-06-13,"35,18,10749,10402",6.2
Broken Rage,2024-09-06,"80,18,35,28",6.5
Crayon Shin-chan: Action Mask vs. Leotard Devil,1993-07-24,"16,35",7.1
One Piece: Heart of Gold,2016-12-31,"16,12,35,14,28",7.4
S.W.A.T.: Under Siege,2017-08-01,"28,80,53",5.9
The 33,2015-08-06,"18,36",6.4
Scared Shrekless,2010-10-28,"16,35,10751",6.7
Buzz House: The Movie,2024-04-23,"35,27",5.8
A Shaun the Sheep Movie: Farmageddon,2019-09-26,"10751,16,12,35,878",6.9
Thirteen,2003-08-20,18,6.7
Deuce Bigalow: Male Gigolo,1999-12-10,"35,10749",6.0
Separation,2021-04-30,"27,9648",5.7
The Hidden Face,2011-09-16,"53,9648",7.3
Seoul Vibe,2022-08-26,"28,80,35",6.5
Gran Torino,2008-12-12,18,8.0
Clash of the Titans,1981-06-12,"12,14,28",6.9
Scott of the Antarctic,1948-11-29,"12,18,36",7.1
Strange Magic,2015-01-23,"10402,16,10751,14",7.1
Too Big to Fail,2011-11-25,"18,10770",7.0
The Edge,1997-09-06,"28,12,18",6.8
Stand and Deliver,1988-03-11,18,7.6
Пиздец,2020-01-18,"80,35",4.5
Art of the Devil,2004-05-14,"27,9648",6.4
Rumble,2021-02-12,"16,10751",6.8
R.A.I.D. Special Unit,2017-02-01,"28,35",5.7
Let the Right One In,2008-10-24,"27,18",7.5
Aliens in the Attic,2009-07-30,"12,35,10751,14,878",5.7
Sanctum,2011-02-03,"28,53",6.0
Swingers,2020-08-24,99,4.5
Twin Peaks: Fire Walk with Me,1992-06-03,"18,9648,27",7.4
Twin Peaks: Fire Walk with Me,1992-06-03,"18,9648,27",7.4
Force of Nature: The Dry 2,2024-02-08,"9648,53",6.4
Dream,2023-04-26,"35,18",6.9
Milk Money,1994-08-31,"35,10749,18",6.4
Deep Blue Sea 2,2018-04-17,"28,27,878",5.1
Hummingbird,2013-05-07,"28,53",6.2
Jack Ryan: Shadow Recruit,2014-01-15,"28,18,53",6.1
The Anthem of the Heart,2015-09-19,"16,18,10402,10749",7.6
Patch Adams,1998-12-25,"35,18",7.3
No Other Land,2024-11-01,99,7.9
Non-Stop,2014-02-26,"28,53,9648",6.8
30 Days of Night: Dark Days,2010-10-04,"27,53",5.0
Life Is Beautiful,1985-06-03,18,7.6
Confessions of a Shopaholic,2009-02-05,"35,10749",6.5
Gridiron Gang,2006-09-15,"80,18",7.0
The Wild Bunch,1969-06-19,37,7.6
The Outsiders,1983-03-25,"80,18",7.2
Code Geass: Akito the Exiled 5: To Beloved Ones,2016-02-06,"28,16,878",6.1
The Jacket,2005-03-04,"18,9648,878,53,14",6.9
Paper Towns,2015-06-18,"9648,18,10749",6.2
Paper Towns,2015-06-18,"9648,18,10749",6.2
Red Eye,2005-08-10,"53,9648",6.4
The Cokeville Miracle,2015-06-05,"9648,18,36,10751,53",6.4
The Animatrix,2003-05-09,"16,878",7.2
Tangled: Before Ever After,2017-03-10,"12,16,35,10751,14,10770",6.8
Shortbus,2006-10-04,"10749,18,35",6.3
A Dangerous Method,2011-09-30,"18,53",6.4
Smart Woman,1931-09-12,"35,18,10749",5.9
Killing Them Softly,2012-07-30,"80,53",6.0
One Cut of the Dead,2017-11-04,"35,27,18",7.6
Cardcaptor Sakura: The Sealed Card,2000-07-15,"16,12,14,10749",8.1
Doraemon: Nobita's New Dinosaur,2020-08-07,"16,12,10751,14,878,35",7.5
Never Say Never Again,1983-10-07,"12,28,53",6.1
Finding You,2021-05-13,"10749,18",6.9
Timber Falls,2007-12-07,"27,53",5.2
The Flintstones in Viva Rock Vegas,2000-04-28,"35,10751,10749",4.8
Premium Rush,2012-08-24,"80,28,53",6.3
Technoboys,2024-09-05,"35,10402",6.2
The Lion Guard: Return of the Roar,2016-01-25,"10751,10770,16",6.7
The Way,2010-09-10,"12,35,18",7.1
Saw III,2006-10-26,"27,53,80",6.4
The Girl Who Believes in Miracles,2021-04-02,"10751,18",7.5
Bāhubali: The Beginning,2015-07-10,"28,12,14,18",7.5
Super 8,2011-06-08,"53,878,9648",6.8
Us and Them,2018-04-28,"18,10749",7.6
Chikan Densha: OL Kando Kurabe,1991-06-21,,5.2
Entourage,2015-06-03,"35,18",6.2
Eagle,2024-02-08,"28,53",5.4
In the Sign of the Taurus,1974-07-18,"10749,35",6.7
Mean Girls 2,2011-01-23,35,5.2
Evangelion: 3.0+1.0 Thrice Upon a Time,2021-03-08,"16,28,878,18",8.2
Broken City,2013-01-18,"53,80,18",5.9
Runaway Jury,2003-01-16,"18,53",6.9
Skin,2019-07-26,"18,80,36,10749",7.0
Couples Retreat,2009-09-19,"35,10749",5.6
Bad Therapy,2020-04-17,"35,18",4.3
Shaitaan,2024-03-08,"53,27",6.2
Final Score,2018-09-07,"28,53,12,18",6.1
Let's Be Cops,2014-08-13,35,6.5
Odio el verano,2024-08-23,35,5.8
The Teacher,1974-05-29,"80,53",4.3
Grand Jete,2022-09-20,18,5.0
The Treacherous,2015-05-21,"18,36,80",6.0
Secretariat,2010-08-20,18,7.4
The Shadow,1994-07-01,"14,28,12,80,9648,53",6.1
The Strangers,2008-05-29,"27,9648,53",6.1
The Ghost and the Darkness,1996-10-11,"12,28,53,27,36",6.8
Before Dawn,2024-04-04,"10752,18,36",6.8
Step Brothers,2008-07-25,35,6.6
The Right Stuff,1983-10-20,"18,36,12",7.4
Willy's Wonderland,2021-02-12,"27,53,35",6.0
Resident Evil,2002-03-15,"27,28,878",6.6
On Broadway,2019-10-12,99,8.7
Tall Girl,2019-09-13,"35,18,10749",6.3
The Man with the Iron Heart,2017-05-25,"10752,28,36,53",6.6
Red Sonja,1985-04-09,"12,14,28",5.3
No One Gets Out Alive,2021-09-29,"27,9648,53",5.9
Vampire Hunter D: Bloodlust,2000-08-25,"16,14,27,28,12,878",7.6
With Every Heartbeat,2011-07-29,"10749,18",7.1
The Last Airbender,2010-06-30,"28,12,14",4.6
3 Ninjas Kick Back,1994-02-25,"10751,12,28,35",5.6
7 Guardians of the Tomb,2018-01-19,"28,12,27",5.4
The Night Before,2015-11-20,"35,12,14",6.1
Wildhood,2022-06-17,"18,10749",6.6
Mom's Friend 2020,2020-06-05,10749,1.0
The Cat in the Hat,2003-11-21,"35,12,10751,14",5.3
Tune in for Love,2019-08-28,"10749,18",7.8
The Son of Bigfoot,2017-07-26,"10751,16,35",6.5
The Flesh,1991-05-09,"18,10749",5.6
Maestro,2023-11-22,"18,10749,10402",6.3
The Taste of Things,2023-11-08,"10749,18",7.1
Judgment at Nuremberg,1961-12-18,"18,36",8.0
Barbie: Spy Squad,2016-01-15,"28,16,10751",7.0
Pengantin Iblis,2025-01-29,"27,53",7.0
Backrider,2024-08-13,18,5.0
Fear Street: 1978,2021-07-08,"27,9648",7.2
Old Dads,2023-10-20,35,6.2
Gintama: The Movie 2: The Final Chapter: Be Forever Yorozuya,2013-07-04,"28,35,16",8.0
Goal!,2005-09-29,18,6.8
In the Name of the King: A Dungeon Siege Tale,2007-11-29,"12,14,28,18",4.8
Selena Gomez: My Mind & Me,2022-11-04,"99,10402",8.6
Mobile Suit Gundam 00 The Movie: -A Wakening of the Trailblazer-,2010-09-18,"28,16,18,878,10752",6.3
The Italian Job,1969-06-02,"28,80,35,53",7.0
Emergency,2025-01-17,"18,36,10752",2.3
How Funny Can Sex Be?,1973-12-19,35,5.8
My Big Fat Greek Wedding,2002-04-19,"35,18,10749",6.5
Sharknado 5: Global Swarming,2017-08-06,"878,28,35,10770,27",4.7
The Chorus,2004-03-17,18,7.7
The Rookie,1990-12-07,"28,80,18,53",5.9
Bewitched,2005-06-21,"35,14,10749",5.1
The Chronicles of Riddick,2004-06-11,"28,878",6.5
The Girl Who Leapt Through Time,2006-07-15,"14,16,18,878",7.8
Asterix & Obelix Take on Caesar,1999-02-03,"10751,12,35,14",6.0
Won't You Be My Neighbor?,2018-06-29,99,8.0
F/X,1986-02-07,"28,53",6.6
The Vanishing,2019-01-04,"53,9648",5.7
Emma,1996-08-02,"10749,35,18",6.7
15 Minutes,2001-03-01,"28,80,53",5.9
Female Ninjas Magic Chronicles 5: Secret Story of Jiraiya,1995-05-06,,7.0
Conquer: Lahad Datu,2024-08-22,"10752,36,53,28,80,18",8.1
Thelma,2017-09-15,"18,9648,53",6.8
The Cat Returns,2002-07-19,"12,14,16,18,10751",7.1
You're Next,2013-08-22,"27,53,9648",6.6
Danger Close: The Battle of Long Tan,2019-08-08,"10752,28,18,36",6.8
Where's the Love?,2014-05-03,"18,35,10749,10770",6.5
Night Teeth,2021-10-20,"27,53,28",6.4
Butas,2024-08-30,"18,53",5.2
Reign of the Supermen,2019-01-13,"878,16,28,12,14",7.0
Blue Cave,2024-10-17,18,7.0
Outlander,2008-04-24,"878,28",6.4
That Malicious Age,1975-03-11,"18,10749",6.6
The Sparks Brothers,2021-06-18,"99,10402,35,36",7.4
Clownhouse,1990-04-21,27,6.2
The Legend of Hei,2019-08-27,"16,14,28",8.3
Manhattan,1979-04-25,"35,18,10749",7.7
Smurfs: The Lost Village,2017-03-23,"16,10751,12,35",6.3
The Fountain,2006-11-22,"18,12,878,10749",6.9
Stillwater,2021-07-29,"18,80,53",6.6
Sivaji: The Boss,2007-06-08,"28,18",7.0
The Disappearance of Haruhi Suzumiya,2010-02-05,"16,35,878,9648,18",7.9
Yana-Wara,2024-04-04,"18,9648,14",7.5
Evangelion: Death (True)²,1998-03-07,"16,878,28,18",6.7
Death Proof,2007-05-22,"28,53",6.8
Retribution,2015-09-21,"53,18",6.7
Wanderlust,2012-02-23,"35,10749",5.5
Yu☆Gi☆Oh!,1999-03-06,"12,16,14",7.0
Dragonheart 3: The Sorcerer's Curse,2015-02-24,14,5.4
Las Ilusyunadas,2025-01-10,18,4.0
Ladyhawke,1985-03-27,"12,35,14",7.0
"Sex, Party and Lies",2009-03-27,"35,18",4.6
"Salò, or the 120 Days of Sodom",1976-01-10,"27,18,10752",6.4
Princess Cursed in Time: Alchemist's Quest,2022-11-17,"10751,14,35",6.9
Big Momma's House 2,2006-01-26,"35,80",5.8
xxxHOLiC The Movie: A Midsummer Night's Dream,2005-08-19,"16,35,18,9648,14",6.5
Adventures in Babysitting,2016-06-24,"35,10751,12,10770",7.3
The Lonely Man with the Ghost Machine,2024-03-23,"878,27,18",3.9
Gothika,2003-11-21,"27,53,9648",6.1
Before I Wake,2016-04-07,"18,14,27,53",6.5
Private call,2023-07-11,"53,28",8.0
Perfect Stranger,2007-04-11,"53,80,9648",5.8
Jin-Roh: The Wolf Brigade,1999-11-17,"16,18,10749,53,878",7.4
Kingdom: Ashin of the North,2021-07-23,"18,14,53",7.1
Sleep,2023-09-06,"27,9648,53",6.7
Two Night Stand,2014-09-26,"10749,35",6.4
Breakfast at Tiffany's,1961-10-06,"35,10749,18",7.6
My Boo,2024-05-01,"10749,35,27",5.7
Me Time,2022-08-26,35,5.9
The Cuckold,2009-08-11,18,2.8
Sorcerer,1977-06-24,"53,12,18",7.4
Fearless,2006-01-26,"18,28",7.5
Black Water,2018-05-18,"28,53",5.6
Porco Rosso,1992-07-18,"10751,35,16,12",7.8
Kabaneri of the Iron Fortress: Life That Burns,2017-01-07,"16,18,28,878",7.6
Delicious Delivery,2015-04-02,10749,4.4
Senior Couple and Exchange Sex,2019-12-23,10749,7.3
Sharknado 3: Oh Hell No!,2015-07-22,"878,28,35,27,10770",4.6
Wolf Children,2012-07-21,"16,10751,18,14",8.2
"One Piece: Episode of Chopper Plus: Bloom in the Winter, Miracle Cherry Blossom",2008-03-01,"28,16,12,35",7.1
Rules Don't Apply,2016-11-23,"10749,35,18",5.7
Unfriended: Dark Web,2018-07-19,"27,53,9648",6.3
The Texas Chainsaw Massacre 2,1986-08-22,"27,35",5.6
Get Rich or Die Tryin',2005-11-09,"18,80,10402",6.8
Wild,2014-12-05,18,7.0
What's Your Number?,2011-09-30,"35,10749",6.5
King David,1985-03-29,"28,12,36,18",5.6
Schoolgirls Growing Up,1972-02-17,"35,18",4.4
Idle Hands,1999-04-30,"35,27,14,53",6.2
Black Book,2006-09-14,"18,53,10752",7.5
Attack,2022-04-01,"28,878,53",6.8
The Red Turtle,2016-03-27,"16,18,14,10751",7.5
The Wolf and the Lion,2021-10-13,"10751,12,18",7.5
Showgirls,1995-09-22,18,5.6
The Resident,2011-02-10,"53,9648",5.8
Hot Chili,1985-07-31,35,3.8
Hillbilly Elegy,2020-11-09,18,6.7
Night School,2018-09-27,35,6.1
Blackhat,2015-01-13,"80,53,28",5.5
Bert's Diary,2020-07-31,"10751,35",6.7
Adult Only Institute,2017-03-14,"35,18,10749",4.6
Billionaire Boys Club,2018-07-19,18,5.7
Dora: Say Hola to Adventure!,2023-11-10,"16,10751",7.2
How to Date Billy Walsh,2024-04-04,"10749,35",6.4
WWE Royal Rumble 2025,2025-02-01,"10751,18,28",6.7
The Lost City of Z,2017-03-15,"12,18,36",6.4
Cold Mountain,2003-12-24,"10752,36,12,10749",6.9
Child's Play 3,1991-08-30,"27,53",5.9
Overdrive,2017-06-16,"53,28,9648",6.1
The Professor,2018-05-17,"35,18",6.9
Videodrome,1983-02-04,"27,878,9648",7.3
Judas and the Black Messiah,2021-02-12,"18,36",7.3
Kabaneri of the Iron Fortress: The Battle of Unato,2019-05-10,"16,18,28,878",7.2
Strangers on a Train,1951-06-27,"80,53",7.7
Sexo,2001-08-21,35,5.3
Can You Ever Forgive Me?,2018-10-19,"18,80,35,36",6.8
Let's Make Love 3,1990-11-19,"10402,35",4.6
The Quest,1996-04-19,"28,12,18",6.1
Cake,2014-09-07,18,6.3
The Hitcher,1986-01-17,"27,28,53",7.0
Tantrum,2015-07-15,27,7.2
The Tale of The Princess Kaguya,2013-11-23,"16,18,14",8.1
Dead Man Walking,1995-12-29,18,7.3
The Survivor,2022-04-07,"36,28,18",6.9
Drillbit Taylor,2008-02-04,35,5.8
The Garden of Words,2013-05-31,"16,18,10749",7.6
Eva,2021-12-24,"18,10749",5.3
Giantess Battle Attack!,2022-10-20,"878,35,27",6.5
Adrian Street: Imagine What I Could Do to You,2019-08-31,"99,36",6.0
No Escape,2015-08-26,"53,28",6.9
Limonov: The Ballad,2024-09-05,"36,18",6.4
Sijjin,2023-11-09,"27,53",6.2
The Girl on the Train,2021-02-26,"18,53",6.0
The Ten,2007-08-03,35,4.8
Café Midnight,2022-11-17,14,6.5
Room,2015-10-16,"18,53",8.0
In Your Dreams,2023-02-03,"10749,35,18",7.3
The Bélier Family,2014-12-17,"35,10402,18",6.9
The Flu,2013-08-14,"28,878,53",7.5
Jamon Jamon,1992-09-03,"35,18,10749",6.2
Everest,2015-09-10,"12,18,36",6.8
The Absence of Eden,2024-04-12,"53,18,10749,80",4.9
Rich Flu,2024-12-12,53,5.1
The Message,1976-03-09,"12,18,28,36",7.2
G-Men,2023-08-25,"18,10749",7.1
Saint Seiya: Warriors of the Final Holy Battle,1989-03-18,"28,16,14",7.4
The Iceman,2012-09-01,"53,80,18",6.6
Don't Tell Mom the Babysitter's Dead,2024-04-12,35,5.7
The Pledge,2001-01-19,"80,18,9648,53",6.6
Nude,2017-10-29,99,9.4
Robotrix,1991-05-31,"28,35,80,10749,878,53",5.8
Truth,2015-10-16,18,6.5
Homesick,2015-03-27,18,5.6
À nos terres : Autonomia paisana,2024-03-06,"99,10770",8.0
The Wrong Missy,2020-05-13,"35,10749",6.2
Deuce Bigalow: European Gigolo,2005-08-12,35,5.3
"Ilsa, the Tigress of Siberia",1977-09-29,"27,53,10752",4.6
Words Bubble Up Like Soda Pop,2021-07-22,"16,10749,18",7.3
Teen Titans: The Judas Contract,2017-03-31,"878,16,28",7.4
Last Looks,2022-01-27,"28,80,53",5.8
Kate,2021-09-10,"28,53",6.6
Sanam Teri Kasam,2016-02-05,"18,10749",7.8
Eureka: Eureka Seven Hi-Evolution,2021-11-26,"16,18,12,878,10749,28",6.5
Another Cinderella Story,2008-09-16,"35,10402",7.1
High Rollers,2025-03-14,"28,80,53",6.9
Song to Song,2017-03-17,"10749,18,10402",5.5
Taxi,1998-04-08,"28,35,80,12",6.7
The Contestant,2023-09-08,99,6.8
The Great Debaters,2007-12-25,18,7.2
Chestnut: Hero of Central Park,2004-10-21,"10751,35",7.2
Gunpowder Milkshake,2021-07-14,"28,80,53",6.3
A Bad Moms Christmas,2017-08-04,35,6.3
Woodlawn,2015-10-15,18,6.9
Hostel: Part II,2007-06-07,27,5.8
Street Fight,2005-04-23,99,7.0
M*A*S*H,1970-02-18,"35,18,10752",7.0
LEGO Star Wars Summer Vacation,2022-08-05,"16,10751,878,35,10770",6.2
Prospect,2018-10-02,878,6.2
Kal Ho Naa Ho,2003-11-27,"35,18,10749",7.4
Nice Girls,2024-08-20,"35,80,28",5.4
Hair Wolf,2018-01-20,"27,35",7.1
Oshi no Ko -The Final Act-,2024-12-20,"18,10402,14",7.2
Draft Day,2014-04-11,18,6.7
All Good Things,2010-12-03,"9648,53,10749",6.1
The Invention of Lying,2009-10-02,"35,14,10749",6.2
Taxi,2004-10-06,"28,35,53,80",5.6
Risky Business,1983-08-05,"10749,35,18",6.6
The Monkey King 3,2018-02-16,"12,14,28,10751",5.5
Scooby-Doo! & Batman: The Brave and the Bold,2018-01-31,"16,35,28,10751,878",7.2
Sweet & Sour,2021-06-04,"18,10749,35",7.8
Playmobil: The Movie,2019-06-10,"10751,16,35,12",5.6
Happily N'Ever After,2007-01-05,"12,16,35,10751,14",5.0
King of New York,1990-07-18,"53,80",6.7
Dragon Ball: Mystical Adventure,1988-07-09,"28,16",6.7
Virtuosity,1995-08-04,"28,80,878,53",5.5
Sink,2016-03-18,18,8.9
Attraction,2017-01-26,"18,10749,878,12",6.7
Tuesday,2024-06-07,"14,18",6.8
Black Christmas,2006-12-15,"27,9648",5.2
K.G.F: Chapter 2,2022-04-14,"28,53,12,80",7.4
All Hallows' Eve,2013-10-29,27,5.6
Who Am I?,1998-01-17,"12,28,35,53",7.1
Rampage,2009-09-27,"28,80,53,27",5.9
Sheriff,2024-04-18,"28,80,53,18,9648",7.5
Stuck in Love,2013-06-14,"18,35",7.4
Underdog,2007-08-03,"10751,28,12,35,14,878",5.6
13 Bombs,2023-12-28,"28,80,53",7.1
Covet: Island of Desire,2017-05-04,10749,5.5
S.W.A.T.: Firefight,2011-03-01,"28,80,53",5.7
The War of the Worlds,1953-08-13,"878,28",6.8
Munkar,2024-02-07,27,5.0
Death Wish 4: The Crackdown,1987-06-11,"80,28,18,53",5.7
Munkar,2024-02-07,27,5.0
Death Wish 4: The Crackdown,1987-06-11,"80,28,18,53",5.7
Dead Man,1995-12-23,"18,14,37",7.3
Street Angels,1996-06-07,"28,80,35,53",6.0
Blackwater Lane,2024-06-21,"53,18,9648,27,80",6.3
Pokémon: Zoroark - Master of Illusions,2010-07-10,"10751,16,12,14",6.7
Better Gay Sex,1994-01-01,,2.0
Kaguya-sama: Love Is War -The First Kiss That Never Ends-,2022-12-17,"16,35,10749",8.0
Mea Culpa,2024-02-22,"18,80,53",5.6
His Three Daughters,2024-09-05,"18,35",7.0
Dragon Ball Z: Gather Together! Goku's World,1992-09-17,"28,16,12",7.0
Frankie and Johnny,1991-10-11,"18,10749,35",6.8
The Legend of Zorro,2005-10-24,"28,12,37",6.1
Sinner: The Secret Diary of a Nymphomaniac,1973-06-21,18,5.2
Rogue,2020-08-20,"28,12",5.6
Hamilton,2020-07-03,"36,18",8.2
"Batman: The Dark Knight Returns, Part 1",2012-08-21,"878,28,16,9648",7.7
The Accursed,2021-11-12,27,6.5
The Last 10 Years,2022-03-04,"18,10749",6.9
A Copenhagen Love Story,2025-02-25,"10749,18",6.8
The Best in Hell,2022-10-05,"10752,28,18",8.1
Sanctuary,2023-04-06,"18,53",6.1
Kali: Avenging Angel,2024-05-31,"28,53,12",7.1
Tangerine,2015-07-10,"35,18",6.9
Saint Seiya: Evil Goddess Eris,1987-07-18,"28,16,14",7.0
Laid-Back Camp the Movie,2022-07-01,"16,35",7.6
Labor Day,2013-12-27,"18,10749,53",7.0
Lev Yashin. The Dream Goalkeeper,2019-11-28,18,7.6
Sister Midnight,2025-03-14,"35,18,27",7.5
Mom and Dad,2018-01-19,"35,27,53",5.4
It's Kind of a Funny Story,2010-10-08,"35,18",7.0
Kneecap,2024-08-02,"10402,35,18",7.2
The Cave,2005-08-26,"28,12,27,53",5.4
Hot Tub Time Machine,2010-03-26,"878,35,12",6.0
Barb & Star Go to Vista Del Mar,2021-03-29,35,6.0
Go,1999-04-09,"80,35,53",7.0
Forgotten Love,2023-09-26,"18,10749",7.9
Kicking & Screaming,2005-05-13,"10751,35",5.8
Diary of a Wimpy Kid: Dog Days,2012-08-02,"35,10751",6.3
Your Highness,2011-04-08,"35,14,12,28",5.3
Elevator Game,2023-07-12,27,4.9
Soulmate,2023-03-15,"18,10749",7.8
I Believe,2019-06-06,"10751,18",7.7
The Cutting Edge,1992-03-27,"10749,35,18",7.2
American Animals,2018-06-01,"18,80,99",6.7
Dear John,2010-02-04,"18,10749,10752",6.8
Mother's Taste,2017-11-16,10749,8.0
Fame,1980-05-16,"18,10402",6.4
Emergency Declaration,2022-08-03,"28,18,53",7.5
A Civil Action,1998-12-25,18,6.5
Dragon Ball: The Path to Power,1996-03-04,"16,12,14",7.4
Problem Child 3,1995-05-13,"35,10751,10770",4.7
Kang Mak (From Pee Mak),2024-08-15,"35,27,10749,10752",6.5
Trigun: Badlands Rumble,2010-04-24,"28,16,878,12",7.5
The White Ribbon,2009-09-24,"18,9648",7.5
Men of Honor,2000-09-13,18,7.5
The Son,2022-11-10,18,6.7
Vendetta,2022-05-17,"28,80",6.1
Top Five,2014-12-12,"18,35,10749",6.1
Tell It to the Bees,2018-09-09,"10749,18",7.5
Tell It to the Bees,2018-09-09,"10749,18",7.5
What's Eating Gilbert Grape,1993-12-17,"10749,18",7.7
The Water Horse,2007-12-25,"10751,12,14",6.5
Loving Pablo,2017-10-12,"80,18",6.3
Friday the 13th: A New Beginning,1985-03-22,"27,53",5.3
His Girl Friday,1940-01-18,"35,10749",7.4
Dope,2015-06-19,"80,18,35",7.1
Justice League: Doom,2012-02-28,"28,16,878,14",7.4
Selena,1997-03-21,"18,10402,36",7.7
The Dilemma,2011-01-13,"35,18",5.3
Nine 1/2 Weeks,1986-02-09,"18,10749",6.1
Powder,1995-10-27,"18,14",7.0
Suite Française,2015-03-12,"18,10749,10752",7.3
The Gift,2015-07-31,"53,9648,18",6.7
Piranha II: The Spawning,1982-08-14,27,4.4
Cruising,1980-02-15,"80,9648,53",6.6
Sierra Burgess Is a Loser,2018-09-07,"35,18,10749",6.3
Freaks,2019-09-12,878,6.7
The Book of Henry,2017-06-16,"18,80,53",7.5
The Babysitter,1995-10-17,"18,53",5.2
Anatomy of a Murder,1959-07-01,"80,18,9648",7.8
If Beale Street Could Talk,2018-12-14,"10749,18",6.9
The Ark,2015-03-30,"10770,18,14",5.7
The Collective,2023-08-04,"28,53",5.7
Kim Possible Movie: So the Drama,2005-04-08,"16,12,10751,28,35,878",6.9
Playing with Fire,2019-11-08,"10751,35",6.6
The Talented Mr. Ripley,1999-12-25,"53,80,18",7.2
Fiddler on the Roof,1971-11-03,"18,10749",7.7
The Lady in the Van,2015-10-30,"35,18",6.4
"Where'd You Go, Bernadette",2019-08-16,"35,18",6.6
Code Geass: Lelouch of the Rebellion – Transgression,2018-02-10,"878,16,18,28",7.2
Bullet to the Head,2012-11-14,"28,80,53",5.6
Don't Listen,2020-07-24,"18,27,53",6.5
Marley & Me,2008-12-25,"35,10751",7.2
The Producers,1968-03-18,35,7.1
The Good Guy,2009-04-25,"35,10749",5.5
Tremors: Shrieker Island,2020-10-20,"28,27",6.1
Fairy Tail: Phoenix Priestess,2012-08-18,"16,28,12,35,14",7.2
Butcher's Crossing,2023-02-03,"37,18",5.9
Butcher's Crossing,2023-02-03,"37,18",5.9
Fear,2023-01-27,"27,18",5.3
Amour,2012-09-20,"18,10749",7.8
Marauders,2016-07-01,"28,80,53",5.8
Life of Crime,2013-09-14,"35,80",5.7
Home Alone 4,2002-11-03,"35,10751,10770",4.5
Made in Abyss: Wandering Twilight,2019-01-18,"16,12,14,9648,878",8.4
The Devil Conspiracy,2023-01-13,"27,14,878,53",6.5
C'est la vie!,2017-10-04,35,7.0
Bleach the Movie: Hell Verse,2010-12-04,"28,16,14,12",7.6
Marie Antoinette,2006-05-24,"18,36",6.7
Les Misérables,1935-04-20,"18,36,10749",7.2
Red River,1948-09-17,37,7.3
Things Heard & Seen,2021-04-29,27,5.7
The Stronghold,2021-08-18,"53,28,80",7.4
Forsaken,2015-09-16,"37,28,18",6.1
Four Good Days,2021-04-30,18,6.8
God's Not Dead: In God We Trust,2024-09-12,18,4.8
Afire,2023-04-20,"18,10749,35",6.8
Mira,2022-12-22,"878,18,12,10751",7.6
Dante's Inferno: An Animated Epic,2010-02-09,"28,12,16,27",7.0
Detroit,2017-07-28,"80,18,53,36",7.3
Perry Mason: The Case of the Glass Coffin,1991-05-14,"18,53,80",7.3
Yogi Bear,2010-12-17,"35,10751,16,12",5.6
CTRL,2024-10-04,"53,18",5.8
The Aeronauts,2019-11-04,"12,18,10749",6.8
Chariots of Fire,1981-05-15,"18,36",6.8
The Coffee Table,2023-11-30,"27,53,18,35",6.9
The Reef: Stalked,2022-07-14,"27,53",5.5
Shanghai Knights,2003-02-06,"28,12,35,37",6.1
Finding Forrester,2000-12-21,"18,36",7.1
First Taste,2024-08-07,"10749,18",5.0
Wizards of Waverly Place: The Movie,2009-08-28,"10751,10770,12,35,14",7.1
Wendell & Wild,2022-10-21,"16,35,10751,14,27",6.7
Scooby-Doo! Shaggy's Showdown,2017-02-14,"16,10751,9648,35,37",7.8
Detective Conan: Jolly Roger in the Deep Azure,2007-04-21,"16,12",6.6
Erotic Ghost Story: Perfect Match,1997-11-06,"14,10749",2.1
Chances Are,1989-03-10,"14,35,10749",6.6
Jack,1996-08-09,"35,10751,18",6.3
Sound of Hope: The Story of Possum Trot,2024-07-04,18,6.6
Sita Ramam,2022-08-05,"36,10749,18",7.8
How Much Do You Love Me?,2005-10-26,"35,18",5.9
Mandingo,1975-06-06,"10749,18,36",6.7
Midnight in the Garden of Good and Evil,1997-11-21,"9648,80,18",6.3
The Forbidden Kingdom,2008-04-17,"28,12,14",6.6
Forbidden Planet,1956-03-23,"878,12",7.2
Deadly Pickup,2016-07-26,53,5.4
The Words,2012-09-07,"18,53",6.6
Chemical Hearts,2020-08-21,"18,10749",7.3
Friday the 13th Part 2,1981-05-01,"27,53",6.2
Mr. Nice Guy,1997-01-31,"80,28,35",6.5
Blue Streak,1999-09-17,"28,35,80",6.5
Guinea Pig Part 2: Flower of Flesh and Blood,1985-10-07,27,4.7
Female Ninjas Magic Chronicles 4: Rebel Forces at the Threshold,1994-03-24,28,3.3
Just Wright,2010-05-14,"10749,35",6.6
Re:Zero - Starting Life in Another World Memory Snow,2018-10-06,"16,12,14",7.2
SS Experiment Love Camp,1976-11-16,"27,10752",5.6
Trauma,2017-12-25,"27,53,18",5.6
Titanic,1953-04-11,"18,10749",6.6
xXx: State of the Union,2005-04-27,"28,12,80,53",5.1
Tootsie,1982-12-17,"35,10749",7.2
Trolls Holiday,2017-11-01,"12,16,10751,14",6.7
The King of Staten Island,2020-07-22,"35,18",7.0
Endless Loop,2018-10-31,"80,878",6.0
Mother/Android,2021-12-17,"878,53",5.8
A Streetcar Named Desire,1951-09-19,"18,53",7.6
Black Box Diaries,2024-10-24,99,7.6
SAS: Red Notice,2021-08-11,"18,28,53",5.8
Pretty Guardian Sailor Moon Cosmos the Movie Part 1,2023-06-09,"16,28,12,18,14,10749",7.3
Sofia the First: Once Upon a Princess,2012-11-18,"16,10751",7.4
The Flood,2023-07-14,"28,9648,53,27",6.3
The Way Back,2020-03-05,18,6.6
Steve Jobs,2015-10-09,"18,36",6.8
Stalker,1979-05-25,"878,18",8.1
A Street Cat Named Bob,2016-11-04,"10751,18",7.9
L.A. Confidential,1997-09-19,"80,9648,53,18",7.8
L.A. Confidential,1997-09-19,"80,9648,53,18",7.8
Everybody's Fine,2009-12-04,18,6.8
Paranormal Activity 4,2012-10-17,27,5.4
Swedish Fly Girls,1971-08-20,18,5.2
Adore,2013-04-03,18,6.1
The Art of Getting By,2011-06-17,"18,10749",6.6
Student Services,2010-01-18,18,5.3
Cooties,2014-10-10,"35,27,28,878,53",5.9
Disenchanted,2022-11-18,"35,10751,14",6.7
Ultraviolet,2006-03-03,"878,28,53",5.2
"My Teacher, My Obsession",2018-06-12,"18,53,10770",5.0
Sugarcane,2024-08-09,99,6.8
God: Serengeti,2017-07-06,35,6.7
Gabriel's Inferno: Part III,2020-11-19,"10749,18",8.4
Grease 2,1982-06-11,"35,10402,10749",5.2
Jimmy Timmy Power Hour,2004-05-07,"16,35,10751,14,10770,878",6.9
Midnight in the Switchgrass,2021-07-23,"80,9648,53,28",5.8
Upside Down,2012-09-27,"10749,878,18,14",6.3
The Doors,1991-03-01,"10402,18,36",7.1
Tazza: The Hidden Card,2014-09-03,"80,18",7.0
Homeward Bound: The Incredible Journey,1993-02-03,"12,35,10751",7.0
Les chevaliers du fiel dynamitent 2019,2020-03-01,,5.3
Taylor Swift: The 1989 World Tour - Live,2015-12-20,10402,8.5
Transformers: Beginnings,2007-10-16,"16,28,53,878",6.9
Shin Kamen Rider,2023-03-17,"28,18,878,12,14",6.9
Love Again,2023-05-04,"10749,18,35",6.8
Point Break,2015-12-03,"28,12,80,53",6.0
The Inseparables,2023-09-01,"16,12,35,10751",6.4
David Brent: Life on the Road,2016-08-19,"35,10402",6.1
Daaku Maharaaj,2025-01-12,28,5.2
A Cinderella Story: Once Upon a Song,2011-09-05,"35,10751,10749,18",6.4
The Key Game,2022-04-13,35,6.0
Barbie of Swan Lake,2003-09-27,"16,10751",7.0
Logistics,2012-01-01,99,7.6
Jane Eyre,1970-12-01,"18,10770",7.0
All About Sex,2020-01-16,"35,18,10749",6.1
The Chase,1966-02-18,"80,18",7.1
Blue Giant,2023-02-17,"16,18,10402",7.9
Corpus Christi,2019-09-10,18,7.6
Corpus Christi,2019-09-10,18,7.6
Synchronic,2020-10-23,"27,878,53",6.3
My Next Life as a Villainess: All Routes Lead to Doom! The Movie,2023-12-08,"16,35,14,10749",7.6
"Good Bye, Lenin!",2003-02-13,"35,18",7.5
Office Space,1999-02-19,35,7.4
Big Time Adolescence,2020-03-13,"35,18",7.2
The Irregular at Magic High School: The Girl Who Summons the Stars,2017-06-17,"878,28,16,14",6.3
The Man Who Knew Too Much,1956-05-16,"53,9648",7.5
Foursome,2023-12-22,"10749,18",4.5
Hell of a Summer,2025-04-03,"27,35,9648",5.9
What Dreams May Come,1998-10-02,"18,14,10749",7.2
The People vs. Fritz Bauer,2015-09-13,"36,18,9648",6.9
Overhaul,2023-08-28,"28,53,18",6.7
TAYLOR SWIFT | THE ERAS TOUR,2023-10-13,10402,8.2
"Night Is Short, Walk On Girl",2017-04-07,"35,10749,16,14",7.5
Fool's Gold,2008-02-07,"12,10749,35",5.8
Reign of Fire,2002-07-09,"12,28,14",6.2
Spooks: The Greater Good,2015-04-11,"53,28",6.0
A Very Brady Sequel,1996-08-23,"10751,35",5.8
Diary of a Sex Addict,2001-11-23,18,5.5
Dunki,2023-12-21,"12,35,18",6.2
Alice in Wonderland,1999-02-28,"14,10751",6.3
Look Away,2018-10-12,"27,53,14",6.5
To Her,2017-02-28,"18,10749",6.8
All Eyez on Me,2017-06-12,"36,18,10402",6.7
6 Bullets,2012-09-11,"53,28,80",6.2
4 Horsemen: Apocalypse,2022-04-29,"878,27",6.0
LEGO Marvel Avengers: Code Red,2023-10-26,"16,28,10751",6.6
Free Fire,2017-03-31,"28,80,9648",6.3
Idol Sex: LA Korean Women,2020-06-18,"10749,18",1.0
The Seven Deadly Sins: Grudge of Edinburgh Part 2,2023-08-08,"28,12,14,16",7.2
Batman and Superman: Battle of the Super Sons,2022-10-17,"16,28,878",7.7
Escape Room,2017-06-19,"27,53",4.5
Child's Play 2,1990-11-09,"27,53",6.3
Vampire Hunter D,1985-12-21,"16,14,27",6.6
The Wrath of Becky,2023-05-26,"28,27,53",6.3
Oxygen,2021-05-12,"878,53,27",6.6
Curious George,2006-02-10,"12,16,35,10751",6.4
Mighty Joe Young,1998-12-25,"12,10751,28,14",6.3
The General's Daughter,1999-06-18,"53,9648,80",6.4
Locks,2009-01-01,18,7.6
A Cinderella Story: If the Shoe Fits,2016-08-02,"35,10751,14,10402",7.2
The Quick and the Dead,1995-02-09,"37,28,18,10749,53",6.6
The Magic of Ordinary Days,2005-01-30,"18,10749,10770",7.2
Father and Guns 2,2017-07-14,"80,35",6.5
Death at a Funeral,2007-08-17,"35,18",6.9
Boy Kaldag,2024-12-27,18,4.0
Pokémon the Movie: Black - Victini and Reshiram,2011-07-16,"16,10751,12,18,14",6.6
A Hard Day's Night,1964-07-07,"35,10402",7.3
Something Blue,2025-02-07,"10749,35",7.0
The Misfits,2021-06-03,"28,53",5.5
Super/Man: The Christopher Reeve Story,2024-09-21,99,8.2
"Come Back, Africa",1959-09-01,"99,18",6.8
The Dukes of Hazzard: The Beginning,2007-03-04,"28,12,35,10770",6.1
Jesus Revolution,2023-02-23,"18,36",6.7
Doraemon: Nobita's Secret Gadget Museum,2013-03-09,"12,10751,16,35,14,878",6.5
Loves of a Blonde,1965-11-12,"35,18,10749",7.0
The NeverEnding Story II: The Next Chapter,1990-10-25,"10751,14,12",5.7
Sweet Mountain Christmas,2019-10-25,"10749,10770",6.6
Lowlifes,2024-04-11,"27,53",6.3
Babes,2024-05-17,35,5.9
The Package,1989-01-25,"80,53,28",6.1
Jacob's Ladder,1990-11-02,"18,9648,27",7.4
Home Invasion,2016-02-02,"53,18,80,10770,27",5.5
Analyze That,2002-12-06,"35,80",5.8
The Night They Came Home,2024-01-12,"37,53,28",6.0
Buddy Games,2019-11-18,35,5.3
Baby Shark's Big Movie,2024-02-07,"10751,35,12,16,10402",6.7
7 Days in Entebbe,2018-03-15,"53,18,80",5.8
Blindness,2008-05-14,"18,9648,878,53",6.5
Shall We Dance?,2004-10-15,"18,10749,35",6.4
Redcon-1,2018-09-07,"28,27,878",5.7
Across the Universe,2007-09-14,"18,10749,14",7.1
Batman and Harley Quinn,2017-08-14,"12,16,35,80",6.2
Doraemon: Nobita's Dinosaur,2006-03-04,"16,12,10751,14,878",7.4
The Dark Backward,1991-07-26,35,5.6
El asfalto,2021-10-08,"18,14,53,10770",5.6
15 Cameras,2023-10-13,"27,53",6.0
QT8: The First Eight,2019-10-21,99,7.2
Better Watch Out,2017-10-06,"35,27,53",6.7
Infested,2023-12-27,"27,53",6.6
The Emperor of Paris,2018-12-19,"18,80,53",6.3
Unstoppable,2018-11-22,"80,28,53",7.3
Fear Street: 1666,2021-07-14,"9648,27",7.1
Get the Gringo,2012-03-15,"28,53,80,18",6.6
The World's Fastest Indian,2005-10-12,"18,12,36",7.7
In Bed,2022-12-29,"18,53",5.5
Small Claims: White Wedding,2005-08-14,"18,9648",6.0
Troll Hunter,2010-10-29,"14,27",6.7
The Black Swan,1942-12-04,"12,10749",6.4
Chupa,2023-04-07,"12,14,10751",6.3
Murder at 1600,1997-04-18,"28,18,9648,53,80",6.1
Battle Over Britain,2023-12-01,10752,7.2
The Mehta Boys,2024-09-20,"35,18,10751",5.8
Strange Occasion,1976-12-23,"10749,35",5.5
Mobile Suit Gundam I,1981-03-14,"16,878,28",6.9
Pet Sematary,2019-04-04,"27,53",5.7
Origin,2023-12-08,18,6.6
Goodnight Mommy,2022-09-16,"27,53,9648",6.3
Rose Island,2020-12-09,"35,12",7.0
The Vikings,1958-06-11,"12,36,28",7.0
Resident Evil: Apocalypse,2004-09-10,"27,28,878",6.4
The Rental,2020-07-23,"27,53",5.5
Mom's Friend 3,2017-03-30,"10749,18",5.2
Behaving Badly,2014-04-14,35,5.3
"Sergeant Slaughter, My Big Brother",2011-03-27,18,5.2
DOA: Dead or Alive,2006-09-07,"12,28,53",5.2
Like Minds,2006-08-03,"53,9648,27,80",6.3
The Chaser,2008-02-14,"80,53,28",7.8
We Bare Bears: The Movie,2020-06-30,"16,12,10751,35,10770",7.8
The Amateur,1981-12-11,"28,80,53",5.4
Le Samouraï,1967-10-25,"80,53,18",7.8
Deathstalker,1983-09-02,"28,14",4.8
Scoop,2006-07-27,"35,9648",6.6
Spiders on a Plane,2024-05-31,"27,28,12",4.5
Fair Game,2010-05-20,"18,53",6.5
Code Geass: Akito the Exiled 2: The Wyvern Divided,2013-09-14,"28,16,878",6.3
Fair Game,2010-05-20,"18,53",6.5
Code Geass: Akito the Exiled 2: The Wyvern Divided,2013-09-14,"28,16,878",6.3
Mimic,1997-08-22,"27,878",6.1
How It Ends,2018-07-13,"878,53,9648,28,12",5.3
Nathalie: Escape from Hell,1978-06-28,"18,53,27",4.0
Tully,2018-05-04,"35,18",6.8
Hubie Halloween,2020-10-07,"35,9648,27",5.9
Jumbo,2008-12-25,,8.0
Haikyuu!! Movie 4: Battle of Concepts,2017-09-29,"16,18",8.1
Whitney Houston: I Wanna Dance with Somebody,2022-12-20,"10402,36,18",7.0
The Roast of Tom Brady,2024-05-05,"35,99",6.8
Accident Man,2018-02-06,"28,80,53",6.2
Shin Kamen Rider: Prologue,1992-02-20,"28,12,878",6.4
Escape Plan 2: Hades,2018-06-05,"28,53,80,9648,878",5.2
Hell and Back,2015-10-02,"14,35,16,12",5.2
Small Fry,2011-11-23,"16,10751,35",6.9
Dangerous Drugs of Sex,2020-02-14,"53,18,27",6.7
Zack and Miri Make a Porno,2008-09-18,"35,10749",6.3
Playing with Love,1977-05-17,18,5.2
The Iron Lady,2011-12-26,"36,18",6.4
Missing,2024-05-17,18,6.4
Ayla: The Daughter of War,2017-10-27,"18,10752,36",8.0
Saga of Tanya the Evil: The Movie,2019-02-08,"16,28,10752,14",8.1
Just a Breath Away,2018-04-04,"18,878,53",6.3
Little Boy,2015-04-23,"35,18,10752",7.2
Eurovision Song Contest: The Story of Fire Saga,2020-06-26,"35,10402",6.4
The Next Karate Kid,1994-07-18,"28,18,10751,12",5.4
The Amityville Horror,1979-07-27,27,6.3
Cry-Baby,1990-04-06,"35,10749",6.5
Ride On,2023-04-07,"28,35,18",7.3
Ip Man: Kung Fu Master,2019-12-23,"28,18",6.6
I'll Always Know What You Did Last Summer,2006-06-24,27,4.2
No Half Measures: Creating the Final Season of Breaking Bad,2013-11-26,99,8.4
The Loud House Movie,2021-08-20,"16,10751,35,12,14",7.3
Man Up,2015-05-29,"10749,35",6.6
The House of the Devil,2009-10-30,"27,9648",6.3
Walk Hard: The Dewey Cox Story,2007-12-21,"35,10402",6.6
Deep Blue Sea 3,2020-08-25,"28,27,878",5.6
Deep Blue Sea 3,2020-08-25,"28,27,878",5.6
My Best Friend's Wedding,1997-06-19,"35,10749",6.6
Colette,2018-09-21,"18,36",6.9
Jack Frost,1998-11-15,"35,10751,18,14",6.0
Crazy Love,1993-04-17,"35,10749,18",6.2
Genie,2023-11-22,"14,35",6.6
Assassins,1995-10-06,"28,12,80,53",6.5
One Wild Moment,2015-06-24,"18,10749",5.8
Priest,1995-03-24,"18,10749",6.3
The Boondock Saints II: All Saints Day,2009-11-24,"28,53,80",6.0
No Sudden Move,2021-06-24,"80,18,53,9648",6.4
To Live and Die in L.A.,1985-11-01,"80,53,28",7.1
Detective Conan: Full Score of Fear,2008-04-19,"16,28,80,9648",7.0
The Ron Clark Story,2006-08-13,"10770,18",7.4
Ghost Story of Kam Pin Mui,1991-06-22,"27,14,18",2.2
"Yes, God, Yes",2020-07-24,"18,35",6.3
The Good Liar,2019-11-08,80,6.7
Brown Sugar,2002-10-05,"10749,35",6.7
The Peasants,2023-10-13,"16,36,18",7.6
Phineas and Ferb the Movie: Candace Against the Universe,2020-08-27,"10751,16,878,35",7.3
Our Uniform,2023-05-06,"16,99",6.5
Father Figures,2017-12-21,35,5.8
The Whole Truth,2016-03-25,"18,53",6.5
Me and Earl and the Dying Girl,2015-06-12,"18,35",7.5
The Scammers,2024-09-04,35,5.0
Alpha Dog,2006-01-27,"80,18,53",6.7
Hard Feelings,2023-05-24,35,5.8
Naked,1993-09-14,"18,35",7.3
Brazen,2022-01-13,"53,9648,18",4.8
Vantage Point,2008-02-01,"18,28,53,80",6.4
South Park (Not Suitable for Children),2023-12-20,"16,35,10770",7.5
A Million Miles Away,2023-09-08,"18,36",7.7
Problemista,2024-03-01,35,6.8
"Roman J. Israel, Esq.",2017-11-17,"18,80,53",6.3
Borbaad,2014-08-15,"28,18,10749",7.0
The Perfect Guy,2015-09-11,"18,53",5.7
Chernobyl Diaries,2012-05-24,"27,53",5.3
The Week Of,2018-04-27,35,5.5
Winter's Bone,2010-06-11,"18,9648",6.8
Secret Society of Second Born Royals,2020-09-25,"28,12,35,14",6.7
Inuyasha the Movie 4: Fire on the Mystic Island,2004-12-23,"14,16,12",7.5
Weekend at Bernie's,1989-07-05,"35,80",6.4
Crimson Peak,2015-10-13,"27,10749,9648,53,18",6.7
Dragon Ball: Sleeping Princess in Devil's Castle,1987-07-18,"28,16,14,27",6.6
Concrete Utopia,2023-08-09,"53,878,12,28",7.0
Velvet Buzzsaw,2019-02-01,"53,9648,27",5.4
Cita,2024-06-18,18,5.8
Metal Skin Panic MADOX-01,1987-12-16,"878,28,35,16",5.5
Joni pata de conejo,2024-10-11,28,6.8
Sweet Home Alabama,2002-09-26,"35,10749",6.4
Three Kings,1999-09-27,"28,35,10752",6.7
Frida,2002-08-29,"18,10749",7.4
Dangerous Younger Cousin,2021-11-23,"18,10751",10.0
Equals,2015-07-15,"18,10749,878",6.1
Eight Below,2006-02-17,"12,18,10751",7.0
The Face of Love,2013-10-25,"18,10749",6.1
Duck Duck Goose,2018-03-09,"16,10751,12,35",6.2
Malcolm X,1992-11-18,"18,36",7.5
Chennai Express,2013-08-08,"10749,35,28",6.5
The Mummy Resurrection,2023-01-02,"27,14",6.4
Women in Cellblock 9,1978-03-17,"18,28,80,27",5.0
Nightbreed,1990-02-16,"27,14,28",6.4
The Fantastic Four,1994-05-31,"28,878,12",4.3
Son of a Gun,2014-10-16,"28,80,18,53",6.4
Krull,1983-07-29,"28,12,14,878",6.1
Satan's Slaves 2: Communion,2022-07-30,"18,27,9648",6.9
Blue Exorcist: The Movie,2012-12-28,"16,14,9648,27,28",7.3
Drifting Home,2022-09-09,"16,14,12",7.4
Virgin Forest,2022-06-24,"53,80,18",5.3
Poetic Justice,1993-07-23,"18,10749",6.9
"Recently, My Sister is Unusual",2014-05-17,"35,14,10749",7.1
Queenpins,2021-08-26,"35,80",6.5
Falcon Rising,2014-09-05,"12,28",6.3
The Discreet Charm of the Bourgeoisie,1972-09-15,35,7.5
Barbie and the Magic of Pegasus,2005-10-04,"16,10751,10749",7.2
Marvel Studios Assembled: The Making of Deadpool & Wolverine,2024-11-12,99,6.8
Girl in the Box,2016-09-10,18,6.6
Special Forces,2011-11-02,"28,18,10752",6.7
Guinea Pig Part 4: Devil Doctor Woman,1986-09-10,"27,35",4.1
The Midnight Sky,2020-12-10,"878,18",5.7
A Christmas Carol,2009-11-04,"16,10751,14",6.9
Closer,2004-12-03,"18,10749",6.8
"LaRoy, Texas",2024-04-12,"80,35,53",6.8
The Green Deal,2024-03-27,18,6.6
Hidden Face,2024-11-20,"9648,53",4.0
CJ7,2008-01-30,"35,18,10751,14,878",7.3
Land of the Lost,2009-06-05,"12,878,35",5.4
Over the Moon,2020-10-16,"16,12,10751,14",7.2
Missing Persons,1990-05-30,"18,80",4.0
Open Water 2: Adrift,2006-07-10,"18,27,53",5.5
Return of the Living Dead Part II,1988-01-15,"27,35",6.3
Richard Jewell,2019-12-13,18,7.4
The Big Wedding,2013-04-25,35,5.9
Eagle Eye,2008-09-25,"9648,53,28",6.5
Escape from New York,1981-05-23,"878,28",7.1
De Sade,1969-08-27,"18,36,53",3.2
Mississippi Burning,1988-12-08,"18,80,9648,53",7.7
Corrective Measures,2022-04-29,"878,28,53,12",5.1
I'm Not There,2007-10-01,"18,10402",6.5
Bad Company,2002-06-07,"28,12,35,53",5.5
The Last Warrior: Root of Evil,2020-12-24,"14,12,35",6.8
The Girl Next Door,2007-07-19,"53,80,18,27",6.7
Swapping: My Friend's Wife 2,2018-07-19,10749,7.0
Green Lantern: Beware My Power,2022-05-19,"16,28,878,14",6.7
Baise-moi,2000-06-28,"80,18,53",4.8
Black Box,2021-09-08,"9648,53,18",7.3
Tokyo Revengers,2021-07-09,"28,18,80",7.9
LEGO DC Comics Super Heroes: Justice League - Gotham City Breakout,2016-06-21,"16,10751,12,28,35",6.7
God of Pain,2024-08-20,"27,878,53",6.8
The Apostle,2014-10-01,18,6.5
Bookworm,2024-07-04,"12,10751,35,18",6.6
Fateh,2025-01-10,"28,80,53",6.8
The Seven Deadly Sins: Grudge of Edinburgh Part 1,2022-12-20,"16,14,12,28",7.8
Flubber,1997-11-26,"35,10751,878",5.6
Asterix & Obelix: God Save Britannia,2012-10-17,"10751,12,35",5.1
The Painter,2024-01-05,"28,53",6.2
The Wedding Ringer,2015-01-16,35,6.5
"O Brother, Where Art Thou?",2000-08-30,"12,35,80",7.3
Beastly,2011-01-21,"10749,14,18",6.3
Scrooged,1988-11-22,"14,35,18",6.8
My Neighbor's Wife,2016-07-28,"10749,18",4.3
Barbie Fairytopia: Magic of the Rainbow,2007-03-13,"16,10751,14,10749",6.9
Hoodwinked Too! Hood VS. Evil,2011-04-29,"35,16,10751",5.1
Red Dawn,1984-08-10,"28,53,10752,18,878",6.3
The Unborn,2009-01-09,"27,53,9648",5.2
Second Act,2018-11-22,"10749,35",6.3
Diary of a Wimpy Kid,2021-12-02,"16,35,10751",6.2
Fairy Tail: Dragon Cry,2017-05-06,"28,12,35,14,16",6.6
Weird: The Al Yankovic Story,2022-09-08,"10402,35,80",6.7
Om Shanti Om,2007-11-07,"35,53,18",7.1
Cats,2019-12-19,"14,35,18",4.1
Killer Babes,2024-09-06,"35,80,53",7.1
Angels in the Outfield,1994-07-15,"35,10751,14",6.0
Gilda,1946-04-25,"10749,18,53",7.5
Doraemon: Nobita and the Birth of Japan,2016-03-05,"16,12,14,878,10751",6.8
Conspiracy Theory,1997-08-08,"28,18,9648,53",6.6
Holidate,2020-10-27,"35,10749",7.0
The Meyerowitz Stories (New and Selected),2017-10-13,"35,18",6.5
Terminal,2018-05-10,"80,18,53,28,35,9648",5.5
Jurassic Greatest Moments: Jurassic Park to Jurassic World,2022-06-04,99,6.5
Young Mother 5,2020-04-03,"18,10749",5.8
Fabricated City,2017-02-09,"28,53,80",7.7
Knight of Cups,2015-09-10,"18,10749",5.7
The Hunter's Prayer,2017-06-08,"28,53",5.6
Gorath,1962-03-21,"878,28,53",6.6
Quigley Down Under,1990-10-17,37,6.7
Lockout,2012-04-12,"28,53,878",5.9
The Sisters Brothers,2018-09-19,"37,18,35",6.8
A Prayer Before Dawn,2018-05-24,"18,28,80",6.7
Sandy Wexler,2017-04-14,35,5.5
Big Fish & Begonia,2016-07-08,"16,12,14",7.4
Yu-Gi-Oh!: Bonds Beyond Time,2010-01-23,"16,14",6.5
Spy Kids 3-D: Game Over,2003-07-25,"28,12,35,10751,878",5.1
The Thirteenth Floor,1999-04-16,"53,878,9648",7.1
Suspiria,1977-02-01,27,7.5
Crash,2005-05-06,18,7.2
Counterattack,2021-02-15,"28,9648,53",6.2
The Raven,2012-03-09,"80,53,9648",6.3
Bride of Frankenstein,1935-04-20,"27,878",7.5
My First Summer,2020-10-24,"18,10749",8.0
A Very Harold & Kumar Christmas,2011-11-04,35,6.0
About My Father,2023-05-25,35,6.1
You Don't Know Jack,2010-06-27,"18,10770,36",7.1
Detective Conan: Episode One - The Great Detective Turned Small,2017-01-20,"16,80,9648,10770,35",7.6
Machine Gun Preacher,2011-09-23,"28,53,80",6.7
Jackie,2016-12-02,18,6.5
Madgaon Express,2024-03-22,"35,18",6.0
Lamb,2021-08-12,"18,14,27",6.4
The Ugly Truth,2009-07-24,"35,10749",6.5
Jarhead,2005-11-04,"18,10752",6.7
Someone Like You,2024-04-02,"10749,18",7.4
As Good as It Gets,1997-12-19,"18,35,10749",7.4
Evil Eye,2022-09-22,27,6.7
Words on Bathroom Walls,2020-08-21,"18,10749",7.8
NYAD,2023-10-18,"18,36",7.1
The Secret Kingdom,2023-04-27,"12,10751,14",6.4
48 Hrs.,1982-12-07,"53,28,35,80,18",6.7
Lust for Life,1956-09-15,"18,36",7.1
Mr. Harrigan's Phone,2022-10-05,"18,27,9648",6.4
Summer of 84,2018-08-10,"18,27,9648",6.9
Finding Neverland,2004-10-17,"18,14",7.3
The Golden Holiday,2020-09-29,"80,35,28",6.3
Live and Let Die,1973-06-27,"12,28,53",6.5
Johnny & Clyde,2023-03-23,"28,53,80",5.2
Geetha Govindam,2018-08-15,10749,6.8
Ride the High Country,1962-06-20,37,7.0
Chisum,1970-07-23,37,6.7
Khel Khel Mein,2024-08-15,"35,18",5.8
Xing Lin Chun Nuan,1992-04-11,18,5.3
Red Rocket,2021-12-10,"18,35",6.8
The Great Battle,2018-09-19,"10752,36,28",6.8
30 Minutes or Less,2011-08-11,"28,12,35",5.8
Little Eggs: A Frozen Rescue,2022-12-14,"16,12,35,10751",7.7
Squeal,2022-08-19,"35,27,14",4.8
Ip Man 4: The Finale,2019-12-19,"28,36,18",7.3
The Beach Bum,2019-03-21,35,5.7
Lady Macbeth,2016-12-12,18,6.6
The Last Song,2010-03-31,"18,10751,10749",7.2
Two Is a Family,2016-12-07,"18,35",7.7
El Mariachi,1993-02-22,"28,80,53,37",6.7
Twittering Birds Never Fly: The Clouds Gather,2020-02-27,"16,18",6.7
The Divine Fury,2019-07-31,"28,27,53",6.8
Justice League Dark,2017-01-24,"16,28,12,14,27,878",7.3
Beethoven,1992-04-03,"10751,35",5.8
Hell House LLC Origins: The Carmichael Manor,2023-10-24,"27,9648",6.4
Underdogs,2013-07-18,"16,12,10749",6.9
My Policeman,2022-10-20,"18,10749",7.6
The Stanford Prison Experiment,2015-07-17,"53,18,36",6.9
The Secret Life of Pets,2016-06-18,"12,35,16,10751",6.3
The Delta Force,1986-02-14,"28,53,12,10752",6.0
The Wicker Man,2006-08-31,"27,9648,53",4.3
Sharp Stick,2022-07-29,"35,18,10749",5.3
Pokémon the Movie: Genesect and the Legend Awakened,2013-07-13,"28,12,16,10751",6.4
The Broken Hearts Gallery,2020-09-11,"35,10749",7.2
A Cure for Wellness,2017-02-15,"27,9648,878",6.3
The Wife,2018-08-02,18,7.1
The Story of Skinhead,2016-10-14,"99,10402,10770",8.0
The Ritual Killer,2023-03-09,"9648,53,28,18",5.8
One Froggy Evening,1955-12-30,"16,35,10402",7.7
Barbie Mariposa & the Fairy Princess,2013-08-25,"16,10751,14",6.9
Monty Python's The Meaning of Life,1983-03-31,35,7.3
One Eight Seven,1997-07-29,"18,53",6.6
The Tournament,2009-05-01,"27,28,53",5.9
AquaSlash,2019-07-29,"27,35",4.1
Chinese Zodiac,2012-12-20,"28,12",6.2
Ghost in the Shell: The New Movie,2015-06-20,"878,16",6.7
LEGO DC Batman: Family Matters,2019-07-21,"16,10751,28,35",6.7
Throne of Blood,1957-01-15,"18,36",7.9
Now and Then,1995-10-20,"35,18,10749",6.9
Now and Then,1995-10-20,"35,18,10749",6.9
Barbie in A Mermaid Tale 2,2012-02-22,"16,10751",7.1
Boss Ma'am,2024-11-26,18,6.5
Game 6,2006-03-10,"18,35",4.5
Ride or Die,2021-04-15,"18,10749,53",6.8
Saint Seiya Heaven Chapter: Overture,2004-02-14,"16,14",7.6
Werewolves Within,2021-06-25,"27,35",6.0
Leo,2023-10-18,"28,80,53",6.9
Faster,2010-11-23,"80,18,28,53",6.3
The Magic Flute,2022-09-30,"12,14,10402,10751",6.5
Fred Claus,2007-11-09,"28,35,18",5.8
The Homesman,2014-05-18,"37,18",6.5
Les Misérables,1998-05-01,"80,18,36,10749",7.2
Shining Through,1992-01-31,"18,10749,53,10752",6.5
Bolehkah Sekali Saja Kumenangis,2024-10-17,18,7.5
The Ring Two,2005-03-10,"18,27,53",5.7
Going the Distance,2010-08-27,"35,18,10749",6.1
Hey Arnold! The Jungle Movie,2018-04-26,"10751,35,16,12,10770,14",7.6
I Spit on Your Grave: Déjà Vu,2019-04-23,"53,27",3.0
Paycheck,2003-12-25,"28,12,9648,878,53",6.2
Samba,2014-10-15,"18,35",6.3
Gridman Universe,2023-03-24,"16,28,878",8.3
Call of the Blonde Goddess,1977-12-09,"80,18,53,27",5.7
Gnome Alone,2017-11-02,"10751,12,16,35,14",6.1
The Secret Path,1999-04-02,"18,10770",7.2
Gabriel's Inferno,2020-05-29,"10749,18",8.4
Superman/Shazam!: The Return of Black Adam,2010-11-16,"16,28",7.0
Star Trek: The Motion Picture,1979-12-07,"878,12,9648",6.5
Where Hands Touch,2018-09-14,"10752,18,10749",7.9
Overlord: The Dark Hero,2017-03-11,"16,28,12,14",7.2
Bulworth,1998-05-15,"35,18,80,53,10749",6.3
Causeway,2022-10-28,18,6.5
Malibu Express,1985-03-01,"28,12,35,80",4.9
Adhurs,2010-01-13,"28,35,18",5.9
Pulse,2001-02-03,"27,53,9648",6.7
My Penguin Friend,2024-08-07,"10751,12,18",7.5
Jaws 2,1978-06-16,"27,53",6.0
Shadow of God,2025-03-26,27,5.2
Convoy,1978-06-27,"28,35,18",6.3
How Do You Know,2010-12-17,"35,18,10749",5.3
Bean,1997-07-03,"10751,12,35",6.5
6 Souls,2010-03-27,"27,9648,53",6.1
The Boston Strangler,1968-10-08,"18,80,53",6.7
Dil Dhadakne Do,2015-06-04,"18,10751,10749",6.8
The One and Only Ivan,2020-08-21,"10751,35,18",7.4
Swan Song,2021-12-17,"18,878",7.2
The Siege at Thorn High,2025-04-17,"28,80,18,53",8.3
The Clovehitch Killer,2018-11-16,"18,9648,80",6.4
Half Baked,1998-01-16,"35,80",6.3
Gummo,1997-10-17,"18,35",6.6
Radio,2003-10-24,18,7.3
The Squad: Home Run,2023-08-25,"28,53,80,18",6.2
Dove osano le cicogne,2025-01-01,35,6.2
Hard Target 2,2016-07-14,"28,53",6.1
Regular Show: The Movie,2015-09-01,"16,35,878,10770,12,28,10751,14",7.9
Dear Evan Hansen,2021-09-24,18,6.3
Obsessed,2009-02-26,"18,53",5.7
Dan in Real Life,2007-10-26,"35,10749,18",6.6
The Bob's Burgers Movie,2022-05-26,"16,12,35",7.0
Once Upon a Studio,2023-09-24,"16,10751,14,35",8.3
Lupin the Third: Goemon's Blood Spray,2017-02-04,"16,28,80,18",7.8
PERSONA3 THE MOVIE #1 Spring of Birth,2013-11-23,"12,28,16,18,14,878",7.3
LEGO Frozen Northern Lights,2017-01-05,"16,10751",6.5
Sodom and Gomorrah,1962-10-04,"12,18,36",5.4
Spell,2020-10-30,"53,27,14",6.5
Final Girl,2015-04-14,"28,18,53",5.2
The Glass House,2001-09-14,"18,53",5.9
Spear,2016-02-06,18,6.5
Teen Titans Go! & DC Super Hero Girls: Mayhem in the Multiverse,2022-05-24,"16,28,35",5.9
Doraemon the Movie: Nobita's Little Star Wars 2021,2022-03-04,"16,878,12,10751",6.5
The Postcard Killings,2020-03-13,"18,53",6.4
Zuzubalândia - O Filme,2024-09-05,16,6.0
Beasts of No Nation,2015-09-11,"18,10752",7.6
Female Prisoner Scorpion: Beast Stable,1973-07-29,"18,80,53",6.8
Lights Out,2024-02-16,28,7.0
Impetigore,2019-10-17,"27,53,9648",6.7
The Last Stop in Yuma County,2024-05-10,"80,53,18",7.0
Oscar and the Lady in Pink,2009-11-15,"18,10751",6.5
Twitches,2005-10-14,"35,18,10751,14,10770",6.8
Pokémon: Mewtwo Returns,2001-08-17,"16,10751,28,12,18,14",6.7
Wag the Dog,1997-12-25,"35,18",7.0
The Ladykillers,2004-03-25,"35,80,53",6.1
The Star Wars Holiday Special,1978-11-17,"14,878,10751,10770,12,10402",3.4
Don't Stop My Crazy Love for You,1993-04-28,"53,80",5.8
Marshall,2017-10-13,18,7.3
Boys State,2020-01-24,99,7.1
To the Bone,2017-01-22,18,7.2
Gintama: The Very Final,2021-01-08,"16,28,35",8.2
The Professor and the Madman,2019-03-07,"36,18,9648,53",7.1
A Legend,2024-07-05,"28,14,12,10749",5.6
Crystal Lake Memories: The Complete History of Friday the 13th,2013-09-13,99,7.9
Serenity,2005-09-25,"878,28,12,53",7.4
Crater,2023-05-12,"878,28,12,10751",6.6
Grand Isle,2019-12-06,53,5.4
The Treasure of the Sierra Madre,1948-01-15,"12,18,37",8.0
The Five,2023-01-07,37,5.9
Battle for Sevastopol,2015-04-02,"10752,18,10749",7.3
Term Life,2016-04-29,"53,18,28,9648",6.0
Candy Cane Lane,2023-11-29,"35,14,10751",6.0
The Lair,2022-10-28,"27,28",5.6
Night at the Museum: Kahmunrah Rises Again,2022-12-08,"16,35,10751,14",6.4
Children of the Pines,2023-12-24,"27,18,9648,53",8.0
Would You Rather,2013-02-08,"53,27",6.0
David Attenborough: A Life on Our Planet,2020-09-28,"99,18",8.4
Generation Iron 2,2017-05-12,99,6.8
AI Love You,2022-02-15,"10749,878,18",6.0
Unleashed,2005-02-02,"28,80",6.9
The Seven Deadly Sins: Cursed by Light,2021-07-02,"16,14",7.7
The Beauty Inside,2015-08-20,"14,10749",7.7
Operation Chromite,2016-07-27,"36,18,10752,28",5.9
Thinking XXX,2004-10-27,99,5.5
The Hours,2002-12-27,18,7.3
The Time Machine,1960-05-25,"53,12,14,878,10749",7.3
Pain Hustlers,2023-10-20,18,6.6
The Requin,2022-01-28,"27,9648,53",4.8
The Hunted,2024-01-18,"27,53",7.2
The Hunted,2024-01-18,"27,53",7.2
Déjame estar contigo,2025-01-12,"10749,35,18",6.2
Confessions of a Dangerous Mind,2002-12-31,"35,80,18,10749,53,36",6.7
Cardcaptor Sakura: The Movie,1999-08-21,"14,16,12",7.6
Little Bites,2024-10-04,27,6.1
Psycho-Pass: Sinners of the System - Case.2 First Guardian,2019-02-15,"16,878,80",6.8
To Die For,1995-09-22,"18,35,80",6.6
The Manchurian Candidate,1962-10-24,"53,18",7.5
Poltergeist,2015-05-20,27,5.2
Guns Akimbo,2020-02-27,"28,35,80,53",6.4
Street Fighter,1994-12-23,"28,12,35,53",4.6
The Merchant of Four Seasons,1972-03-10,18,6.7
Snow White,2001-10-28,"12,14",5.9
Pig,2021-07-16,"18,53,9648",6.6
After Porn Ends 2,2017-03-28,99,5.3
Gentlemen Marry Brunettes,1955-10-29,"10402,10749,35",5.2
Sweet Whip,2013-09-21,"18,80",5.9
An Affair: My Wife's Friend 2,2019-08-09,,8.0
Super,2010-11-26,"35,28,18",6.5
Stormy,2024-03-08,99,6.8
Lucky Winners,2024-03-13,35,5.8
Ben-Hur: A Tale of the Christ,1925-12-25,"12,18,10749",7.3
Bad Santa 2,2016-11-23,"35,80,9648",5.4
Australia,2008-11-18,"12,10749,18",6.6
Psycho-Pass: Sinners of the System - Case.1 Crime and Punishment,2019-01-25,"16,878,80",6.7
Reign of Chaos,2022-04-12,"28,27,14",5.5
Polite Society,2023-04-27,"35,28,18",6.3
Black Butler: Book of Murder,2014-10-25,"9648,16,12,28",8.1
BFFs,2014-01-31,35,4.3
The Hunchback of Notre Dame,1939-12-29,"18,10749,27",7.3
Between the Temples,2024-08-22,"35,18",5.5
Pokémon: The Mastermind of Mirage Pokémon,2006-04-29,"10770,16,28,12",6.9
Last Man Down,2021-03-30,"28,53,9648",6.2
The Maltese Falcon,1941-10-18,"9648,80,53",7.7
Beerfest,2006-08-25,35,5.9
Sex Is Zero,2002-12-12,"35,10749",6.2
The Nativity Story,2006-11-30,18,7.0
The Colony,2021-08-26,"878,53",5.7
There's Someone Inside Your House,2021-09-24,"27,9648",5.4
Young Mother 4,2016-04-28,10749,4.5
Midnight Runners,2017-08-09,"35,28,80",7.5
The Adventures of Dr. Dolittle: Tale 2 - Cannibal Land,1928-12-15,"35,16,12",3.0
Etugen,2023-01-04,99,10.0
Brahmāstra Part One: Shiva,2022-09-08,"28,12,14",6.4
The Nun,2005-11-03,"27,9648",5.6
Max Payne,2008-10-15,"80,28,18,53,9648",5.4
Kickboxer: Retaliation,2018-01-26,"28,18",5.4
The Escort,2015-11-05,"18,35,10749",6.0
Cold Skin,2017-10-20,"27,14,18",6.3
Onibaba,1964-11-21,27,7.7
Boy of Two Worlds,1959-12-18,"10751,18",5.3
The Ice Storm,1997-09-27,18,6.9
Starsky & Hutch,2004-03-05,"35,80",5.8
The Leopard,1963-03-27,18,7.7
Parasyte: Part 1,2014-11-29,"878,27,28,18",7.1
Graphic Desires,2023-08-31,53,7.0
R.I.P.D. 2: Rise of the Damned,2022-11-15,"14,28,35",6.3
Criminal,2016-04-07,"28,80,878",6.2
Vanessa,1972-11-23,18,4.2
The King of Kings,1927-04-19,"18,36",6.5
The King of Kings,1927-04-19,"18,36",6.5
D.E.B.S.,2004-03-25,"28,35,10749",6.4
Valhalla Rising,2009-09-04,"12,18,28,14",6.1
Aśoka,2001-09-13,"28,12,18,36,10749,10752",6.5
Footloose,1984-02-17,"18,10749",6.7
Digimon Adventure: Last Evolution Kizuna,2020-02-21,"16,28,12,14",8.1
Ipar Adalah Maut,2024-06-13,18,6.8
Animal Games,2004-08-11,"99,14",5.3
Meet Me Next Christmas,2024-11-05,"10749,35",6.4
Attraction,1969-02-26,"18,35",5.0
Ip Man 3,2015-12-24,"28,18,36",7.0
"The Good, the Bart, and the Loki",2021-07-07,"16,35,10751",7.2
Scorpion King: Book of Souls,2018-10-23,"28,12,14",5.9
Music for Madame,1937-10-08,"35,10749",5.0
Tusk,2014-09-19,"35,27",5.5
24 Hours to Live,2017-10-26,"28,878,53,9648",5.9
Pay the Ghost,2015-09-16,27,5.4
Step Up Revolution,2012-07-26,"10402,18,10749",6.9
Four Lions,2010-05-07,"35,80,18",7.0
Noel,2004-11-12,"18,10749",5.8
Stronger,2017-09-22,18,7.0
The Big Sleep,1946-08-23,"9648,80,53",7.6
PAW Patrol: Mighty Pups,2018-10-04,"12,16,10751,28",7.5
Chitty Chitty Bang Bang,1968-12-17,"10751,10402,12,14,35",6.8
Here After,2024-07-25,"27,53",5.0
Firebrand,2024-03-27,"18,36,53",6.4
Bionic,2024-05-28,"878,28,12",6.0
Sleeping Beauty,2011-06-10,"18,10749",5.3
The Juror,1996-02-02,"53,80,18",5.6
Blood Ties,2013-08-22,"53,80,18",6.1
The Poseidon Adventure,2005-11-20,"12,18,53,28,10770",5.2
Moonstruck,1987-12-16,"35,18,10749",6.9
Scooby-Doo! The Mystery Begins,2009-09-13,"9648,35,14",6.4
Woman Walks Ahead,2017-09-10,"18,36,37",6.7
Sin Nombre,2009-03-20,"18,28,53,80",7.6
Only When I Laugh,1981-09-25,"35,18",6.0
Of Mice and Men,1992-09-16,18,7.2
Fate/Grand Order the Movie: Divine Realm of the Round Table: Camelot Wandering; Agateram,2020-12-05,"16,28,12,36,18,14",7.2
Super Troopers,2001-02-15,"35,80,9648",6.5
Death Wish V: The Face of Death,1994-01-14,"28,80,18",5.5
Open Water,2003-10-26,"18,53,27",5.5
Act of Valor,2012-02-24,"28,53,10752",6.5
Stranger in the Woods,2024-02-14,"27,53",6.1
Forbidden Fairytale,2025-01-08,"35,10749",7.3
Interceptor,2022-05-26,"28,53,12",6.1
Drop Zone,1994-12-08,"28,53,80",5.7
The Rundown,2003-09-26,"12,28,35,53",6.5
Let's Go To Rose Motel,2013-08-14,"18,10749",4.0
The Fan,1996-08-15,"53,28,18",6.0
The Count of Monte-Cristo,1975-10-31,"12,18,10770",6.7
Eugenie de Sade,1973-04-05,"18,53,27",5.7
The Killing Fields,1984-11-23,"18,36,10752",7.5
All About Anna,2005-11-24,"35,18,10749",3.6
Pets,2025-04-10,99,7.3
Goyo,2024-06-27,"18,10749,35",7.0
The Lost Future,2010-11-13,"12,878,10770",4.9
Frontera,2014-07-31,"37,18",6.5
Mr. Holland's Opus,1995-12-29,"18,10402",7.0
The Ward,2010-09-13,"27,9648,53",5.8
The Ward,2010-09-13,"27,9648,53",5.8
Cells at Work!,2024-12-13,"28,12,35,14",7.7
Golda,2023-08-23,"18,36,10752",6.4
Waterloo,1970-10-26,"36,18,10752",7.2
Color of Night,1994-08-19,"10749,9648,53",5.7
The Passenger,2023-08-04,"27,53",6.1
Init,2024-07-30,18,6.0
Kingsglaive: Final Fantasy XV,2016-07-09,"16,878,28",6.7
Jana Gana Mana,2022-04-28,"80,53,18",7.1
Frances,1982-12-03,18,6.9
Young Mother,2013-07-31,"35,10749",5.2
What About ME?,2016-01-01,"99,36",7.0
Absolutely Fabulous: The Movie,2016-07-01,35,5.3
Spenser Confidential,2020-03-06,"35,28,53",6.5
A Private War,2018-11-16,"18,10752",6.8
The Painted,2024-12-19,"27,53",5.0
Curve,2015-08-31,"27,53",5.8
Young Mother-in-Law,2018-03-09,10749,6.8
The Time Machine,2002-03-04,"878,12,28",6.3
Like a Boss,2020-01-09,35,6.3
The Time Machine,2002-03-04,"878,12,28",6.3
Like a Boss,2020-01-09,35,6.3
RE:BORN,2016-09-24,"28,80",7.1
Memoir of a Murderer,2017-09-07,"80,9648,53",7.4
Sadomania,1981-03-27,"28,27",5.0
3 Ninjas Knuckle Up,1995-04-07,"10751,12,28,35",5.1
Invasion,2020-02-27,"878,18,28",6.9
Class of '74,1972-06-14,"10749,18",3.0
The Believer,2001-08-23,18,6.9
The Black Cauldron,1985-07-24,"16,12,10751,14",6.4
The Comancheros,1961-12-16,"37,28",6.7
The Domestics,2018-06-28,"53,27",6.1
Mishima: A Life in Four Chapters,1985-09-20,18,7.8
Injustice,2021-10-09,"16,878,14,28",7.4
Unplanned,2019-03-21,18,6.9
Taking Chance,2009-09-21,"18,10752,10770",7.2
The Poseidon Adventure,1972-12-01,"12,18,53",7.1
The Last Flight of Noah's Ark,1980-06-24,"12,10751",5.5
LEGO DC Comics Super Heroes: Justice League - Cosmic Clash,2016-02-16,"28,12,16,35,10751",6.3
Stuber,2019-07-11,"28,35",6.6
Grand Theft Hamlet,2024-12-06,"16,18,99",6.8
Una muerte silenciosa,2025-01-09,"80,18,9648,53",6.7
"Batman: The Long Halloween, Part Two",2021-07-26,"16,9648,28,80",7.4
The Friend,2025-03-28,18,6.7
Blood: The Last Vampire,2000-11-18,"16,14,27",6.9
Haunted High,2012-08-25,"27,14,9648,878,53",4.4
Lover of the Last Empress,1995-03-17,"18,36",5.8
Teen Titans Go! vs. Teen Titans,2019-07-21,"28,16,35,10751,14,878",7.5
The Powerpuff Girls Movie,2002-07-03,"16,28,10751",6.7
Bringing Out the Dead,1999-10-22,18,6.6
1900,1976-08-28,"18,36",7.8
Cool Hand Luke,1967-11-01,"28,18,80",7.7
Soldier,1998-10-23,"878,28,18,14",6.4
Hair Love,2019-08-14,"16,10751,35",7.6
Belle de Jour,1967-05-24,"18,10749",7.3
Bully,2001-06-15,"80,18",6.7
The Signal,2014-03-15,"53,878",6.0
Paradise City,2022-11-11,"28,80,53",5.5
The Last Full Measure,2020-01-23,"18,28,10752",7.3
The Beach,2000-02-03,"18,12,10749,53",6.5
Scorned,2013-11-14,"53,27,9648",4.9
The Black Tulip,1964-02-28,12,6.2
Stigmata,1999-09-02,"27,53,14",6.3
Can You Keep a Secret?,2019-09-13,"10749,35",6.4
Show Dogs,2018-05-18,"12,80,10751,35",6.0
Lou,2022-09-23,"28,53",6.5
swingers ZwingerZ,2022-03-20,"99,10749,18",4.5
Saajan,1991-08-30,"18,10749",6.4
City Hunter,2019-02-06,"28,35,12",6.5
Sinkhole,2021-08-11,"35,18",6.9
The Dyatlov Pass Incident,2013-02-27,"53,9648",5.9
Little Italy,2018-08-24,"35,10749",6.6
An American Werewolf in Paris,1997-05-29,"27,35,14",6.0
Racing Stripes,2005-01-06,"35,10751",5.9
The Trial,1962-12-21,"80,18,9648",7.4
Rock Dog,2016-07-08,"16,12,35,10751,10402",6.2
Blade Runner: Black Out 2022,2017-09-26,"28,16,878",7.1
Paint,2023-04-06,"35,18,10749",5.5
Custody of the Heart,2000-08-28,"18,10770",4.2
The Program,2015-09-16,18,6.4
The Water Diviner,2014-12-25,"10752,18",6.8
The Ten Commandments,1923-11-23,"18,14",6.6
Christmas on Windmill Way,2023-12-02,"10749,35,10770",6.0
Harold & Kumar Go to White Castle,2004-07-02,"35,12",6.5
Cellar Door,2024-10-31,53,6.1
Extinct,2021-02-11,"16,35,10751,12",6.2
Walking Tall,2004-04-02,"12,18,28,53",6.3
You're Killing Me,2023-04-07,"27,53,28",5.7
The Grapes of Wrath,1940-03-15,18,7.8
The Warriors Gate,2016-11-18,"28,12,35,10751,14",6.6
The Cassandra Crossing,1976-12-18,"28,53",6.3
Mark Felt: The Man Who Brought Down the White House,2017-09-28,"18,36,53",6.2
Pretty Guardian Sailor Moon Cosmos the Movie Part 2,2023-06-30,"16,12,14,10749",7.9
Rim of the World,2019-05-24,"878,12,28,35",6.0
Darkman,1990-08-24,"28,878,53",6.4
The Haunting,1999-07-23,"27,53,14,9648",5.5
The Late Bloomer,2016-10-07,"35,18,10749",5.4
Bordello of Blood,1996-08-16,"27,35",5.9
Kingdom,2019-04-19,"28,12,10752,36,14",7.2
Every Act of Life,2018-04-23,99,7.0
Batman: Death in the Family,2020-10-13,"16,28",7.1
Please Stand By,2018-01-26,"35,18",6.8
The Sicilian Clan,1969-12-05,"80,18",7.6
The Return of Godzilla,1984-12-15,"878,28,53,27",7.2
Always Be My Maybe,2019-05-31,"10749,35",6.6
The Boss Baby: Christmas Bonus,2022-12-06,"16,10751,12",6.7
Due Justice,2023-11-24,"28,53,80",6.2
What a Girl Wants,2003-03-27,"35,10749,18,10751",6.3
Color Out of Space,2019-09-07,"27,878,9648,53",6.0
I'm Still Here,2010-09-10,"10402,35,18",6.0
Vampires,1998-10-30,"28,14,27",6.3
I Can Only Imagine,2018-02-14,"10402,18",7.5
Ramona and Beezus,2010-07-23,"35,10751",6.5
The Doctor Is Staying with the Colonel,1980-11-28,35,5.3
The Troubleshooters,1988-01-01,"18,35",7.0
Double Jeopardy,1999-09-24,"18,53,9648",6.6
Phat Girlz,2006-04-07,"35,10749",4.6
Double Indemnity,1944-07-06,"80,53",8.1
Hot Pursuit,2015-05-08,"28,35",5.7
The Town that Dreaded Sundown,2014-10-16,"53,27",5.7
Geronimo: An American Legend,1993-12-10,"37,36,28,18",6.3
The Best of Enemies,2019-04-05,"18,36",7.4
Wolves,2014-08-28,"27,28",5.9
Rumble Fish,1983-10-09,"80,18,10749",7.0
Beneath the Planet of the Apes,1970-04-23,"12,878,9648",6.1
Miracle in Cell No. 7,2013-01-23,"18,35",7.9
Don't Die: The Man Who Wants to Live Forever,2025-01-01,99,6.2
Van Helsing: The London Assignment,2004-05-11,"28,16,14,27",6.1
Boiler Room,2000-02-18,"80,18,53",6.7
Shaolin Wooden Men,1976-10-10,28,6.8
One Piece: Giant Mecha Soldier of Karakuri Castle,2006-03-04,"16,12,28,35,878,14",7.0
Camp Rock 2: The Final Jam,2010-09-17,"35,10402,10770",6.3
The House,2022-01-14,"16,18,35,27,14",7.0
Summer of 85,2020-07-14,"10749,18",7.4
Howards End,1992-03-13,"18,10749",7.0
Mars Needs Moms,2011-03-09,"12,16,10751",5.9
The Zookeeper's Wife,2017-03-24,"18,36,10752",7.3
The Green Inferno,2013-09-08,"12,27",5.7
Little Odessa,1994-10-28,"18,80",6.4
Ran,1985-06-01,"28,18,36",8.1
Late Bloomers,2024-06-07,35,6.3
Kizumonogatari Part 3: Reiketsu,2017-01-06,"16,14,9648",8.1
Bleach the Movie: Memories of Nobody,2006-12-16,"14,16,878",6.9
Last Straw,2024-09-20,"18,27,53",6.0
9 Bullets,2022-04-14,"28,53",5.4
Amy,2015-07-02,"99,10402",7.6
Why Did I Get Married Too?,2010-04-02,"35,10749",6.5
Katas,2024-02-09,"18,53",6.0
ZEF - The Story of Die Antwoord,2024-03-23,"99,10402",6.8
The Laundromat,2019-09-27,"80,18,35",6.0
The General,1926-12-25,"28,12,35,10752",7.9
Think Like a Man Too,2014-06-20,"35,10749",6.4
Be with You,2018-03-14,"10749,18,14",8.2
The Christmas Chronicles,2018-11-22,"35,12,10751,14",7.1
The Ground We Won,2015-05-07,99,6.2
The Belko Experiment,2016-03-17,"27,53",6.1
When Marnie Was There,2014-07-19,"16,18,10751,9648",7.9
When Marnie Was There,2014-07-19,"16,18,10751,9648",7.9
Water for Elephants,2011-04-15,"18,10749",6.9
La Cocina,2024-10-25,"35,18",6.5
Before We Go,2014-09-04,"35,18,10749",6.7
Batman: Year One,2011-09-27,"28,16,80,53",7.3
Battlestar Galactica: The Plan,2009-10-27,"878,28,18",6.8
Sympathy for Mr. Vengeance,2002-03-29,"28,18,53",7.5
Lady Chatterley's Lover,1981-06-29,"18,10749",5.4
Invictus,2009-12-11,"18,36",7.2
The Two Popes,2019-11-27,"18,36",7.5
Boonie Bears: Guardian Code,2023-01-22,"16,35,878,10751,12",6.5
A Hidden Life,2019-08-27,"36,18,10752",7.1
Cloudy Mountain,2021-09-11,"28,12,18",7.3
Beauty and the Beast,1979-03-02,"18,14,27",7.5
Golden Temple Amazons,1986-10-01,12,4.2
Love Rites,1987-07-19,"18,27",4.6
Dear David,2023-10-13,"27,53",4.8
The Woman in Red,1984-08-15,"35,10749",6.2
Doors,2021-03-23,878,4.9
Mighty Morphin Power Rangers: The Movie,1995-06-30,"28,12,878,14",5.8
Pure Love,2024-11-27,"18,10749",7.0
"Game Over, Man!",2018-03-23,"28,35",5.5
Z-O-M-B-I-E-S,2018-02-16,"14,35,10749,10770",7.2
Pretty Guardian Sailor Moon Eternal the Movie Part 1,2021-01-08,"16,28,14",7.8
We Were Soldiers,2002-03-01,"28,36,10752",7.1
Strange Way of Life,2023-05-26,"18,37,10749",6.3
Dark Spell,2021-02-11,27,6.7
Middle Men,2009-05-17,"18,35,80",6.5
Equity,2016-07-29,18,5.6
Give Me Shelter,2014-06-24,99,2.0
Trinity Seven: Eternity Library & Alchemic Girl,2017-02-25,"16,28,35,14,10749",7.3
The Man Who Killed Don Quixote,2018-05-19,"12,35",6.7
Andhadhun,2018-10-05,"80,9648,53,35",7.6
X-Men: The Mutant Watch,2000-07-02,99,7.0
Paglu 2,2012-08-30,"28,10749,18,35",4.7
Night on Earth,1991-12-12,"35,18",7.5
Young Elite,2025-01-13,"10749,18",1.0
YAYA,2018-12-09,"99,10751",7.0
On the Rocks,2020-10-02,"18,35,10749",6.1
Lu Over the Wall,2017-05-19,"16,10751,14,12,35,10402",7.1
Lu Over the Wall,2017-05-19,"16,10751,14,12,35,10402",7.1
Empire State,2013-09-03,"28,18",5.4
Persian Lessons,2020-04-17,"10752,18",7.6
Burning Bright,2010-08-17,"18,27,53",6.3
Cyber Hell: Exposing an Internet Horror,2022-05-17,"99,80",7.2
It Happened One Night,1934-02-22,"35,10749",7.8
Kizumonogatari Part 2: Nekketsu,2016-08-19,"16,14,9648",8.1
Small Claims: The Meeting,2004-05-17,18,8.0
Puss in Book: Trapped in an Epic Tale,2017-06-16,"10751,14,16,35,12",6.6
The Roommate,2011-02-04,"53,18,27",5.4
My Oni Girl,2024-05-24,"16,14,12,10751",7.3
Free Willy 2: The Adventure Home,1995-07-19,"10751,12,18,35",5.9
Si saben cómo me pongo ¿Pa' qué me invitan?,2018-01-04,35,6.4
Private Valentine: Blonde & Dangerous,2008-11-07,35,6.3
Open Season 2,2008-09-24,"12,16,35,10751",5.8
"I Love You, Beth Cooper",2009-07-10,"35,10749",6.0
Berserk: The Golden Age Arc I - The Egg of the King,2012-02-03,"16,28,12,14",7.2
Other Side of the Box,2018-10-31,"27,53",6.7
Pink Floyd: Live at Pompeii,1972-10-25,"10402,99",8.1
The Kitchen,2019-08-08,"28,80,18",6.1
Wide Open,1974-12-18,"18,35",3.5
Respect,2021-08-12,"18,10402,36",6.8
Aunt,2021-07-28,10749,7.5
Breaking,2022-08-25,"80,18,53",6.5
Doraemon: Nobita and the Island of Miracles – Animal Adventure,2012-03-03,"10751,16,12",7.0
Operation Blood Hunt,2024-12-12,"28,12,27",4.5
Batman: Mystery of the Batwoman,2003-10-21,"14,16,12,80",6.7
The Stranger,2022-10-06,"53,80,18",6.2
Big Eyes,2014-12-24,18,7.0
Running Scared,2006-01-06,"28,80,18,53",7.0
Immoral Tales,1974-08-28,"18,10749",5.9
Next Gen,2018-09-07,"16,28,12,35,10751,878",7.0
Rescue Dawn,2006-09-09,"12,18,10752",7.0
Crocodile Dundee in Los Angeles,2001-04-12,"12,35",5.2
Out of Africa,1985-12-20,"36,10749,18",7.2
The Darkest Hour,2011-12-22,"27,28,53,878",5.3
Olaf's Frozen Adventure,2017-10-27,"16,10751,12,35,14",6.5
A Florida Enchantment,1914-08-10,"35,14",4.7
Lords of Chaos,2018-09-20,"18,10402,53,27",6.8
Bandit,2022-09-23,"80,18,53",6.3
America: The Motion Picture,2021-06-30,"16,28,35",5.7
Wrongfully Accused,1998-07-23,"28,12,35",5.9
The Out-Laws,2023-07-07,"10749,28,35",6.0
Blood & Sex Nightmare,2008-08-05,27,4.5
Election,1999-04-23,"35,10749,18,9648",6.9
The Room,2019-09-12,"27,18,9648,878",6.4
Lords of Dogtown,2005-06-03,18,7.1
Justice League: War,2014-01-21,"16,28",7.4
Their Finest,2017-02-19,"10749,10752,18",6.7
Major League II,1994-03-30,35,5.7
Stormbreaker,2006-07-21,"12,28,10751",5.2
Ranma ½: Nihao My Concubine,1992-08-02,"28,35,16,12",8.0
Fidelity,2019-10-31,18,6.7
The Stolen Princess,2018-03-07,"16,35,12,10751",6.9
Saint-Exupéry,2024-12-11,"18,36,12",5.6
Hard Hit,2021-06-23,"28,80,18,53",7.5
City of Lies,2018-09-06,"80,53,18",6.4
Hard Hit,2021-06-23,"28,80,18,53",7.5
City of Lies,2018-09-06,"80,53,18",6.4
Thunderbolt and Lightfoot,1974-05-23,"80,35,28,18",6.8
The Thomas Crown Affair,1968-06-26,"80,10749",6.8
Piggy,2022-10-07,"18,27",6.6
The Burning,1981-05-08,27,6.2
And the Band Played On,1993-09-11,"18,10770",6.5
Escape from the Planet of the Apes,1971-05-20,"28,878",6.4
A Boy Called Christmas,2021-11-24,"10751,12,14",7.3
Armageddon Time,2022-10-28,18,6.5
The Titan,2018-03-30,"878,53",5.3
Major Payne,1995-03-24,"12,35,10751",6.4
Escape from Planet Earth,2012-10-09,"16,35,12,10751,878",5.7
Nocturne,2020-10-13,"27,9648,53",5.9
LEGO Marvel Super Heroes: Avengers Reassembled!,2015-11-16,"10751,16",6.7
The New Adventures of Aladdin,2015-10-14,"35,14,12",4.7
The Hundred-Foot Journey,2014-08-06,"18,35",7.3
Depravity,2024-10-11,"9648,53,80",5.3
The Tale,2018-01-20,"18,9648",7.1
Wonderful Days,2003-07-17,"16,878",6.1
Look Both Ways,2022-08-16,"10749,18,35",6.9
Bodyguards and Assassins,2009-12-18,"18,28,36",6.8
Open Season 3,2010-10-21,"12,16,10751,35",5.6
Piece by Piece,2024-10-10,"16,10402",7.5
Your Place or Mine,2023-02-10,"10749,35",6.3
Night Moves,1975-06-11,"80,9648,18,53",6.7
The Wedding Date,2005-02-04,"10749,35",6.8
Crayon Shin-chan: Explosion! The Hot Spring's Feel Good Final Battle,1999-04-17,"16,28,35",6.7
Seeking a Friend for the End of the World,2012-06-22,"35,18,10749,12",6.6
The Dinner Game,1998-04-15,35,7.8
Waiting to Exhale,1995-12-22,"35,18,10749",6.3
A Madea Family Funeral,2019-03-01,35,5.9
Harry and the Hendersons,1987-06-05,"35,10751,14,18",6.1
Colors of Evil: Red,2024-05-29,"80,53,9648",6.7
Heidi,2015-12-10,"12,10751,18",7.2
Mystery Men,1999-08-06,"12,14,28,35,878",5.8
White Men Can't Jump,2023-05-11,"35,18",6.4
Before Midnight,2013-04-05,"10749,18",7.5
Traffik,2018-04-20,"27,53",6.1
Before Midnight,2013-04-05,"10749,18",7.5
Traffik,2018-04-20,"27,53",6.1
Sputnik,2020-09-08,"878,18,27",6.5
No Tears for the Dead,2014-06-04,"28,53,18",7.2
The Year I Started Masturbating,2022-10-21,"35,18,10749",5.9
Monster,2021-07-15,"80,18",6.4
Cube Zero,2004-10-10,"9648,878,53",5.7
Unrest,2017-10-20,99,7.0
Pokémon the Movie: Kyurem vs. the Sword of Justice,2012-07-13,"10751,16,28,12,14,878",6.4
Fallen Leaves,2023-09-14,"10749,35,18",7.2
The Pink Panther,2006-02-10,"35,9648,80,12,10751",5.8
Empire of the Sun,1987-12-09,"18,36,10752",7.5
Grease Live,2016-01-31,"10770,10402",7.0
The Blackout,2019-11-21,"53,878,28",6.5
Wedding Daze,2006-09-09,"35,10749",5.5
The Debt Collector,2018-06-05,"28,35",5.8
Showtime,2002-03-14,"28,35",5.5
Jackass: The Movie,2002-10-25,"35,99,28",6.3
Friends with Money,2006-04-07,"35,18,10749",5.1
Sweetheart,2019-01-28,27,6.4
Bloomington,2010-06-23,"10749,18",6.6
Natsume's Book of Friends: The Waking Rock and the Strange Visitor,2021-01-16,"16,18,14",7.2
Brigsby Bear,2017-07-27,"35,18",7.1
Delicious,2021-09-08,"36,35,18",6.9
The Avengers,1998-08-13,"28,12,53,878,35",4.4
Paradise,2023-06-24,"878,53",6.5
Planet Terror,2007-04-06,"27,28,53",6.7
Copshop,2021-09-09,"53,80,28",6.3
The Cotton Club,1984-12-14,"80,18",6.5
An American Bombing: The Road to April 19th,2024-04-16,99,6.6
Female Hostel 3,2019-06-11,10749,7.8
Run Hide Fight,2021-06-17,"28,80,53",6.7
Slamma Jamma,2017-03-24,18,6.1
Rabbit Hole,2010-12-16,18,6.7
Mama Jack,2005-01-01,35,5.7
Pompo the Cinephile,2021-06-04,"16,35,18",7.2
Boat Trip,2002-10-01,35,5.3
The Scorpion King 3: Battle for Redemption,2012-01-17,"28,12,14,18",4.6
"Liane, Jungle Goddess",1956-10-03,12,5.1
Village of the Damned,1995-04-28,"53,27,878",6.1
Scooby-Doo! Moon Monster Madness,2015-02-03,"12,16,10751,35,9648,878",7.8
Kamikaze Girls,2004-05-29,35,7.0
Battle Royale II: Requiem,2003-07-05,"28,53",5.0
Bachelorette,2012-01-23,"35,10749",5.4
Cheaper by the Dozen,2022-03-18,"10751,35",6.4
Capote,2005-09-30,"80,18",7.0
Queen of Katwe,2016-09-23,18,7.2
Pokémon: Destiny Deoxys,2004-07-22,"10751,12,16,14",6.6
How to Make a Killing,2025-01-01,"35,53",6.6
Barbie and the Diamond Castle,2008-09-03,"16,10751",7.4
3 from Hell,2019-09-16,"27,53",5.8
After Porn Ends,2012-05-21,99,5.6
Summer Catch,2001-08-22,"35,10749",5.5
The Burning Sea,2021-10-29,"28,53,18",6.6
Benji,2018-03-16,"18,35,10751,80",6.9
Don't Be Afraid of the Dark,2010-11-06,"14,27,53",5.8
Addicted,2014-10-10,"18,53",5.9
American Ultra,2015-08-19,"28,35",6.1
Trespass,1992-12-25,"28,53,80",6.3
Spontaneous,2020-10-02,"35,27",6.8
Servant or Slave,2016-08-01,99,7.5
Primary Colors,1998-03-20,18,6.3
90 Minutes in Heaven,2015-09-11,18,5.9
The Umbrellas of Cherbourg,1964-02-19,"18,10749",7.4
In the Shadow of the Moon,2019-09-27,"878,53",6.2
Voices of a Distant Star,2002-02-02,"16,878,10749",6.5
Bokeh,2017-03-24,"18,878,53",5.4
Saint☆Young Men,2013-05-09,"16,35",7.7
Find Me Falling,2024-07-18,"10749,35,10402",6.6
The Late Shift,1996-02-24,"35,18,10770",6.4
Planes,2013-08-09,"16,10751,12,35",5.9
Christmas Carole,2024-11-14,"35,10751",5.7
Year 10,2024-08-24,"27,878",4.8
Petak Umpet,2024-11-21,27,4.7
Follow That Bird,1985-08-02,"10751,35,12,10402",6.3
Frequency,2000-04-28,"878,53",7.2
Babel,2006-10-26,18,7.2
Odd Thomas,2013-01-29,"9648,53",6.9
Babel,2006-10-26,18,7.2
Odd Thomas,2013-01-29,"9648,53",6.9
Significant Other,2022-10-06,"878,53,27,9648,18",6.0
Tekken,2010-03-20,"80,18,28,53,878",5.4
The Dirt,2019-03-22,"18,10402,36,35",7.5
A Babysitter's Guide to Monster Hunting,2020-10-14,"10751,14,12,35",6.2
Argentina 1985,2022-09-29,"18,36,80",7.9
Beverly Hills Chihuahua 3,2012-09-03,"35,10751",6.3
Attack of the Meth Gator,2024-09-05,"27,878,28",5.5
National Champions,2021-12-10,18,6.5
Mia,2017-12-17,"18,99",6.3
Godzilla: City on the Edge of Battle,2018-05-18,"16,878",6.6
Easter Parade,1948-07-08,"10749,10402",7.0
Dragons: Dawn of the Dragon Racers,2014-11-01,"16,10751,12,35,14",7.3
Bringing Back Christmas,2023-11-17,"35,10751",5.7
Hairspray Live!,2016-12-07,"10749,35,18,10770",7.3
The Wonder,2022-11-02,"18,9648",6.6
Memoirs of a Geisha,2005-12-06,"18,10749,36",7.7
The Other Side of the Door,2016-02-25,"53,27",5.6
The Three Stooges,2012-04-13,35,5.8
Science Fiction Volume One: The Osiris Child,2016-02-17,878,5.6
Bad Samaritan,2018-04-19,"53,80,27,18",6.7
Un/Happy for You,2024-08-14,"10749,18",5.0
"Run, Tiger Run!",2022-02-01,"16,12,35,28,10751",5.9
Arthur and the Revenge of Maltazard,2009-11-26,"12,14,16,10751",5.7
Alfie,2004-10-22,"35,18,10749",5.8
The Girl Who Kicked the Hornet's Nest,2009-11-27,"28,53,80,9648",7.1
The Great White Silence,1924-05-01,99,7.8
Barbie Fairytopia: Mermaidia,2006-03-14,"16,10751,12,14",6.9
Agent Game,2022-04-08,"28,53",5.1
About Fate,2022-09-08,"10749,35",7.5
The Silencing,2020-07-18,"53,28,80",6.4
Parachute,2024-04-05,"18,10749",6.3
"Tad, the Lost Explorer, and the Secret of King Midas",2017-03-25,"16,12,35,10751",6.7
Stealing Lust,2021-10-07,10749,5.0
Up in the Air,2009-12-04,"18,10749",6.9
Liz and the Blue Bird,2018-04-21,"16,18,10402",7.5
Dead Ringers,1988-09-23,"53,27",7.1
Funny Games,2008-03-14,"53,27",6.6
Table 19,2017-03-03,"35,18",5.9
Casper Meets Wendy,1998-09-10,"10751,14,35,10770",6.0
The Benchwarmers,2006-04-07,35,5.9
The Assignment,2016-06-08,"28,80,53",5.5
The Miracle Club,2023-07-14,"35,18",6.2
Fatman,2020-10-19,"18,53,28,14,80",5.6
Val,2021-07-23,"99,18",7.1
Airport 1975,1974-10-18,"18,53,28",5.7
Blood-C: The Last Dark,2012-06-02,"16,28,27,878",7.2
Mune: Guardian of the Moon,2015-02-05,"16,10751,12,14",7.3
The Man with the Iron Fists,2012-11-02,28,5.5
Silent Running,1972-03-09,"12,878",6.4
North by Northwest,1959-07-08,"53,12",8.0
Hair Piece: A Film for Nappy Headed People,1984-01-01,"16,99",5.6
Ironclad,2011-03-03,"10749,12,28,36",6.1
Always at The Carlyle,2018-05-11,99,6.8
Evil Under the Sun,1982-03-05,"53,80,9648,18",6.9
Spree,2020-08-14,"35,80,27,53",6.4
Black Mirror,2011-06-20,18,7.6
Shershaah,2021-08-12,"28,18,53,10752",7.2
The Keeper,2018-12-05,"18,10752,36",7.5
In Her Place,2024-09-30,"18,80,53",6.0
Naked Lunch,1991-12-27,"80,18",7.0
The Simpsons in Plusaversary,2021-11-12,"16,35,14",6.5
Kabhi Khushi Kabhie Gham,2001-12-14,"35,18",7.7
Bhool Bhulaiyaa 3,2024-11-01,"27,35",5.7
Russian Mom,2016-07-28,"18,10749",5.3
Mobile Suit Gundam: The Origin VI – Rise of the Red Comet,2018-05-05,"28,16,878,10752",7.2
Rena... Here's the Opportunity,1980-01-01,35,4.5
The Family Stone,2005-12-15,"35,18,10749",6.3
Lights Out,2016-07-21,27,6.4
Sotto Sotto,1984-03-01,35,2.8
A Dark Song,2016-07-08,"27,14,9648",6.2
Scanners,1981-01-14,"878,27",6.7
Proximity,2020-05-15,"878,18",6.6
Malibu's Most Wanted,2003-04-10,"35,80",5.1
Code Geass: Akito the Exiled 4: Memories of Hatred,2015-07-04,"28,16,878",5.9
Emmanuelle 4,1984-02-15,"18,10749",4.7
Man Down,2015-09-12,"53,18,10752",6.0
Are You Here,2013-09-07,35,5.2
Bruce Lee: A Warrior's Journey,2000-10-22,"99,28",7.3
The Return of Jafar,1994-05-20,"10751,12,16,10749",6.2
Saint Seiya: The Heated Battle of the Gods,1988-03-12,"28,16,14",7.6
Crayon Shin-chan the Movie: The Tornado Legend of Ninja Mononoke,2022-04-22,"16,35",7.2
A Bay of Blood,1971-09-08,"27,53",6.6
The Guilt Trip,2012-12-19,35,5.6
The Vast of Night,2019-06-01,"18,9648,878,53",6.6
Hayao Miyazaki and the Heron,2024-10-10,99,8.1
2 Hearts,2020-10-16,"10749,18",7.4
Shutter,2004-09-09,"27,9648,53",7.3
Primer,2004-10-08,"878,18,53",6.8
Encanto at the Hollywood Bowl,2022-12-27,"10402,99",7.0
Bedtime Stories,2008-12-24,"14,35,10751,10749",6.1
The Room,2003-06-27,"18,10749",4.0
My Cousin Rachel,2017-06-08,"18,10749",5.7
Air Strike,2018-10-26,"28,18,10752,36",5.1
Air Strike,2018-10-26,"28,18,10752,36",5.1
Miss Chic,1959-01-26,35,4.3
Dorian Gray,2009-09-09,"14,18,53",6.1
Ballot,2024-08-02,"18,53",10.0
The Crime of Padre Amaro,2002-10-01,"18,10749",6.6
Maggie,2015-05-08,"27,18",5.4
The Company You Keep,2012-12-20,"18,53",6.2
Sideways,2004-10-22,"35,18,10749",7.1
The Experiment,2010-07-15,"53,18",6.4
Reality Bites,1994-02-18,"18,10749,35",6.6
"No Chains, No Masters",2024-09-18,"18,36",6.6
The Seventh Seal,1957-02-16,"14,18",8.2
Tank Girl,1995-03-31,"28,35,878,14",5.4
Woman of...,2024-04-05,"18,36",6.4
All About My Mother,1999-04-16,"35,18",7.6
Maya the Bee Movie,2014-09-11,"10751,16",6.2
Robot Overlords,2014-10-18,"878,12,28",4.9
Unforgettable,2017-03-06,"18,53",5.9
The Bloody Hundredth,2024-03-14,"10752,99,36",7.3
Mother of the Bride,2024-05-08,"10749,35",5.9
Attack the Block,2011-05-12,"28,35,878",6.5
The Killer Inside Me,2010-02-19,"80,18,53",5.8
Suburbicon,2017-10-26,"53,80,18,9648",5.9
eXistenZ,1999-04-14,"28,53,878",6.8
Why Do Fools Fall In Love,1998-08-28,"18,10749",6.8
Beverly Hills Cop III,1994-05-24,"28,35,80",5.9
The Million Dollar Hotel,2000-02-09,"18,53",5.9
Work It,2020-08-07,"35,10402",7.5
One Hour Photo,2002-08-21,"18,53",6.7
Eastern Promises,2007-09-14,"53,80,9648",7.4
Halloween,2007-08-31,27,6.2
Drunken Master,1978-10-05,"28,35",7.4
High & Low The Movie,2016-07-16,28,6.3
The Perfect Storm,2000-06-29,"28,12,18,53",6.5
Drishyam 2,2021-02-19,"53,80,18",7.5
The Marine,2006-10-13,28,6.0
Barry Lyndon,1975-12-18,"18,10749,10752,36",8.0
American Fiction,2023-11-10,"35,18",7.3
The Witches,1990-05-25,"14,10751,27",6.9
An Affair: My Friend's Mom,2017-08-24,"10749,18",3.6
Stoker,2013-02-28,"18,27,53",6.6
The Wicked Reporter 2: The Rebirth of Horserace Betting,1994-11-19,80,8.8
Fallen,2006-07-23,"10770,18,14",6.9
The Garden of Sinners: Paradox Spiral,2008-08-16,"28,16,18,9648,53,14",7.8
Gold Diggers: The Secret of Bear Mountain,1995-11-03,"18,12,10751,9648",6.3
The Sand,2015-08-28,"27,878,35",5.1
Wild Summon,2023-05-16,"16,14,36",6.6
Shadow in the Cloud,2020-12-31,"27,28,10752",5.8
The World Will Tremble,2025-03-14,"18,10752",7.2
Sooryavanshi,2021-11-05,"28,80,53",5.8
Last Man Standing,1996-09-20,"80,28,18,53,37",6.4
The House,2017-06-29,35,5.6
A Kind of Murder,2016-12-16,"18,53,80",5.3
No More Bets,2023-08-05,"18,80",7.0
Trapezium,2024-05-10,"16,18,10402",7.0
Lake Placid vs. Anaconda,2015-04-25,"28,27,878",5.0
Little,2019-04-04,"35,14,10749",6.9
Starman,1984-12-13,"878,10749,18",6.9
Inferno,1999-09-25,"28,18,10749",6.1
Slumberland,2022-11-18,"10751,14,35",7.3
Jiu Jitsu,2020-11-20,"28,878,14",4.8
Fatal Fury: The Motion Picture,1994-07-16,"28,16,14",7.3
Hoosiers,1986-11-14,"18,10751",7.0
Wildcats,1986-02-14,35,6.2
Once Upon a Time in Mexico,2003-09-11,"28,18,9648,80,53",6.3
I Saw the Light,2016-02-05,"10402,18",6.3
Ramona and Beezus,2010-07-23,"35,10751",6.5
Crimes of Passion,1984-10-19,"80,18,53",6.3
We Have a Ghost,2023-02-24,"35,14,27",6.5
Arctic Blast,2010-08-04,"878,28",5.7
U.S. Marshals,1998-03-06,"53,80,28",6.5
Scooby-Doo! and WWE: Curse of the Speed Demon,2016-07-23,"16,10751,35,9648",7.6
Letters from Iwo Jima,2006-12-09,"28,18,10752",7.5
Fate/kaleid liner Prisma☆Illya: Vow in the Snow,2017-08-26,"28,16,18,14",7.1
Master Z: Ip Man Legacy,2018-12-20,"28,80,18",6.5
King of Thorn,2010-05-01,"14,16,878",6.6
Batman: Bad Blood,2016-01-19,"878,28,16,12",7.0
Emmanuelle Through Time: Emmanuelle's Supernatural Sexual Activity,2012-06-02,"35,14,878",5.2
Don't Look Now... We're Being Shot At!,1966-12-08,"35,10752",7.9
A Balloon's Landing,2024-05-10,18,6.7
The French Connection,1971-10-09,"28,80,53",7.5
Deliver Us from Evil,2020-08-05,"80,28,18",6.9
Krampus,2015-11-26,"27,35,14",6.2
French Kiss,1995-05-05,"35,10749",6.5
Zoom,2006-08-11,"10751,35,12,28,878",5.3
"Spring, Summer, Fall, Winter... and Spring",2003-09-19,18,7.8
Eyes of Laura Mars,1978-08-02,"9648,53,27",5.9
Valley Girl,1983-04-08,"35,10749",6.0
Pokémon the Movie: The Power of Us,2018-07-13,"16,10751,12,14",7.2
Lilya 4-ever,2002-08-23,"80,18",7.6
Deception,2008-04-24,"53,9648",5.9
Mobile Suit Gundam II: Soldiers of Sorrow,1981-07-11,"16,878,28",7.2
Joint Security Area,2000-09-09,"10752,18,53,9648",7.8
The 13th Warrior,1999-08-13,"12,36,28",6.7
White Palace,1990-10-19,"18,10749",6.1
Maurice,1987-09-18,"18,10749",7.6
V.I.P.,2017-08-23,"80,53,28",7.8
Clean,2022-01-28,"80,28,18",6.2
The Bonfire of the Vanities,1990-12-21,"35,18",5.6
Superman IV: The Quest for Peace,1987-07-24,"28,12,878",4.6
Benny & Joon,1993-04-16,"35,18",7.0
Catwoman: Hunted,2022-02-07,"16,28,80",5.8
Just Visiting,2001-04-06,"35,14,878",4.7
The Girl King,2015-12-11,"18,36,10749",6.3
Aristotle and Dante Discover the Secrets of the Universe,2023-09-08,"10749,18",7.5
Toc Toc,2017-09-01,35,7.1
The Eagle,2011-02-08,"12,18",6.2
Kamen Rider × Super Sentai × Space Sheriff: Super Hero Wars Z,2013-04-27,"28,12,878",5.8
The Blackcoat's Daughter,2017-03-31,"27,9648",5.9
Malcolm & Marie,2021-01-29,"18,10749",7.0
Before I Go to Sleep,2014-09-03,"53,9648",6.5
A Real Young Girl,1975-05-28,18,5.3
An American Tail,1986-11-21,"16,35,12,18,10751",6.7
One Piece Film: Z,2012-12-15,"16,14,28,12",7.5
Mai-chan's Daily Life,2016-02-25,27,5.2
Hard to Kill,1990-02-09,"28,18,80,53",6.0
Hello World,2019-09-20,"16,10749,878,18",7.3
Shottas,2002-02-27,"28,12,80,18",7.6
The Blue Drum,2022-10-13,27,4.5
Flowers in the Attic,1987-11-20,"18,9648,53,27",6.3
The Witcher: The Characters of the Continent,2021-12-17,99,6.7
The Fast and the Furious: Tokyo Drift,2006-06-03,"28,80,18,53",6.5
Hacker,2019-03-28,"28,10751",6.8
Ip Man,2008-12-12,"18,28,36",7.8
The Company Men,2010-10-21,18,6.5
Amar Colony,2022-11-24,18,10.0
Permafrost,2024-01-05,"18,28",5.5
Painkili,2025-02-14,"10749,35",5.4
Bring the Soul: The Movie,2019-08-07,"10402,99",8.4
Altitude,2017-04-14,"28,53",4.9
Mongol: The Rise of Genghis Khan,2007-09-20,"36,12,10752,28",6.8
Arbitrage,2012-09-14,"18,53",6.3
The Mercy,2018-02-09,"18,12",6.0
5 in 1,2022-09-23,35,4.9
Riders of Justice,2020-11-19,"28,35,18,53",7.3
Rebecca,2020-10-16,"10749,18,9648,53",6.3
Hurricane Bianca,2016-06-03,"35,18",6.1
Slash/Back,2022-06-24,"878,28,53,27",6.4
Dirty Dancing,2017-05-24,"18,10749",5.5
War,2019-10-02,"28,53,12",6.8
Macross Frontier: The False Songstress,2009-11-21,"18,10749,16,878",7.0
The Only Girl in the Orchestra,2023-11-09,"99,10402",6.6
Domino,2005-10-14,"28,80,18,53",5.9
Lepke,1975-05-23,"18,80",5.2
Mona Lisa Smile,2003-12-19,"18,36,10749",6.9
Misery Loves Comedy,2015-01-23,"35,99",6.0
The Girl in the Fog,2017-10-26,"9648,53,80",6.8
Scooby-Doo! Return to Zombie Island,2019-09-03,"14,16,10751,12,35,9648,27",7.0
"Michael Bolton's Big, Sexy Valentine's Day Special",2017-02-07,"35,10402",6.3
Monkey King: Hero Is Back,2015-07-10,"14,16,35",6.9
Not as a Stranger,1955-07-01,"18,10749",6.2
Friends: The Reunion,2021-05-27,99,7.9
The Fog,2005-10-14,"27,9648",4.5
Grind,2003-08-15,"28,35,12",5.9
Brave Citizen,2023-10-25,"28,18,35",7.1
Rape Zombie: Lust of the Dead 3,2013-06-23,"27,35",6.3
The 9th Life of Louis Drax,2016-09-01,"9648,53",6.4
Sex and Death 101,2007-06-15,"35,10749,18",6.2
Cassino in Ischia,2024-09-30,"35,28",4.9
Música,2024-03-13,"10749,35,10402",6.4
The Offering,2022-09-23,"18,27",6.0
Pumpkinhead,1988-06-09,"14,27",6.4
Lumberjack the Monster,2023-12-01,"18,53,80",6.3
The Boss,2016-04-07,35,5.8
Deliver Us from Evil,2014-07-01,"53,80,27",6.2
Omni Loop,2024-09-20,"878,18",5.7
American Ninja 2: The Confrontation,1987-05-01,28,5.5
Fate/Grand Order Final Singularity – Grand Temple of Time: Solomon,2021-07-30,"16,28,12,14",6.9
Iron Sky: The Coming Race,2019-01-25,"28,35,14,878",5.1
Zapped,2014-06-27,"10770,35,10751",6.1
The Danish Girl,2015-11-27,18,7.6
Hard Truths,2024-12-06,"18,35",6.3
Barefoot,2014-02-02,"35,18,10749",6.6
The Royal Treatment,2022-01-20,"10749,35",6.7
Hell Fest,2018-09-27,"27,53",5.7
All the Way,2016-05-23,"18,36,10770",6.7
The Devils,1971-07-16,"18,36",7.5
Solaris,2002-11-27,"18,878,9648",5.9
Blood Star,2024-12-11,"53,27",5.5
T-34,2018-12-27,"28,18,36,10752",7.2
Secret Obsession,2019-07-18,"18,53,27",5.5
The Best of Me,2014-10-15,"18,10749",7.5
Brave the Dark,2025-01-23,18,5.9
The Locusts,1997-10-03,"18,10749",5.6
Inuyasha the Movie 3: Swords of an Honorable Ruler,2003-12-20,"16,14,12",7.7
Batman: Gotham by Gaslight,2018-01-12,"53,28,16,878",6.7
Miss Meadows,2014-09-12,18,5.9
Heatwave,2022-01-17,"53,18",6.3
History of the World: Part I,1981-06-12,35,6.8
Which Brings Me to You,2023-12-08,"10749,35,18",6.2
The American,2010-08-31,"80,18,53",6.0
Woman in Gold,2015-03-20,18,7.3
No Limit,2022-09-09,"18,10749",6.1
Sharknado 4: The 4th Awakens,2016-07-31,"35,878",4.5
Murder by Death,1976-06-23,"35,80,9648,53",7.2
Sick,2022-09-11,"27,9648,53",6.2
Trouble,2019-08-08,"16,12,10751,35,10402",6.6
Kidnap,2017-08-03,"28,53",6.2
Himas,2024-05-31,18,5.5
Saw VI,2009-10-22,"27,53",6.3
Diary of a Wimpy Kid: Rodrick Rules,2022-12-02,"16,35,10751",6.8
Tamasha,2015-11-27,"10749,18,35",6.8
Alligator,1980-07-02,"27,878,53",6.1
Ladies & Gentlemen... 50 Years of SNL Music,2025-01-27,"10402,99,10770",8.1
The Machine,2023-05-25,"35,28,80",5.8
Late Night,2019-01-25,"35,18",6.4
Desperately Seeking Susan,1985-03-29,"18,35,80",6.1
Petaka Gunung Gede,2025-02-06,"12,27,18",5.7
Songbird,2020-12-10,"878,53",6.2
Hunting Games,2023-05-12,"28,53,10770",4.3
Pizza Dare 2,2020-05-22,10749,5.8
Авария,1965-07-12,9648,7.6
The Paperboy,2012-09-14,"53,18,9648",5.5
Southbound,2015-09-17,"14,53,27,878",5.9
Southbound,2015-09-17,"14,53,27,878",5.9
House at the End of the Street,2012-09-21,"27,53",5.8
Blockers,2018-03-14,35,6.3
In Harm's Way,1965-04-06,"10752,18",6.6
Replicant,2001-05-11,"28,878,53",5.8
Sgt. Stubby: An American Hero,2018-04-13,"16,12,10751,36,10752",7.8
Prêt-à-Porter,1994-12-23,35,5.2
Remember Me,2010-03-11,"18,10749",7.1
The Wiz,1978-10-24,"10402,14,12",6.0
La ley del monte,1976-12-23,"18,10749",7.7
Dominion of Darkness,2024-10-03,"27,53",6.0
Good Morning,1959-05-12,"35,10751,18",7.7
The Searchers,1956-05-16,37,7.7
The Forgotten Battle,2020-12-14,"28,10752,12,36,18",7.1
Gun Shy,2000-02-04,"28,35,10749,53",5.2
"Juliet, Naked",2018-08-16,"35,18,10749",6.3
The 8th Night,2021-07-02,"9648,53,27",6.1
Battle for the Planet of the Apes,1973-06-15,"28,878",5.7
Irresistible,2020-07-01,"35,18",6.0
The Woodsman,2004-12-24,"18,80",6.9
The Man with the Golden Arm,1955-12-26,"18,80",7.2
Wishmaster 3: Beyond the Gates of Hell,2001-10-23,"53,27,14",4.3
Space Battleship Yamato,2010-12-01,"878,28,12,18",6.4
Pan,2015-09-24,"14,12,10751,28",6.0
Defying Gravity: The Curtain Rises on Wicked,2024-11-16,99,7.5
"Good Morning, Vietnam",1987-12-23,"35,18,10752",7.3
Sissi,1955-12-22,"35,18,10749",7.3
The Red Sea Diving Resort,2019-07-28,"18,53,36",6.8
Samsara,2011-09-16,99,8.1
Psych: The Movie,2017-12-07,"35,80,9648,10770",7.3
Open Range,2003-08-11,"37,18,28,10749",7.2
Broken Arrow,1950-08-01,"37,10749",6.7
The Garden of Sinners: Oblivion Recording,2008-12-20,"16,14,9648,10749",6.8
Cop,1988-02-05,"80,18,9648,53",6.3
Reindeer Games,2000-02-25,"53,28,80",5.7
"Love, Chunibyo & Other Delusions! Take On Me",2018-01-06,"16,35,14",7.8
Bent,2018-03-09,"53,80",5.3
Prince of Darkness,1987-10-23,27,6.8
"Crazy, Not Insane",2020-03-18,99,7.3
Loveland,2022-03-17,"878,10749,53",4.9
Along for the Ride,2022-05-06,"10749,18",6.7
Laal Singh Chaddha,2022-08-11,"18,10749,10751,36",6.5
The Descendants,2011-09-09,"35,18",6.8
Dolemite Is My Name,2019-10-04,"18,35,36",7.0
The Paradise of Thorns,2024-08-22,"18,53",7.9
Paris Christmas Waltz,2023-11-19,"10749,35,10770",6.5
Down,2019-02-01,"27,53,10770",6.8
High School Musical 2,2007-08-17,"35,18,10751,10402,10749,10770",6.5
Transformers: Dark of the Moon,2011-06-28,"28,878,12",6.2
Love Comes Softly,2003-04-13,"10770,37,10749,18",6.7
Shrek the Halls,2007-11-28,"12,16,35,14,10751",6.4
They Call Me Jeeg,2016-02-25,"18,28,878",7.4
I Still Believe,2020-03-12,"10402,18,10749",7.6
The River Wild,1994-09-30,"12,53,18",6.4
New Folder 2,2015-10-23,18,5.1
Meiyazhagan,2024-09-27,"10751,18",7.5
Vanished into the Night,2024-07-10,"53,9648,18",5.5
Ranma ½: One Flew Over the Kuno's Nest,1994-08-20,"16,35,28,12",7.6
Book Club,2018-05-18,"10749,35,18",6.2
The Horse Whisperer,1998-02-01,"12,18,10749",6.9
"The Pig, the Snake and the Pigeon",2023-10-06,"80,18,53",7.3
Beyond the Reach,2014-09-06,53,5.9
Run,2020-11-19,"53,18,878",6.7
Children of the Sea,2019-06-07,"16,14,12,9648",7.1
Life Stinks,1991-06-05,35,5.6
A Turtle's Tale: Sammy's Adventures,2010-08-04,"16,10751",6.0
The Last Sharknado: It's About Time,2018-08-19,"878,28,27,35,10770",4.4
In Good Hands 2,2024-05-22,"18,35,10749",7.3
Srikanth,2024-05-10,18,7.5
Dhoom 3,2013-12-19,"28,80",6.1
Antebellum,2020-09-02,27,6.2
Adipurush,2023-06-16,"36,28,12,14",4.9
Against the Ice,2022-02-10,"18,12,36",6.8
Justice League: Crisis on Two Earths,2010-02-23,"28,12,16,878,14",7.3
Wayne's World 2,1993-12-10,"35,10402",6.1
Antitrust,2001-01-11,"28,80,18",6.0
Wonder Woman: Bloodlines,2019-10-04,"878,16",6.9
Duck Butter,2018-04-27,"18,10749,35",5.4
Humanoids from the Deep,1980-05-01,"27,878",5.8
Duck Butter,2018-04-27,"18,10749,35",5.4
Humanoids from the Deep,1980-05-01,"27,878",5.8
Saekano the Movie: Finale,2019-10-26,"16,35,10749,18",6.8
The Last of Us: One Night Live,2014-07-28,18,7.5
A Nightmare on Elm Street,2010-04-30,"27,9648,53",5.5
The Unfaithful Wife,1969-01-22,"80,18,53",6.9
Legionnaire,1998-12-03,"28,10752,12,36",5.8
Inkheart,2008-12-11,"12,10751,14",6.3
High Strung,2016-04-08,"10402,10749,18",7.1
One Shot,2021-11-05,"28,53",6.7
Overboard,1987-12-16,"35,10749",6.8
Look Who's Talking Too,1990-12-14,"10749,35",5.5
Let Him Go,2020-11-05,"53,80,37",6.8
Fingernails,2023-10-27,"10749,878,18",5.9
Memoirs of an Invisible Man,1992-02-28,"878,35,10749,53",5.9
Almost Christmas,2016-11-11,"35,18",6.0
Game of Thrones: The Last Watch,2019-05-26,99,7.1
Observation Man,2019-07-25,"18,10749",6.3
Locura de amor,1948-10-08,"18,36",4.9
Mobile Suit Gundam: Cucuruz Doan's Island,2022-06-03,"16,18,878,28",6.6
2067,2020-10-01,878,5.3
The Black Demon,2023-04-26,"53,27",6.0
Margaret,2011-09-30,18,6.3
The Power of the Present,2017-06-27,99,8.7
License to Wed,2007-07-04,35,5.7
Operation Finale,2018-08-29,"18,36,53",6.7
Leprechaun 3,1995-06-27,"27,35,10749",5.9
You Hurt My Feelings,2023-05-26,"35,18,10749",6.4
Looney Tunes: Back in Action,2003-11-14,"16,35,10751",6.3
The Unspoiled Diamond,1982-05-15,"10749,18",3.0
Thoroughbreds,2018-03-09,"18,53",6.4
The Beast,1975-08-20,"18,14,27,10749",5.5
Sherlock Holmes and the Secret Weapon,1942-12-25,"9648,53,80",6.3
Twitches Too,2007-10-12,"18,10751,14,10770",6.7
Barbie & Her Sisters in a Puppy Chase,2016-10-04,"10751,16",6.7
Plus One,2019-06-14,"35,10749",6.8
Silent Rage,1982-04-02,"28,27,878,10749",6.0
Silent Rage,1982-04-02,"28,27,878,10749",6.0
The Legend of 1900,1998-10-28,"18,10402",8.3
House of Flying Daggers,2004-05-19,"12,18,28",7.3
A Man Apart,2003-04-04,"28,18,80",6.1
Revival of Evangelion,1998-03-07,"28,16,18,878",7.7
Hyena Road,2015-10-09,"10752,18,53,28",6.8
"Don't Worry, He Won't Get Far on Foot",2018-04-04,"35,18",6.7
Lars is LOL,2023-09-29,"10751,18",7.2
The Park Maniac,2024-10-12,"18,80,53",5.8
Planet Hulk,2010-02-02,"878,16,28,14",7.1
Kimi,2022-02-10,"53,9648,80",6.2
Howl,2015-10-01,27,5.5
Girls und Panzer der Film,2015-11-21,"16,28,35",7.0
Casanova,2005-12-25,"12,35,18,10749",6.5
The Magician's Elephant,2023-03-10,"16,12,10751,14,35",6.9
Kikujiro,1999-06-05,"35,18",7.5
Dr. Jekyll and Mr. Hyde,1931-12-24,"27,878,18",7.2
Dressed to Kill,1980-07-25,"53,9648,27",7.0
The Boy Who Cried Werewolf,2010-10-22,"10751,14,10770,35",6.4
True Memoirs of an International Assassin,2016-11-11,"35,28",5.8
Teasing Master Takagi-san: The Movie,2022-06-10,"16,35,10749",8.5
"Electric Boogaloo: The Wild, Untold Story of Cannon Films",2014-10-06,99,7.2
Strange Hair Salon,2015-10-22,"10749,18",6.7
Welcome to the Club,2022-09-08,"16,35",6.4
Ali G Indahouse,2002-03-21,35,6.1
Confesiones de un drogadicto,2012-01-01,,5.0
The Empire of Corpses,2015-10-02,"16,27,878,53",6.0
Padre no hay más que uno 4: Campanas de boda,2024-07-17,"10751,35",7.0
The Weekend Away,2022-03-03,"53,9648",6.0
Easy Virtue,2008-11-07,"35,10749",6.4
Batman vs Teenage Mutant Ninja Turtles,2019-03-31,"16,878,12,80",7.1
"Tad, the Lost Explorer and the Emerald Tablet",2022-08-24,"16,12,10751,35,14",7.5
The Comeback,2023-07-21,"28,53,80",4.8
One Piece: Episode of Luffy - Hand Island Adventure,2012-12-15,"28,16,12,35,18,10770",6.8
Airport '77,1977-03-11,"28,12,18,53",5.6
Frankenstein,1931-11-21,"18,27,878",7.5
Uncle Frank,2020-11-25,18,7.3
Benediction,2021-12-23,"18,36,10752",6.2
Girl with a Pearl Earring,2003-12-12,"18,10749",6.6
Trolls Holiday in Harmony,2021-11-26,"16,14,10751,35",7.1
The Gunman,2015-02-16,"28,18,80",5.7
Taste of Cherry,1997-09-28,18,7.7
A Family Man,2016-09-13,18,6.7
Sexy Beast,2000-09-13,"80,53,35,18",7.0
Munchies,1987-03-01,"35,27,878",4.9
District B13,2004-11-09,"28,53,878",6.8
Chevalier,2023-04-20,"10402,18,36",6.3
Flyboys,2006-09-22,"28,12,18,36,10749,10752",6.6
One for the Money,2012-01-26,"28,35,80",5.6
While You Were Sleeping,1995-04-21,"10749,35",7.0
Straight Outta Nowhere: Scooby-Doo! Meets Courage the Cowardly Dog,2021-09-14,"16,35,9648,10751,14,12,27",7.7
Fool's Paradise,2023-05-12,35,4.6
On Body and Soul,2017-03-02,"18,10749,14",7.2
The Crush,1993-04-02,"53,18",6.6
Body of Evidence,1993-01-15,"18,53,10749",5.0
Takers,2010-08-26,"28,80,18,53",6.2
David and Goliath,2016-05-09,"28,12,18",4.3
Precious,2009-11-06,18,7.3
Detective Conan: The Time Bombed Skyscraper,1997-04-19,"16,80,9648,12",7.4
Rise of the Legend,2014-11-20,"18,28",6.2
Rebel in the Rye,2017-09-15,"18,10749",6.6
Cat on a Hot Tin Roof,1958-08-29,18,7.7
Female Teacher's Diary Forbidden Sex,1995-09-08,10749,5.4
Career Opportunities,1991-03-29,"10749,35",6.9
KUBA,2024-02-23,99,7.3
Buffaloed,2020-02-14,"35,18",6.7
Ravenous,2017-09-23,"27,18,878",5.9
Savage Salvation,2022-12-02,53,6.2
Lady in the Water,2006-07-20,"18,14,9648",5.6
Art School Confidential,2006-05-05,"35,18",6.1
The Bad News Bears,1976-04-06,"10751,35",6.9
Swiss Army Man,2016-06-24,"35,18,10749,14,12",6.9
Buy Now! The Shopping Conspiracy,2024-11-19,99,6.6
The Velveteen Rabbit,2023-11-21,"16,10751,14",6.9
The Agent,2010-09-10,35,4.0
Breach,2020-12-17,"878,28,27",4.2
Ennio,2022-02-17,"99,10402,36",8.3
Friday the 13th Part VI: Jason Lives,1986-08-01,"27,53",6.2
Pretty Guardian Sailor Moon Eternal the Movie Part 2,2021-02-11,"16,28,14,18",8.2
Rio Lobo,1970-04-01,37,6.4
Police Academy 2: Their First Assignment,1985-03-28,"35,80",6.1
Saripodhaa Sanivaaram,2024-08-29,"28,53",6.8
Epic Tails,2023-01-25,"16,12,14,10751,35",6.7
Talk to Her,2002-03-15,"18,10749",7.6
Birds of Paradise,2021-09-23,18,6.5
"I, Tonya",2017-12-08,"18,35",7.5
Restart the Earth,2021-09-03,"878,27,28",6.8
Gamer,2009-09-03,"28,53,878",5.7
Parallel,2018-04-10,"878,14,27",6.0
The Christmas Chronicles: Part Two,2020-11-18,"10751,14,12,35",6.5
Cora,2024-05-31,"878,53,27",5.3
The Promised Neverland,2020-12-18,"28,14,9648,12,53",7.4
DC Super Hero Girls: Hero of the Year,2016-08-09,"16,10751,28",6.0
Line of Duty,2019-12-25,"53,80,28",5.9
Mirrors 2,2010-10-18,"27,9648,14",5.5
Mirrors 2,2010-10-18,"27,9648,14",5.5
Operation Condor,1991-02-07,"28,12,80,53",7.3
Species II,1998-04-10,"878,28,27",5.2
Punisher: War Zone,2008-12-05,"28,80",5.8
Pravinkoodu Shappu,2025-01-16,"53,80,9648",7.1
Bring It On,2000-08-25,35,6.2
Tom and Jerry: Back to Oz,2016-06-21,"16,35,10751,14,12",5.8
Virus,1999-01-14,"27,28,878",5.4
Bedevilled,2010-08-19,"53,80,18,27",7.2
Ginger Snaps,2000-12-11,"14,27,18,53",6.9
On the Line,2022-10-31,"53,18",6.1
Night in Paradise,2020-09-03,"80,53,28",6.9
SNL50: The Homecoming Concert,2025-02-14,"35,10402,10770,99",8.2
Amber Alert,2024-09-27,"53,18",7.1
A Single Man,2009-12-11,"18,10749",7.3
Bella Mafia,1997-11-16,"18,80",6.8
Cleaner,2007-09-11,"80,53,9648",6.1
Pee-wee's Big Adventure,1985-07-26,"35,12,10751",6.5
Chunin Exam on Fire! and Naruto vs. Konohamaru!,2011-07-30,"16,28",7.4
Wolf Creek,2005-09-16,"27,53",6.2
SuperFly,2018-06-13,"28,80",6.8
I am the Secret in Your Heart,2024-08-02,"10749,35,18",7.8
Love Wrecked,2005-11-01,"10749,35",5.1
Beautiful Creatures,2013-02-13,"14,18,10749",6.0
Nobody's Fool,2018-10-31,"35,10749",6.2
Jeremiah,1998-12-14,"12,18,10770",6.7
Kaththi,2014-10-22,"28,18",7.1
Mute,2018-02-23,"878,9648,53",5.6
Adidas Vs. Puma: The Brother's Feud,2016-03-25,18,7.0
Fat Girl,2001-03-07,18,6.2
Young Adam,2003-09-26,"18,53,80,10749",5.9
Dark Parasite,2023-10-25,"27,878",5.7
Deep Throat Part II,1974-02-01,"35,878",4.1
Beavis and Butt-Head Do America,1996-12-20,"16,35,12,80,10402",6.6
Out of Sight,1998-06-26,"10749,35,80",6.7
Human Nature,2001-09-12,"18,35",6.0
Three Fugitives,1989-01-27,"35,80",6.7
Excalibur,1981-04-10,"12,14",7.0
Demolition,2016-04-06,"35,18",6.8
Kajillionaire,2020-09-25,"80,18,35",6.3
Live!,2007-11-01,"53,18",5.5
Single White Female,1992-08-14,"53,27",6.3
10 Days of a Curious Man,2024-11-06,"53,18,80",6.4
The Princess Switch,2018-10-25,"10749,35",7.0
Saw V,2008-10-23,"27,53,80",6.2
The Constant Gardener,2005-08-31,"18,9648,53",7.0
Bad Trip,2021-03-25,35,6.1
Timeline,2003-11-26,"28,12,878",5.7
Asterix: The Secret of the Magic Potion,2018-05-12,"10751,16,35,12",6.8
Mary Shelley,2017-08-06,"10749,18",7.0
The Salesman,2016-06-24,"18,53",7.2
Phone Booth,2003-04-04,"53,80",6.8
The Witch. Revenge,2024-08-22,"27,14,10752,18",6.7
K-PAX,2001-10-26,"878,18,9648",7.2
Dragons: Gift of the Night Fury,2011-11-15,"16,35,12,10751",7.2
Ben Is Back,2018-12-05,18,6.6
George of the Jungle 2,2003-08-18,"12,35,10751",4.5
Year One,2009-06-18,"35,12",5.0
Porno,1990-01-26,"35,10749",7.0
Mulan: Rise of a Warrior,2009-11-26,"12,18,28",7.5
K-19: The Widowmaker,2002-07-19,"18,36,53,9648,10752",6.5
The Swordsman,2020-09-23,"28,18,36",7.5
Another Earth,2011-07-22,"18,878",6.7
Armored,2009-12-04,"28,80,18,53,9648",5.7
Death Note: Light Up the NEW World,2016-10-29,"80,27,878,53",6.4
We Are Zombies,2024-07-17,"27,35,53",5.8
Evita,1996-12-14,"36,18",6.1
Initial D Legend 3: Dream,2016-02-06,"28,16,18",7.6
Idol Seungha's R-Rated Film Shooting,2021-06-24,18,6.4
An Officer and a Spy,2019-09-30,"36,18,53",7.1
Great Expectations,1998-01-30,"35,18,10749",6.6
The Rapture,1991-10-04,"9648,18,14",5.9
Elizabeth Taylor: The Lost Tapes,2024-05-16,99,6.9
A Classic Horror Story,2021-07-01,"27,9648",5.8
The Saint,1997-04-03,"53,28,10749,878,12",6.1
The Net,1995-07-28,"80,18,9648,53,28",6.0
Ben 10 - Generator Rex: Heroes United,2011-11-25,"28,16",7.1
Music of the Heart,1999-10-29,"18,10402",6.7
Primeval,2007-01-12,"12,27,28",6.1
Initial D: Third Stage,2001-01-13,"28,16,10749",6.8
Wuthering Heights,1939-04-07,"18,10749",7.2
Road Diary: Bruce Springsteen and The E Street Band,2024-09-08,"10402,99",8.2
Novitiate,2017-10-27,18,6.4
No Man's Land,1987-10-23,"28,18,80",6.0
Cowboy Bebop: The Movie,2001-09-01,"28,16,878",7.7
Joshua Tree,1993-04-08,28,6.0
Ocean Waves,1993-10-09,"16,18,10749",6.4
Hello Mary Lou: Prom Night II,1987-10-16,"27,14,53",6.0
Soulcatcher,2023-08-02,28,6.4
Freestyle,2022-06-29,"35,18",6.7
Ingrid Goes West,2017-08-11,"35,18",6.4
The Last Survivors,2014-06-12,"27,53,28",6.1
Master Gardener,2023-05-19,"18,80,9648,53",6.1
Hridayam,2022-01-21,"10749,18",6.9
The Perfect Find,2023-06-23,"10749,35",6.1
Monolith,2016-05-12,"53,18",5.3
Deathstroke: Knights & Dragons - The Movie,2020-08-04,"16,28,12,878",7.0
Mission: Possible,2021-02-17,"35,28,53",7.5
Queen & Slim,2019-11-27,"80,18,10749",7.1
Crayon Shin-chan: My Moving Story! Cactus Large Attack!,2015-04-18,"12,16,35",7.0
Arthur 3: The War of the Two Worlds,2010-08-22,"16,12,14,10751",5.8
The Blue Angel,1930-04-01,18,7.3
Acts of Vengeance,2017-10-27,"53,28,18",5.9
Tom and Jerry Meet Sherlock Holmes,2010-08-24,"16,35,9648,10751",6.4
The Moon,2023-08-02,"18,12,878",6.6
Replicas,2018-10-25,"878,53,18",6.0
Wilson,2017-03-24,"35,18",6.0
The Stranger by the Shore,2020-09-11,"16,10749,18",8.0
Watching the Detectives,2007-05-01,"35,10749",6.4
My Little Bride,2004-04-02,"10749,18,35",7.2
Rob Peace,2024-08-02,"18,36",6.7
Yolo,2024-02-10,"18,35,28",6.4
55 Steps,2018-03-01,18,6.7
Breaking In,2018-05-05,"53,80,28",6.0
Book Club: The Next Chapter,2023-05-11,"35,10749",6.3
Jeanne du Barry,2023-05-16,"18,36,10749",7.0
Titan A.E.,2000-06-16,"16,28,878,10751,12",6.6
"Love, Divided",2024-04-11,"10749,35",6.6
Innocent Blood,1992-09-25,"35,27,80,28,10749",6.1
Spice World,1997-12-18,"12,14,18,35,10402",4.9
Kickboxer: Vengeance,2016-07-14,"28,18",5.1
The Bedroom Window,1987-01-16,"18,53",6.3
Tetsuo: The Iron Man,1989-07-01,"27,878",7.0
True Legend,2010-02-09,"28,14",6.6
The Dig,2021-01-14,"18,36",6.9
Rocky II,1979-06-15,18,7.3
All We Imagine as Light,2024-09-21,18,7.0
The Con Is On,2018-05-04,"35,80",4.0
Carriers,2009-09-04,"28,18,27,878,53",6.1
The Warrior Princess,2021-12-03,"36,28,18",7.1
Crew,2024-03-29,"35,18",6.9
Shark Bait,2022-05-13,"27,53,28,12",5.7
Half Baked: Totally High,2024-07-03,35,7.6
Mannequin Two: On the Move,1991-05-17,"14,35,878,10749",5.7
The Idiots,1998-04-28,"35,18",6.5
Assassination Classroom the Movie: 365 Days' Time,2016-11-19,"28,16,35,18",6.6
Dange,2024-03-01,"28,18,53",5.7
High Noon,1952-06-09,"37,18",7.7
Flight of the Navigator,1986-07-30,"10751,878,12",7.0
Chicuarotes,2019-06-28,"18,80",7.7
Justice League: Gods and Monsters,2015-06-18,"28,16,14,12,878",7.1
Paterno,2018-04-07,"18,10770",6.2
Be My Master,2018-09-29,18,6.8
Fanboys,2009-02-06,"12,35,80,18",6.1
Midnight Cowboy,1969-05-25,18,7.5
Ghosts of War,2020-07-03,"27,53,10752,878",6.3
Gentlemen Prefer Blondes,1953-07-14,"35,10749",7.3
Force of Nature,2020-07-02,"28,12,80,53",5.1
Dream House,2011-09-29,"9648,18,53",6.2
Penguin Highway,2018-08-17,"16,12,35,14",7.2
TETHERS,2023-09-04,99,10.0
Frances Ha,2013-05-17,"35,18",7.4
Rustin,2023-11-03,"18,36",6.6
Middle School: The Worst Years of My Life,2016-10-07,"10751,35",7.0
Mamonas Assassinas: The Movie,2023-12-28,"35,10402",5.3
The Princess and the Pilot,2011-10-01,"12,16,18,10749",7.8
Death Race 2050,2017-01-17,"28,35,878",4.4
City of Ember,2008-10-07,"12,10751,14",6.3
Stagecoach,1939-03-02,"37,12",7.6
Big Night,1996-09-20,"18,10749",6.9
Mobile Suit Gundam III: Encounters in Space,1982-03-13,"16,878,28",7.5
A Grand Day Out,1990-05-18,"10751,16,35",7.5
Stuart Little 3: Call of the Wild,2005-07-14,"16,35,10751",5.2
Leprechaun: Back 2 tha Hood,2003-12-30,"27,35",4.9
Romy and Michele's High School Reunion,1997-04-25,35,6.2
Redline,2009-08-14,"16,28,878",7.5
The Servant,2010-06-02,"10749,18,36,35",5.8
River Runs Red,2018-11-09,"53,80",5.3
Bubble Boy,2001-08-24,"35,12,10749",5.7
One Fine Day,1996-12-20,"10749,35",6.4
Dr. Dolittle 3,2006-04-25,"35,10751,14",5.1
Amityville: The Awakening,2017-06-30,"27,53",5.3
Take Me Home Tonight,2011-03-04,"35,18,10749",6.0
La nipote,1974-06-14,35,5.3
Beverly Hills Ninja,1997-01-17,"35,28",5.6
Leprechaun Returns,2018-12-11,"27,35",6.2
The African Queen,1952-01-07,"10749,12,18",7.4
Berlin Syndrome,2017-04-20,"9648,18,27",6.0
The Braid,2023-11-29,"18,35",7.6
The Rescuers,1977-06-22,"14,10751,16,12",6.8
Darkest Miriam,2025-03-28,"18,10749,9648",6.2
City Hunter: Shinjuku Private Eyes,2019-02-08,"16,28,35,80,9648",6.4
My Name Is Nobody,1973-12-13,"35,37",7.3
Breach,2007-02-12,"18,53,80,36",6.6
The Souvenir,2019-05-17,"10749,18",6.1
Klute,1971-06-23,"53,9648,80",6.8
Crimson Rivers II: Angels of the Apocalypse,2004-02-18,"28,53,80",6.1
"Endings, Beginnings",2020-06-24,"10749,18",6.1
The Art of the Steal,2013-09-20,"35,80",6.2
Book of Dragons,2011-11-15,"14,16,28,35,10751",6.8
Kreola,1993-05-21,18,4.2
Linda,2024-09-19,18,7.0
The Cheetah Girls,2003-08-15,"10751,35,18,10402,10770",6.0
BLACKPINK: Light Up the Sky,2020-10-14,"99,10402",8.2
Young & Beautiful,2013-08-21,18,6.5
Soapdish,1991-05-31,35,6.3
Last Night at Terrace Lanes,2024-01-16,"27,53,35",4.6
Free Willy,1993-07-16,"10751,12,18",6.2
Barbie in the Nutcracker,2001-09-30,"16,10751",6.9
Romance of the West Chamber,1997-10-09,"36,10749",5.2
Vengeance: A Love Story,2017-03-16,"28,18,53",5.5
My Wife Is a Gangster 3,2006-12-28,"35,28,18",5.9
Experimenter,2015-10-16,"18,36",6.5
12.12: The Day,2023-11-22,"18,36,53,80,10752,28",7.5
Tremors 5: Bloodlines,2015-10-06,"28,12,35,27,878",5.5
The Tuskegee Airmen,1995-08-25,"10752,36,18,10770",7.1
The Arctic Convoy,2023-12-25,"10752,18",6.8
Kulong,2024-05-24,18,7.0
The Secret Garden,1993-08-13,"18,10751,14",7.4
Blind Man,2012-03-06,"53,28,9648",5.6
Earth Girls Are Easy,1988-09-08,"35,878,10402,10749",5.6
Disturbing Behavior,1998-07-24,"9648,27,878",5.7
My Cousin Vinny,1992-03-13,35,7.5
Mustang,2015-06-17,18,7.7
Godmothered,2020-12-04,"10751,14,35",6.7
Firewall,2006-02-08,"28,80,53",5.8
Black Crab,2022-03-18,"28,53",6.3
Superintelligence,2020-12-11,"35,878,10749",6.0
City of the Living Dead,1980-08-11,27,6.4
Caché,2005-10-05,"9648,18,53",7.1
National Lampoon's Loaded Weapon 1,1993-02-04,"35,80,28",6.0
Spinning Man,2018-04-06,"9648,53,80",5.6
Lions for Lambs,2007-10-22,"28,12,18,36",6.0
Bedazzled,2000-10-19,"14,35,10749",6.1
Zandalee,1991-05-09,"18,10749,53",4.4
A Nice Indian Boy,2025-04-04,"10749,35",7.8
The Stepfather,1987-01-23,"27,53",6.6
Freddy's Dead: The Final Nightmare,1991-09-05,"27,53",5.3
Above the Law,1988-04-08,"28,80,53",6.1
The Adventures of Huck Finn,1993-04-02,"12,18,10751",6.2
The Sunchaser,1996-05-29,"18,80",6.2
Kiss of the Dragon,2001-07-06,"28,80,53",6.9
McCabe & Mrs. Miller,1971-06-24,"37,18",7.2
The Unhealer,2020-10-09,"14,53,27",6.1
Dark Web: Cicada 3301,2021-03-12,"53,28,35",6.0
Crayon Shin-chan: The Hidden Treasure of the Buri Buri Kingdom,1994-04-23,"35,16,12",7.0
La Chimera,2023-10-12,"18,14,35",7.3
Antrum,2018-10-14,27,5.8
Holidays,2016-04-22,"35,27,14,9648",4.9
Inuyasha the Movie 2: The Castle Beyond the Looking Glass,2002-12-22,"28,16,12,14",7.7
Resurrected,2023-04-27,"878,53,27",6.2
Cassandra's Dream,2007-10-31,"80,18,53",6.3
Eephus,2025-01-01,"18,35",6.3
Ra.One,2011-10-24,"12,28,878",5.7
The Painted Bird,2019-09-12,"10752,18,53",7.1
Student of the Year 2,2019-05-10,"10749,35,18",4.4
The Bad Guys: Reign of Chaos,2019-09-11,"28,80",6.9
Simple Passion,2021-01-14,"10749,18",5.6
The Philadelphia Story,1940-12-05,"35,10749",7.6
Mermaid Down,2019-10-15,"27,14,9648,53",6.6
Polaroid,2019-01-10,"27,9648,53",6.0
London Boulevard,2010-11-10,"18,80",5.9
Dark Water,2005-07-08,"27,9648",5.7
Save the Last Dance,2001-01-12,"18,10751,10749,10402",6.5
My Favourite Cake,2024-07-11,"18,35,10749",7.5
A Royal Date for Christmas,2023-11-25,"10749,35,10770",5.7
Raw,2016-11-11,"18,27",7.1
The Boy With Pink Pants,2024-10-10,18,7.1
Women Talking,2022-12-23,18,6.9
Open Season: Scared Silly,2015-12-18,"16,35,10751,12",5.9
Fate/kaleid liner Prisma☆Illya: Licht Nameless Girl,2021-08-27,"28,16,14,18",6.1
True Grit,1969-06-11,37,7.3
Premonition,2007-02-08,"53,18,9648",6.3
Erotic Nightmare,1999-05-20,27,5.1
Lemonade Mouth,2011-04-15,"18,35,10402,10770",7.4
Invincible Swordsman,2025-01-23,"18,28",5.5
Miss Violence,2013-09-09,18,7.0
The Teachers' Lounge,2023-05-04,18,7.2
Legend of the Millennium Dragon,2011-04-29,"16,12,14",5.8
Escape Plan: The Extractors,2019-06-20,"28,53,80",5.4
Cooked,2025-02-11,18,5.8
Elf,2003-11-07,"35,10751,14",6.7
What Just Happened,2008-10-17,"35,18",5.4
Swing Girls,2004-09-11,"35,10402",7.7
Witness,1985-02-08,"80,18,10749,53",7.1
Tales from the Crypt: Demon Knight,1995-01-13,"27,35,53",6.9
Strawberry Shortcake's Spring Spectacular,2024-01-25,"16,10751",7.8
Return to Me,2000-04-07,"10749,35",6.6
Morgan,2016-09-01,"27,878,53",5.8
Frida,2024-03-08,99,6.6
Belle,2013-05-01,18,7.1
Virus,1980-06-26,"27,878,18",6.4
Beverly Hills Chihuahua,2008-10-03,"35,10751,12,10749",5.4
The Show,2017-09-21,18,5.7
Justice League: Warworld,2023-07-25,"16,28,878,12",7.0
Illang: The Wolf Brigade,2018-07-25,"878,28,53,18",6.3
Hardball,2001-09-14,18,6.5
Body of Lies,2008-10-09,"28,18,53",6.6
Furry Vengeance,2010-04-30,"10751,35",5.0
The NeverEnding Story III,1994-10-26,"14,10751",4.5
Mudbound,2017-11-16,18,7.4
White Lily,2016-10-07,"18,27",4.5
Alone,2020-10-23,"27,53",5.9
Match Point,2005-10-26,"18,53,80,10749",7.4
Alone,2020-10-23,"27,53",5.9
Match Point,2005-10-26,"18,53,80,10749",7.4
SHIROBAKO the Movie,2020-02-29,"16,35,18",7.2
Dreamland,2019-11-27,"18,53",5.9
Agora,2009-05-17,"12,18,36",7.0
Marnie,1964-07-17,"53,9648,10749,80",7.1
Adam Sandler: Love You,2024-08-26,35,5.9
Poison Ivy,1992-05-08,"53,18",5.4
The Lie,2018-09-13,"27,9648,53",6.3
Dangerous Beauty,1998-02-20,"18,10749",7.1
Pokémon the Movie 2000,1999-07-17,"12,14,16,878,10751",6.7
Hoodwinked!,2005-12-16,"16,35,10751,80,10402",6.2
Captain Underpants: The First Epic Movie,2017-06-01,"10751,35,12,16",6.2
Another You,2025-03-07,"35,10749",6.3
Tenebre,1982-10-28,"53,27,9648",6.8
Baby Mama,2008-04-25,"35,10749",6.0
Infiltré à Auschwitz,2021-11-08,"99,10752,36,10770",7.8
Black Moon Rising,1986-01-10,"28,878,53",5.6
Untold Scandal,2003-10-02,"18,10749",6.5
Sleeping Princess,2024-08-15,"10749,35,14",6.5
Yo-kai Watch: The Movie,2014-12-20,"16,10751,14,12",7.6
Carrie,2002-11-04,"27,18,10770",6.0
"Yours, Mine and Ours",1968-04-24,35,6.8
Ong Bak 3,2010-05-05,"28,12,36",6.0
Crayon Shin-chan: Great Adventure In Henderland,1996-04-13,"16,35,12,14",7.2
RocketMan,1997-10-10,"35,10751,878",5.2
Exodus,1960-12-15,"18,10752",6.7
Slaughterhouse Rulez,2018-10-31,"28,35,14,27",5.6
Everyone Says I Love You,1996-12-06,"35,10749",6.4
The Lord of the Rings,1978-11-15,"12,16,14",6.6
The Art of Self-Defense,2019-07-12,"35,53,18,9648",6.6
Love in Taipei,2023-08-10,"10749,35,18",7.1
Jersey Boys,2014-06-18,"10402,18",6.8
Psycho-Pass 3: First Inspector,2020-03-27,"878,28,80,16",7.6
The Outlaw Josey Wales,1976-06-30,37,7.4
Anna,2013-10-13,"53,18",6.5
Crazy About Her,2021-02-26,"35,10749",7.2
The Making of 'Jurassic Park',1995-04-23,99,7.2
The Making of 'Jurassic Park',1995-04-23,99,7.2
Last Tango in Paris,1972-12-15,"18,10749",6.9
Gotti,2018-06-14,"80,18,36,53",5.3
The In-Laws,2003-05-23,"28,35",5.6
Detective Chinatown 1900,2025-01-29,"35,9648,28",6.0
Full Out,2015-09-11,"36,18,10751",7.2
The Typewriter and Other Headaches,2024-04-17,99,6.4
American Hustle,2013-12-03,"18,80",6.9
The Admiral: Roaring Currents,2014-07-30,"10752,28,18,36",7.0
Monsieur Verdoux,1947-09-26,"35,80,18",7.7
Crayon Shin-chan: Pursuit of the Balls of Darkness,1997-04-19,"16,35",7.2
Lupin the Third: Jigen's Gravestone,2014-06-21,"16,12,28,80,18",7.5
Sing a Bit of Harmony,2021-10-29,"16,18,878",7.8
Pil's Adventures,2021-08-11,"16,12,14,35,10751",6.7
The Immaculate Room,2022-08-19,"9648,53,18,878",5.3
Charming,2018-03-26,"16,12,35,10751,14,10402",6.4
Leatherheads,2008-03-24,"35,10749,18",5.8
Still Fabulous,2024-02-12,35,5.7
Freeheld,2015-10-02,"10749,18",7.2
Mank,2020-11-13,"18,36",6.7
Genius,2016-06-10,"36,18",6.5
Funny People,2009-07-30,"35,18",5.9
After Yang,2022-03-04,"878,18",6.4
Short Cuts,1993-10-01,"18,35",7.2
There's Something in the Barn,2023-11-02,"27,35,14",6.2
Wuthering Heights,2011-09-09,"18,10749",5.9
Naked,2017-08-11,35,5.8
Nightbooks,2021-09-15,"14,10751,27",6.1
Spielberg,2017-10-05,99,7.6
Bajirao Mastani,2015-12-18,"36,10749,18",7.3
Robinson Crusoe,2016-02-04,"16,12,35,10751",5.8
Vedalam,2015-11-10,28,5.9
Night on Earth: Shot in the Dark,2020-01-29,99,5.9
3 Ninjas: High Noon at Mega Mountain,1998-03-26,"10751,28,35",4.9
Nowhere Special,2020-09-10,18,7.1
The Game Changers,2019-09-16,99,7.3
The Vanished,2020-08-21,"53,27,80,28",6.0
Fighting Spirit - Mashiba vs. Kimura,2003-09-05,"16,35,18,28,10770",6.9
How Stella Got Her Groove Back,1998-08-14,"35,18,10749",5.8
Mobile Suit Gundam Thunderbolt: December Sky,2016-06-25,"28,16,18,878,10752",7.5
3 Godfathers,1948-12-31,37,6.7
Monsieur Aznavour,2024-10-23,"36,10402",7.2
The Bachelor,1999-11-05,"35,10749",5.2
Shark Night 3D,2011-09-02,"53,27",5.1
To Rome with Love,2012-04-20,"35,10749",5.8
He Got Game,1998-05-01,18,6.7
Crooked House,2017-09-06,"9648,80,53",6.4
Ong Bak 2,2008-12-04,"12,28,53",6.4
The Pirates,2014-08-06,"28,12,35,14",7.0
The Odd Couple II,1998-04-09,"12,35",6.3
Samson and Delilah,1996-12-08,"12,18,10770",6.5
Kanguva,2024-11-14,"28,53,14",4.1
Girls und Panzer das Finale: Part II,2019-06-15,"16,28,35",6.1
And Mrs,2024-09-20,35,5.5
Young Mother: What's Wrong With My Age?,2015-04-30,"35,10749",5.4
Pokémon: Jirachi - Wish Maker,2003-07-19,"10751,28,16,12,14,878",6.6
Arthur,2011-04-08,"35,10749",5.6
The Man in the Moon,1991-09-30,"18,10751,10749",7.4
South Park: Joining the Panderverse,2023-10-28,"16,35,878,10770",7.7
The Man in the Moon,1991-09-30,"18,10751,10749",7.4
South Park: Joining the Panderverse,2023-10-28,"16,35,878,10770",7.7
Visitor Q,2001-03-17,"35,18,27,53",6.4
Harry Brown,2009-11-11,"53,80,18,28",6.8
Paranormal Activity: The Ghost Dimension,2015-10-21,"27,53",5.3
Taking Woodstock,2009-08-26,"10402,35,18",6.2
Rudy,1993-09-17,"18,36",7.4
Side Effects,2013-02-07,"53,80,18",6.6
A Vigilante,2019-03-29,"53,18",5.4
The Secret of NIMH,1982-06-17,"10751,16,14,12,18,9648,878",7.4
Alien Abduction,2014-04-04,"27,878,53",5.9
The Boy Next Door,2015-01-23,53,4.9
Street of a Thousand Pleasures,1972-04-19,14,5.0
Ghost in the Machine,1993-12-20,"878,53,27",4.6
The Tutor,2023-03-24,"9648,53,28",6.2
Accident Man: Hitman's Holiday,2022-10-14,"28,35,80",6.6
Wit,2001-02-09,"18,10770",7.4
Deadly Friend,1986-10-10,"27,878",6.1
Nothing to Hide,2018-10-17,"18,35",6.6
C'mon C'mon,2021-11-19,18,7.2
Tau,2018-06-29,"878,53,27",6.2
Office Uprising,2018-06-19,"35,27,28",5.3
One Piece Episode of Sabo: The Three Brothers' Bond - The Miraculous Reunion and the Inherited Will,2015-08-22,"28,16,10770",7.0
Tremors: A Cold Day in Hell,2018-05-01,"28,12,878",5.9
Stonehearst Asylum,2014-10-23,"53,9648,27",6.9
The Incredible Hulk Returns,1988-05-22,"28,18,12,10770",6.2
Parkland,2013-10-02,"36,18",6.2
Live Aid,1985-07-13,"10402,99",7.9
The Man Who Loved UFOs,2024-10-10,"18,35,14",6.5
Billie Eilish: The World's a Little Blurry,2021-02-26,"99,10402",8.3
Before and After,1996-02-23,"18,53,9648",5.9
Earwig and the Witch,2021-02-03,"16,14,10751",5.9
An Affair to Remember,1957-07-11,"18,10749",7.4
Prisoners of the Ghostland,2021-08-31,"28,14,27,53",5.0
Devil in a Blue Dress,1995-09-29,"53,80,9648",6.4
Love in 39 Degrees,2024-12-06,"10749,18,35",7.1
Puppy Love,2023-08-22,"35,10749",7.0
Pirates of Silicon Valley,1999-05-10,18,7.1
Nashville,1975-06-11,"18,10402,35",7.2
Deadwood: The Movie,2019-05-31,"37,18",6.7
Lost Girls & Love Hotels,2020-09-18,18,5.4
Derailed,2005-11-11,"18,53",6.4
Altered Carbon: Resleeved,2020-03-19,"16,878",6.5
The Pod Generation,2023-08-11,"878,35,10749,18",5.9
God Is a Bullet,2023-06-22,"53,28,80",6.1
Horrible Histories: The Movie - Rotten Romans,2019-07-26,"35,10751,12",5.2
Into the Blue,2005-09-30,"28,53,12,80",5.9
Baby Geniuses,1999-03-12,"878,35,10751",4.1
Unaccompanied Minors,2006-12-08,"35,10751",5.9
Nobody Sleeps in the Woods Tonight,2020-03-20,"35,27",5.2
The Fundamentals of Caring,2016-06-16,"35,18",7.3
The Story of Ong-nyeo,2014-08-21,10749,5.0
Doraemon: Nobita's New Great Adventure Into the Underworld - The Seven Magic Users,2007-03-10,"10751,12,16,878,14",7.2
Topsy-Turvy,1999-12-15,"35,18,10402,36",6.6
The Princess Switch: Switched Again,2020-11-19,"10751,10749,35,10770",6.8
A Bittersweet Life,2005-04-01,"28,18,80",7.5
Le Gendarme de Saint-Tropez,1964-09-08,35,7.0
Simulant,2023-03-29,"878,53",5.9
Jackie Chan: My Story,1998-07-17,99,6.2
Darkest Miriam,2025-03-28,"18,10749,9648",6.2
High Tension,2003-06-18,"27,53,9648",6.8
13th,2016-10-07,99,7.9
Barbie & Teresa: Recipe for Friendship,2025-03-06,"16,10751,35",7.4
Ben 10 vs. the Universe: The Movie,2020-10-02,"16,28,12,878",7.4
To Live,1994-05-18,"18,10749,10752",8.1
The Astronaut's Wife,1999-08-27,"18,878,53",5.6
The Cure,1995-04-21,"18,10751",7.9
99 Women,1969-03-05,"53,18,27",5.3
One Piece 3D: Straw Hat Chase,2011-03-19,"16,12",6.7
El Dorado,1966-12-17,37,7.4
Rurouni Kenshin Part I: Origins,2012-08-25,"12,28,14,10752,36",7.5
The Butler,2013-08-16,18,7.3
Get Smart,2008-06-19,"28,35,53",6.2
Crayon Shin-chan: The Legend Called Dance! Amigo!,2006-04-15,"35,16",7.5
Brain on Fire,2017-02-22,18,7.0
Before the Fall,2004-07-04,18,7.0
Ring 2,1999-01-23,"27,9648,878",5.8
Accidentally Engaged,2016-03-05,"35,10749,10770",6.2
The Man Who Invented Christmas,2017-10-12,"18,36,35,10751",6.8
Elliot: The Littlest Reindeer,2018-11-08,"16,10751,12",5.9
After Sex,2007-09-26,"35,10749,18",5.6
Sheena,1984-08-17,"28,12,14",5.6
The Desperate Hour,2021-09-12,53,6.0
Deconstructing Harry,1997-12-12,"35,18",7.3
Horizon Line,2020-10-29,"53,12,28",5.6
Kantara,2022-09-30,"28,12,53",7.2
Fifty Shades of Black,2016-01-28,"10749,35",4.9
The Damned United,2009-03-27,"18,36",7.2
The Story of Linda,1981-05-29,"12,80,18",4.9
Shimmy: The First Monkey King,2023-04-21,"16,12,28,35,14",5.8
A United Kingdom,2016-11-25,"18,36",6.7
Diamonds,2024-12-19,"35,18",7.5
Jurnal Risa by Risa Saraswati,2024-07-11,"99,27,53",5.6
Identity Thief,2013-02-07,"35,80",5.9
The Adventures of Dr. Dolittle: Tale 3 - The Lion's Den,1928-12-15,"35,16,12",6.0
Viking,2016-12-29,"36,28,18",4.9
Killing Romance,2023-04-14,"53,35",6.4
X,2011-11-23,"28,53,10749",6.4
Superman/Batman: Apocalypse,2010-09-28,"878,28,12,16",7.2
Celebrity,1998-09-07,"18,35",6.0
Shock and Awe,2017-12-09,"36,18,53",6.4
Grizzly Man,2005-07-28,99,7.5
Ambush,2023-02-24,"10752,28,53",6.5
12 Mighty Orphans,2021-06-18,"36,18,28",7.2
Chappaquiddick,2018-04-06,"36,18,53",6.1
My Favorite Martian,1999-02-11,"35,10751,878",5.6
Bedspacer,2024-01-05,"53,18",4.1
The Family,2013-09-13,"80,35,28",6.4
National Lampoon's Van Wilder,2002-03-29,"35,10749",6.0
Blood Debt,2024-12-12,27,4.9
Barren Land,2025-03-28,"53,80",5.8
A Frozen Flower,2008-12-30,18,6.9
The Lorax,1972-02-14,"16,10751,10770",7.1
Harakiri,1962-09-15,"28,18,36",8.4
Love Is Blind Brazil: After the Altar,2023-12-20,"10749,99",6.2
Transfusion,2023-01-05,"80,28,18",6.1
Hudson Hawk,1991-05-23,"28,12,35",5.7
Fortune Favors Lady Nikuko,2021-06-11,"16,18,10751,35",7.2
Chicago,2002-12-10,"35,80,18",7.1
Cat People,1982-04-02,"53,27",6.1
That Goes Double,1933-07-29,10402,6.0
Men Behind the Sun,1988-12-01,"10752,36,27",6.2
Stopmotion,2024-02-22,27,6.4
Small Soldiers,1998-07-10,"35,12,14,878,28",6.5
Kamen Rider Saber + Kikai Sentai Zenkaiger: Super Hero Chronicles,2021-07-22,"28,878,12",6.5
Intersection,1994-01-21,"18,10749",5.1
Sweet Virginia,2017-11-17,"18,53",5.8
Kenritsu Umisora Koukou Yakyuubu-in Yamashita Tarou-kun,1988-09-23,16,4.0
French Exit,2021-02-12,"35,18",5.6
Playing by Heart,1998-12-30,"35,18,10749",6.6
Nowhere,1997-05-09,"35,18,878",6.8
Ride Along,2014-01-07,"28,35",6.3
Cold Meat,2024-02-23,"53,27",6.4
Advent,2016-11-25,"9648,18",6.0
Shelter,2007-06-16,"18,10749",7.8
Penelope,2006-03-01,"14,35,10749",6.7
Step Sisters,2018-01-19,35,6.4
If I Stay,2014-08-21,18,7.4
The Gruffalo,2009-12-25,"16,10751",7.3
The Death & Life of John F. Donovan,2019-03-13,18,6.9
Almarhum,2025-01-09,"27,53",5.0
Rape Zombie: Lust of the Dead,2012-07-13,"35,27",6.5
Rekhachithram,2025-01-09,"9648,53,80",6.7
Wimbledon,2004-09-13,"35,10749",6.2
Batman: Hush,2019-07-19,"28,16,80,9648",7.2
I Am Sam,2001-12-28,18,7.6
Mobile Suit Gundam Narrative,2018-11-30,"16,878,28",6.5
Doomsday,2008-03-14,"28,53,878",6.0
Safe,1995-06-23,18,7.0
Trading Paint,2019-02-22,"28,18",5.3
Guilty of Romance,2011-09-30,"53,27,9648",6.9
The Remains of the Day,1993-11-05,"18,10749",7.4
Muay Thai Hustle,2025-01-09,35,5.0
Tokyo Ghoul,2017-07-16,"28,18,53",7.1
Slender Man,2018-05-17,"27,9648,53",4.3
North Country,2005-02-12,18,7.2
In the Loop,2009-01-22,35,7.0
Alex Cross,2012-10-18,"28,53,80,9648",5.2
Blue Period,2024-08-09,"18,35",9.0
Blind Date,1987-03-27,"35,10749",6.0
Dharmayuddhaya,2017-07-14,"18,53,10751",8.7
The Little Shop of Horrors,1960-08-05,"27,35,14",6.3
Cat Person,2023-10-06,"53,35",5.8
About Last Night...,1986-07-02,"35,18,10749",6.1
Out Come the Wolves,2024-08-30,"53,27,28",5.6
Scooby-Doo! Camp Scare,2010-09-14,"16,35,10751,9648",7.9
Manhattan Night,2016-05-20,"18,9648,53",5.9
Pilgrimage,2017-04-23,"28,12,18",5.9
The Crimson Rivers,2000-09-27,"80,9648,53",6.9
Chasing Amy,1997-04-04,"35,18,10749",6.8
Aladdin and the King of Thieves,1996-05-20,"12,16,10751",6.3
"It's the Easter Beagle, Charlie Brown",1974-04-09,"10751,16,10770,35",6.6
The Parent Trap,1961-05-13,"35,10751",7.0
A Perfect Murder,1998-06-05,"80,53,18",6.5
Blame the Game,2024-07-03,"35,53,10749",5.8
Tom and Jerry Cowboy Up!,2022-01-24,"16,35,10751,37",6.9
Star Trek II: The Wrath of Khan,1982-06-04,"28,12,878,53",7.5
Two Can Play That Game,2001-09-07,"35,10749",6.5
Shade,2003-05-18,"28,53,80",6.2
Mrs. Harris Goes to Paris,2022-07-15,"18,35,36",7.3
Private Parts,1997-03-07,"35,18",6.5
Lost Girls,2020-01-28,"18,9648,53,36",6.1
Longing,2024-06-07,"18,35",6.1
The Invisible Boy,2014-12-18,"35,12,878,14",6.3
Mikaela,2025-01-31,"28,53",6.4
PERSONA3 THE MOVIE #3 Falling Down,2015-04-04,"12,28,16,18,14,878",7.4
See No Evil,2006-05-19,"27,53",5.4
The Salt Path,2024-09-05,18,9.3
Jungle Fever,1991-06-07,"18,10749",6.4
Wild Target,2010-06-17,"28,35",6.4
9/11,2017-09-07,"18,53",5.1
Run All Night,2015-03-11,"28,80,53",6.4
Drugstore Cowboy,1989-10-20,"18,80",7.1
Broadway Melody of 1938,1937-08-20,"10402,10749",6.2
Gantz: Perfect Answer,2011-04-23,"28,9648,878,27",6.7
Mortal Kombat Legends: Snow Blind,2022-10-09,"16,28,14",7.8
Supergirl,1984-07-01,"12,14,28,878",5.4
Bleach,2018-07-20,"28,14,12",6.6
The Traitor,2019-05-23,"18,80,53",7.7
Turistas,2006-12-01,"27,53",5.5
Rifle Club,2024-12-19,"28,53",6.5
Mythopathy,2016-01-14,"35,18",5.8
Crown Vic,2019-11-01,"80,18,28",6.2
A Lonely Place to Die,2011-04-09,"12,28,53,80",6.2
Studio 666,2022-02-24,"27,35,10402",5.9
The Fall of the Roman Empire,1964-03-24,"18,36,10752",6.5
Stan Helsing,2009-10-23,35,4.2
I Know That Voice,2014-01-07,99,7.1
Bigfoot Family,2020-07-23,"16,12,10751",7.1
Tarzan,2013-10-17,"16,28,12,10751",5.7
Roar,1981-10-30,"12,27,53",5.9
Haikyuu!! Movie 2: Winners and Losers,2015-09-18,16,8.1
Sara,1997-05-23,"28,10749",6.7
Muriel's Wedding,1994-09-29,"35,18,10749",6.8
Desert Hearts,1985-10-01,"18,10749",7.0
Explorer: Lake of Fire,2023-10-26,"99,12,10770",7.2
The Base,1999-03-25,"28,18",4.6
Legend of the Galactic Heroes: Die Neue These - Intrigue 1,2022-09-30,"16,878,10752,18",6.1
Death Note,2017-08-25,"80,14,27",4.3
The Painted Veil,2006-12-09,"10749,18",7.2
Bayonetta: Bloody Fate,2013-11-23,"16,28,14",6.7
Wishmaster 2: Evil Never Dies,1999-03-12,"14,27",5.6
Go!,2020-01-16,10751,6.8
Whiskey Tango Foxtrot,2016-03-04,"35,18,10752",6.3
Legends of Oz: Dorothy's Return,2014-05-08,"16,10751,14",6.3
Home Alone: The Holiday Heist,2012-12-03,"35,10751,10770",5.2
Beauty Shop,2005-04-22,"35,10749",6.3
The Kentucky Fried Movie,1977-08-10,35,6.2
Fate/Grand Order: First Order,2016-12-31,"28,14,16",6.8
Two for the Money,2005-10-07,"35,80,18,53",6.0
Space Oddity,2023-03-31,"35,10749,878,18",6.0
Skylines,2020-10-25,"878,28,53",5.6
Red State,2011-08-19,"27,28,53",6.0
My Dinner with Andre,1981-10-11,18,7.5
Jesus of Nazareth,1942-03-26,"36,18",7.5
Sex Stories,1999-01-01,18,7.5
North Sea Texas,2011-03-16,"18,10749",7.2
Star Trek: First Contact,1996-11-22,"878,28,12,53",7.3
Welcome to the Sticks,2008-02-20,"35,18,10749",6.7
The Black Hole,1979-12-18,"12,878,28",5.8
Cop Land,1997-08-15,"80,18,53",6.8
Swimming Pool,2003-05-21,"80,53",6.5
Friday the 13th Part VII: The New Blood,1988-05-13,"27,53",5.4
Unicorn Store,2017-09-11,"14,18,35",5.9
Mr. Jones,2019-10-03,"53,18,36",6.8
"Marvel: 75 Years, from Pulp to Pop!",2014-11-04,99,6.8
Ghosts of Mississippi,1996-12-20,18,6.6
The Wrong Trousers,1993-12-17,"16,35,10751",7.8
One Million Years B.C.,1966-11-24,"12,14",6.1
Seal Team,2021-10-28,"16,10751",6.9
The Woman in Black 2: Angel of Death,2014-12-30,"53,27,18",5.3
Pump Up the Volume,1990-08-22,"10402,18",7.1
Cowspiracy: The Sustainability Secret,2014-07-01,99,7.7
Shirley,2024-03-15,"36,18",6.9
Indochine,1992-04-15,"18,10749",7.0
Mask,1985-03-08,18,7.2
Triple 9,2016-02-19,"28,80,12,53",6.0
French Girl,2024-03-15,"10749,35",6.5
Teenage Little Sister,2018-06-13,10749,6.7
Kaiji: The Ultimate Gambler,2009-10-10,"53,18,9648",6.8
Delicious,2025-02-18,"53,18",4.7
The Wolf's Call,2019-02-20,"53,28,12",7.6
The Puppet Masters,1994-10-21,"27,878,53",5.8
Bright,2017-12-22,"14,28,53",6.2
The Kid,1921-01-21,"35,18",8.2
Flatliners,1990-08-10,"18,878,27",6.5
Kabhi Alvida Naa Kehna,2006-08-11,"18,10749",6.4
How to Steal a Million,1966-07-13,"35,80,10749",7.5
Shoe Shine Boy,1943-12-25,"18,10402",7.0
Dial M for Murder,1954-05-29,"53,80",8.0
Ragtime,1981-11-20,"18,36",7.0
Space Cowboys,2000-08-04,"28,12,53",6.4
Shooting Stars,2023-06-02,18,7.8
Maximum Overdrive,1986-07-13,"27,28,878,35",5.8
Who's That Girl,1987-08-07,"35,10749",5.5
Get Real,1998-08-16,"18,10749",7.0
Deep Throat in Tokyo,1975-12-05,"18,27",3.9
Shriek If You Know What I Did Last Friday the Thirteenth,2000-10-17,35,4.7
Stephen Sondheim's Old Friends,2022-05-03,10402,8.0
Marvin's Room,1996-12-18,18,6.7
Certain Women,2016-09-25,18,6.0
Trunk - Locked In,2023-11-24,"53,28,18",6.1
Hanu-Man,2024-01-11,"14,28,35,878",6.4
Yodha,2024-03-15,"28,12,53",6.5
Empire of Light,2022-12-09,"18,10749",6.7
On Deadly Ground,1994-02-18,"28,12,53",5.2
Unity,2015-08-12,99,7.5
Same Kind of Different as Me,2017-10-20,18,6.9
31,2016-09-15,"27,53",5.4
Scooby-Doo! and the Legend of the Vampire,2003-03-04,"10751,16,35,14,10402,9648",7.1
Latency,2024-06-14,"878,53,27",5.6
Palm Swings,2017-10-03,"35,18,10749",6.3
Wolf Warrior 2,2017-07-27,"10752,28,53",6.5
Yankee Doodle Daffy,1943-05-15,"16,35,10402",6.4
To Every You I've Loved Before,2022-10-07,"16,10749,878",6.8
Initial D Legend 2: Racer,2015-05-23,"16,18,28",8.0
The VelociPastor,2018-09-28,"28,27,35",5.2
Godzilla: Tokyo S.O.S.,2003-12-13,"28,14,12,878",7.1
Amazon Women on the Moon,1987-09-18,"35,878",5.9
Pretty Cure All Stars New Stage 2: Friends from the Heart,2013-03-15,"16,28,14,35,12,10751",6.1
The Photographer,2017-02-10,,7.0
The Seeker: The Dark Is Rising,2007-10-05,"12,18,14,10751,53",5.4
Virgin Rose,2006-02-03,"18,80,10749",4.2
The Great Silence,1968-11-22,"37,18",7.4
Annie,1982-05-21,"35,18,10751",6.5
Code Geass: Lelouch of the Rebellion - Glorification,2018-05-01,"878,16,18,28",7.4
Naruto: The Lost Story - Mission: Protect the Waterfall Village!,2003-12-20,"16,28,12",7.3
Hangman,2017-12-22,"9648,80,53",5.8
Isekai Quartet the Movie: Another World,2022-06-10,"16,35,14",7.7
A Lot Like Love,2005-04-21,"35,18,10749",6.8
Kuch Kuch Hota Hai,1998-10-16,"10749,18,35",7.5
Sorority Row,2009-09-09,"27,9648",5.5
Martha Marcy May Marlene,2011-10-21,"18,53",6.6
JJ+E,2021-09-08,"10749,18",5.8
Dynasty Warriors,2021-04-27,"28,12,14",5.9
Being Canadian,2015-09-18,"35,99",5.7
The Man Who Knew Too Little,1997-11-14,"35,80,28",6.4
Dangerous,2021-11-05,"28,53",6.0
Cold Eyes,2013-07-03,"80,28,53",7.5
Brittany Runs a Marathon,2019-08-23,"35,18",6.6
Prom Night,1980-07-18,"27,9648,53",5.7
Live,2023-04-06,18,7.0
Flawless,1999-11-26,"35,18,80",6.2
The Jack in the Box: Awakening,2022-02-24,27,6.3
Sisters Virus,2021-02-24,18,4.0
The Eight Hundred,2020-08-14,"10752,36,18,28",6.9
Izla,2021-10-22,"35,27",5.0
Space Cadet,2024-07-04,"35,10749",5.4
Gladiator,1992-03-06,"28,18",7.6
The Road to El Camino: Behind the Scenes of El Camino: A Breaking Bad Movie,2019-10-28,99,6.9
Pet,2016-09-24,"27,53",5.8
SeX,2003-12-04,878,6.1
Cheat,2023-08-24,"53,27",7.2
Absolute Power,1997-02-14,"80,18,28",6.6
The Man Who Shot Liberty Valance,1962-04-13,37,7.8
Five Blind Dates,2024-02-12,"35,10749",5.5
Kill 'em All,2017-06-06,"28,80",5.7
Hasee Toh Phasee,2014-02-07,"35,10749",6.5
The Initiation,1984-12-07,"27,9648,53",5.6
The Garden of Sinners: Overlooking View,2007-12-01,"16,80,28,14,9648",6.8
Till Death,2021-07-02,"27,53",6.7
Giovanni's Island,2014-02-22,"16,18,36",7.5
Automata,2014-10-09,"53,878",5.9
Fat Man and Little Boy,1989-10-20,"18,36,10752",6.2
The Limehouse Golem,2016-10-18,"27,9648,53",6.2
Shivers,1975-05-16,"27,878",6.4
Dragon,2011-07-04,"18,28,53",6.9
Battle of Love,1999-11-27,"18,10749",6.5
S1m0ne,2002-08-23,"878,35,18,14,10749",6.0
Grotesque,2009-01-17,"27,53",5.7
Reality,2023-06-02,"18,53",6.4
S1m0ne,2002-08-23,"878,35,18,14,10749",6.0
Grotesque,2009-01-17,"27,53",5.7
Reality,2023-06-02,"18,53",6.4
Kindergarten Cop 2,2016-05-18,35,5.0
Anne of Green Gables: The Sequel,1987-05-19,"10751,18,10749",8.0
Boomerang,1992-06-30,"35,10749",5.7
No Way Out,1987-08-14,"53,18",6.9
The Trust,2016-04-29,"53,18,80",5.2
Getting LOST,2024-09-22,99,7.0
Fatima,2020-08-13,18,7.2
Beauty and the Dogs,2017-10-18,"80,18,53",7.0
It Comes at Night,2017-06-09,"18,27,9648",5.8
Glowzies,2023-09-30,"878,27",5.0
True Spirit,2023-01-26,"12,18,36",7.0
Little Ones,2023-02-22,18,6.6
HyperNormalisation,2016-10-25,99,7.4
No Pressure,2024-03-27,"10749,35",5.3
"Berlin, I Love You",2019-12-04,18,4.8
Anatomy of Hell,2004-01-28,18,4.8
Ooops! Noah Is Gone...,2015-03-26,"16,12,35,10751",6.4
Lupin the Third: The Legend of the Gold of Babylon,1985-07-13,"16,12,35,28,80",6.3
Thandel,2025-02-07,"10749,28,18,53",6.7
"Batman: The Long Halloween, Part One",2021-06-21,"16,9648,28,80",7.5
The Most Precious of Cargoes,2024-11-20,"16,18,36",7.4
Ichi the Killer,2001-12-22,"28,80,27",7.0
Tin & Tina,2023-03-24,"27,53,9648",6.0
Girls und Panzer das Finale: Part I,2017-12-09,"16,28,35",6.7
Silent Love,2024-01-26,"10749,18",7.3
#realityhigh,2017-07-17,35,6.3
Ferrari,2023-12-14,"36,18",6.4
My Name Is Vendetta,2022-11-30,"28,80,12,53",6.6
Naked Ambition 3D,2014-03-25,35,5.2
For Love or Money,1993-10-01,"35,10749",6.2
Solo to the South Pole,2019-09-12,"99,10770",8.0
The Nutcracker,2010-11-24,"10402,14,10751,12",5.0
Filth,2013-09-23,"80,18,35",6.9
Animal Crackers,2017-06-23,"35,16,12,10751",6.2
The Circle,2017-04-27,"18,53,878",5.5
The Chosen,2015-07-23,"27,53",4.4
The Money Pit,1986-03-26,"35,10749",6.5
10.0 Earthquake,2014-10-15,"18,12,28",4.9
The Adventures of Elmo in Grouchland,1999-10-01,"10751,35,12,10402",6.4
Ip Man: The Awakening,2021-09-16,"28,12,36,18",6.9
The Brothers Bloom,2008-09-09,"12,35,18,10749",6.6
Dead Men Don't Wear Plaid,1982-05-21,"35,9648,80",6.6
Soul Plane,2004-05-28,"10749,35",5.4
For Colored Girls,2010-11-05,18,6.7
Night of 100 Stars II,1985-03-10,"35,10402,10770,99",8.0
Sardar Udham,2021-10-16,"80,18,36",7.1
Abraham,1993-12-12,"12,18,10770",7.0
The Thief and the Cobbler,1993-09-23,"16,10751,14,10749",7.1
Deadfall,2012-11-08,"80,18,53",6.0
The Fighting Temptations,2003-09-19,"35,10402,10749",5.8
Music,2021-01-14,"10402,18",5.4
Wingwomen,2023-11-01,"28,35,18",6.1
Temptation: Confessions of a Marriage Counselor,2013-03-29,18,6.6
Mr. Church,2016-09-16,18,7.4
The Garden of Sinners: A Study in Murder (Part 2),2009-08-08,"16,14,9648,10749,28,80",7.4
The Garden of Sinners: A Study in Murder (Part 2),2009-08-08,"16,14,9648,10749,28,80",7.4
Last Breath,2019-04-05,99,7.6
Dirty Pretty Things,2002-09-05,"80,18,53",6.9
Kursk,2018-11-07,"18,36,53,28",6.7
Ma mère,2004-05-19,18,4.5
Old Henry,2021-10-01,"37,28,18",7.3
Giant,1956-11-08,"18,37",7.6
Iron Man: Rise of Technovore,2013-04-24,"878,16,28",6.2
The Aristocrats,2005-07-29,"35,99",5.9
42,2013-04-12,18,7.2
The Damned,1969-10-30,"18,36",7.3
Dr. Dolittle 2,2001-06-22,"35,10751,10749,14",5.3
Learning to Drive,2014-08-21,"18,35",6.2
Catchfire,1990-04-03,"18,28,53,10749",5.4
Gundam Wing: The Endless Waltz,1998-08-01,"18,16,878",7.2
¿Quieres ser mi hijo?,2023-09-21,"35,10749",8.6
The Mad Women's Ball,2021-09-12,"53,18,36",7.1
One Piece: The Movie,2000-03-04,"28,16,12,35,14",7.1
Broken Flowers,2005-07-31,"35,18,9648,10749",6.9
The School of the Magical Animals,2021-10-14,"10751,12,14",6.2
The Garden of Sinners: Future Gospel,2013-09-28,"16,878",7.4
Trial by Fire,2019-05-17,"18,80",7.0
High & Low The Worst,2019-10-04,28,7.8
Iron Sky,2012-04-04,"28,35,878",5.7
Z-O-M-B-I-E-S 3,2022-07-09,"14,35,10751,10770",7.4
Goodbye Christopher Robin,2017-09-29,"10751,36,18",7.0
Sniper: Reloaded,2011-04-26,"10752,28,53,18",5.8
Gold Kingdom and Water Kingdom,2023-01-27,"16,18",7.0
Megan Thee Stallion: In Her Words,2024-10-30,"99,10402",7.3
Gone in the Night,2022-07-15,"18,9648,53",5.6
The Debt,2010-09-30,"18,53",6.6
Elizabethtown,2005-10-14,"35,18,10749",6.2
Lupin the Third: Dead or Alive,1996-04-20,"16,28,35,18,80",6.7
The Great Outdoors,1988-06-17,35,6.5
2046,2004-10-29,"18,878,10749",7.2
Beavis and Butt-Head Do the Universe,2022-06-23,"16,35,878",6.9
Little Girl,2020-09-25,99,7.9
Harley Davidson and the Marlboro Man,1991-08-23,"28,53",6.3
Donovan's Reef,1963-06-12,"12,35,10749",6.2
Loving Vincent,2017-06-22,"16,18,9648,36",8.0
Ants in the Pants,2000-03-29,"35,10749",5.0
Digimon Adventure tri. Part 4: Loss,2017-02-25,"12,28,16,10751,14,878",6.9
Esther,1999-03-29,"12,18,10770",6.8
Infernal Affairs,2002-12-12,"18,28,53,80,9648",7.8
Život pro samouky,2023-05-11,35,6.3
Poolman,2024-05-09,"9648,35",4.3
Ricochet,1991-10-04,"80,53,28,18",6.1
Our Secret Diary,2023-07-07,10749,7.8
Futurama: Bender's Big Score,2007-11-27,"16,35,878,10770",7.4
Awake,2021-06-09,"18,878,53",5.9
The Duke,2021-07-23,"35,18,36",7.0
Kings,2017-11-11,"10749,18,80",5.7
The Pagemaster,1994-11-23,"10751,14,16",6.4
Journey to the Center of the Earth,1959-12-15,"12,14,10751",6.9
Luckiest Girl Alive,2022-09-30,"18,53,9648",6.5
Brewster's Millions,1985-05-22,35,6.6
Rumours,2024-07-01,"35,27",4.8
Batman vs. Robin,2015-04-03,"878,28,12,16,80,18,14,53",7.2
The Divide,2012-01-13,"27,878,53",5.9
The Commando,2022-01-07,"28,80,53",5.7
Prom Night,2008-04-10,"27,18,9648",5.0
The Land Before Time,1988-11-18,"10751,16,12",7.1
The Mighty Boosh: Journey of the Childmen,2010-11-15,99,8.0
Saw,2003-10-16,"80,27,53",7.0
Blue's Big City Adventure,2022-11-18,"10751,35,12,16,10402",7.2
Be Kind Rewind,2008-01-20,"18,35",6.3
Hotel Bitcoin,2024-09-13,35,5.8
Popeye's Revenge,2025-02-13,27,4.9
The Exterminating Angel,1962-05-16,"35,18,14",7.9
Neelakasham Pachakadal Chuvanna Bhoomi,2013-08-09,"12,53,10749",7.0
Red Corner,1997-10-30,"80,18,53",6.3
The Trial of the Incredible Hulk,1989-05-07,"12,14,18,28,878,10770",6.4
Running on Empty,2024-08-09,"10749,35",5.8
The Three Musketeers,1948-10-20,"12,10749",6.7
A Low Down Dirty Shame,1994-11-23,"35,80,28",5.7
Novocaine,2001-11-23,"35,80,53",6.0
Novocaine,2001-11-23,"35,80,53",6.0
The Producers,2005-12-25,35,6.2
Don Juan DeMarco,1994-10-12,"10749,18,35",6.7
LEGO Star Wars Holiday Special,2020-11-17,"16,10751,878,12,35",6.6
Fried Green Tomatoes,1991-12-27,"18,35",7.7
Rugrats Go Wild,2003-06-13,"16,10751,12,35",6.3
Flight 7500,2014-05-16,"53,27,9648",4.9
Annapolis,2006-01-27,"18,28",6.9
All Fun and Games,2023-08-30,"27,53",5.6
The Rainmaker,1997-11-18,"18,80,53",7.0
5 Flights Up,2014-05-10,18,6.0
Wild Rose,2019-04-12,"10402,35,18",6.8
"Goodbye, Don Glees!",2022-02-18,"16,12,18",7.0
Room Salon College Girls,2018-03-29,10749,8.0
Mayhem,2017-11-10,"28,35,27",6.5
Becky,2020-07-23,"53,27,28",6.3
Paris Can Wait,2016-09-12,"35,18,10749",5.8
Emil and the Detectives,1935-02-05,"35,80",5.0
The Grandmaster,2013-01-10,"28,18,36",6.6
Even if This Love Disappears from the World Tonight,2022-07-29,"10749,18",6.9
Sex: A Relationship and Not Marriage,2016-04-19,18,5.7
Shut In,2016-11-11,"18,53",5.3
Crocodile Dundee II,1988-05-19,"12,35",5.8
The Voyagers,2022-11-21,"14,12,10770",6.1
2:22,2017-06-29,"878,9648,53,10749",6.0
Addicted to Fresno,2015-10-02,35,5.2
The Body,1974-03-06,"18,53",4.4
Beverly Hills Chihuahua 2,2011-02-01,"35,10751",5.9
Out of Darkness,2024-02-09,"12,27,53",5.8
Shadow,2018-09-30,"28,10752",6.7
Little Forest: Summer/Autumn,2014-08-30,18,7.7
The Birth of Kitaro: The Mystery of GeGeGe,2023-11-17,"16,35,9648,14,27",7.5
The Resort,2021-04-30,27,5.6
Haikyuu!! Movie 3: Talent and Sense,2017-09-15,"16,18",8.0
The Mountain Between Us,2017-10-05,"18,12,10749",6.7
Money Talks,1997-08-22,"35,28,80",6.0
Green Snake,2021-07-23,"16,14,28,12",8.1
Lupin the Third: The Mystery of Mamo,1978-12-16,"16,12,35,80,18",7.1
Players,2024-02-13,"10749,35",6.1
Lupin the Third: The Mystery of Mamo,1978-12-16,"16,12,35,80,18",7.1
Players,2024-02-13,"10749,35",6.1
Wishmaster 4: The Prophecy Fulfilled,2002-06-10,"27,14",4.4
Get Away,2024-12-06,"27,35",5.2
Cape Fear,1991-11-13,"18,80,53",7.3
Lucky,2017-09-29,18,7.3
Bus Stop,1956-08-31,"35,18,10749",6.1
Seven Days War,2019-12-13,"16,18,28",6.6
Belle épine,2010-11-10,18,5.5
Dagr,2024-06-20,"27,35",3.6
I Want You Back,2022-02-10,"35,10749",6.3
The Assistant,2020-01-31,18,6.3
New World,2013-02-21,"53,80,18",7.4
Between Pancho Villa and a Naked Woman,1996-04-11,"36,35,14",5.2
Cleveland Abduction,2015-05-02,"18,80,10770",7.2
Radio Rebel,2012-06-09,"35,18,10751,10770,10402",6.2
The Siege of Jadotville,2016-09-19,"10752,18,53",7.1
Nicholas Nickleby,2002-12-27,"12,18",6.9
Brian Banks,2019-08-09,18,7.2
The Wild Pear Tree,2018-06-01,18,7.5
Once Upon a Time: The Super Heroes,2001-12-23,"99,10770,16",6.9
"Goodbye, Miss Turlock",1948-01-24,10751,6.2
Playing for Keeps,2012-11-29,"35,10749",5.7
Viking Wolf,2022-11-18,"27,53,9648",5.7
The Champ,1979-07-07,18,7.0
"Silent Night, Deadly Night",1984-11-09,"53,27",5.9
Outrage,2010-05-17,"28,12,80,53,18",6.9
Home Again,2017-09-07,"35,18,10749",6.1
On the Road,2012-05-22,"12,18",5.6
Because of Winn-Dixie,2005-02-18,"10751,35,18",6.4
An Affair,2018-10-05,18,5.4
Home,2009-06-03,99,7.8
Stranger at the Door,2004-06-21,"18,9648,53",4.6
Sebastian,2024-08-02,18,6.6
Official Secrets,2019-08-30,"53,36,18",7.2
Sextuplets,2019-08-16,35,6.2
Brother Nature,2016-09-09,35,5.2
A Journal for Jordan,2021-12-22,"18,10749",7.0
Mind Game,2004-08-07,"16,10749,35,18,14",7.5
Pufnstuf,1970-05-13,"35,10751,14,10402",6.1
Una,2017-03-30,"18,53",6.1
Secrets in the Marriage,2023-02-03,"10770,53",6.0
Prep & Landing: Naughty vs. Nice,2011-12-05,"16,35,10751",6.9
Killjoy,2000-10-24,27,3.0
Harsh Times,2005-09-11,"80,18,53,28",6.4
Miss Violet,2024-11-06,"18,36",7.2
The Flyboys,2008-08-15,"12,28",7.6
The Rum Diary,2011-10-13,"35,18",5.9
The Age of Shadows,2016-09-07,"28,53",7.2
Bastardy,2008-08-03,99,5.9
Crows Zero,2007-10-26,"28,35,80",7.1
Fullmetal Alchemist the Movie: Conqueror of Shamballa,2005-07-21,"28,12,16,18",7.3
Psycho IV: The Beginning,1990-11-10,"27,9648,53,10770",5.7
Codename: Kids Next Door: Operation Z.E.R.O.,2006-08-11,"16,878,10770,12,10751,35,14,9648,28",7.9
The Chamber,1996-10-11,"80,18",6.0
Inherent Vice,2014-12-12,"18,9648,35",6.6
The Muse,1999-01-05,"14,35,10749",5.2
Canceled,2023-08-25,"9648,27,53",6.0
Fireheart,2022-01-16,"16,12,10751,35",7.2
Marvel Studios Assembled: The Making of Eternals,2022-02-16,99,7.2
Michael,1996-12-25,"35,18,14",5.7
Toni Erdmann,2016-07-14,"35,18",7.0
Larry Gaye: Renegade Male Flight Attendant,2015-06-05,35,4.8
Macross Frontier: The Wings of Farewell,2011-02-26,"28,16,10749,878",7.2
Alien Outpost,2014-09-19,"53,28,878",5.1
How to Plan an Orgy in a Small Town,2015-09-19,"18,35",5.2
A Little Night Music,1977-09-30,"10749,10402,35",6.2
More Beautiful for Having Been Broken,2020-05-08,18,6.9
Cradle Will Rock,1999-12-10,18,6.5
Cow Belles,2006-03-24,"35,10751,10770",5.5
The Believers,1987-06-09,"27,9648,53",6.0
The Student,2015-09-27,18,5.0
High Society,2018-08-29,18,5.5
Fate/Grand Order the Movie: Divine Realm Of The Round Table: Camelot Paladin; Agateram,2021-05-15,"16,28,12,36,18,14",6.2
"Godzilla, Mothra and King Ghidorah: Giant Monsters All-Out Attack",2001-12-15,"28,12,27,14,878",7.5
Down the Rabbit Hole,2024-04-30,"35,18",6.6
The Perfection,2018-09-20,"27,53,18",6.5
Wonderstruck,2017-10-13,18,6.0
Ride,2014-11-08,"18,35,10749",5.7
Motel Hell,1980-08-14,"35,27",5.8
RRRrrrr!!!,2004-01-28,35,6.3
PERSONA3 THE MOVIE #4 Winter of Rebirth,2016-01-23,"12,28,16,18,14,878",7.9
Head of State,2003-03-28,"35,18",5.6
Project A: Part II,1987-07-25,"28,35",7.1
The Good Lie,2014-09-10,18,7.3
Marvel Studios: Assembling a Universe,2014-03-18,"99,10770,14",6.9
Severance,2006-05-19,"27,35,53",6.3
Dead Leaves,2004-01-17,"16,35,80,878",7.0
Tom and Jerry: The Movie,1992-10-01,"16,35,10751,10402",6.3
Creep 2,2017-10-14,"27,53",6.3
The Turning,2020-01-23,"27,53",5.7
Come Play,2020-10-28,"27,9648",6.4
Dragon Blade,2015-02-19,"12,36,28,14",6.4
Hannah Montana: The Movie,2009-04-10,"35,18,10751,10402,10749",6.6
...And Justice for All,1979-10-19,18,7.1
Ruby & Quentin,2003-10-22,"35,80",6.7
Traffic,2000-12-27,"53,18,80",7.1
Megaboa,2021-11-26,"28,27,878",6.3
Promare / Side: Galo,2019-05-24,"28,16,878",7.3
Animal Kingdom,2010-06-03,"80,18",6.8
Bad Education,2019-09-08,"18,80,36",6.7
The Golden Glove,2019-02-21,"80,53,27,35",6.9
Frankenstein Conquers the World,1965-08-08,"27,878",6.7
Town & Country,2001-04-27,"35,10749",4.5
Hammarskjöld: Fight for Peace,2023-12-25,"53,18,36",6.2
The Concorde... Airport '79,1979-08-17,"28,18,53",4.7
Pretty Cure All Stars New Stage 3: Eternal Friends,2014-03-15,"16,28,14,35,12,10751",7.5
Planet 51,2009-11-19,"16,10751,35,878,12",5.9
Ghost Mansion,2021-06-30,27,7.3
The Dinner,2017-05-05,"18,53,9648",4.5
Woman in the Maze,2023-10-06,"27,53",4.2
The Package,2018-08-10,35,5.9
Murari,2001-02-17,"18,10749,53",6.4
Dennis the Menace Strikes Again!,1998-07-14,"10751,35",5.4
Sgt. Pepper's Lonely Hearts Club Band,1978-07-24,"12,10402,10751,35",4.4
Supervixens,1975-04-02,35,5.7
Bunraku,2010-09-01,"53,28,18",5.9
Ferry,2021-05-13,"80,18,28",6.9
Ferry,2021-05-13,"80,18,28",6.9
Leviathan,2014-09-24,"18,80",7.4
The Return of the Texas Chainsaw Massacre,1995-09-22,"35,27,53",4.6
The Courier,2019-11-22,"28,53,12,80",6.0
A Little Chaos,2015-03-26,"18,10749",6.3
The Good Doctor,2011-04-23,"18,53,9648",6.2
Sarafina!,1992-09-18,"10402,18,10751",6.2
The Heartbreak Kid,1972-12-17,"10749,35",6.6
The Legend of Tomiris,2019-10-01,"36,10752,18",6.9
Okko's Inn,2018-09-12,"16,35,14,10751,18,12",7.2
Polar Trappers,1938-06-17,"16,35",6.0
Safety Not Guaranteed,2012-06-08,"35,10749,878",6.8
Sunshine,1999-09-13,"18,36,10749,10752",6.5
Ray,2004-10-29,"18,10402",7.4
Fullmetal Alchemist: The Revenge of Scar,2022-05-20,"14,28,12",6.6
House Party,2023-01-12,35,5.7
Love Affair,1994-10-21,"18,10749",5.4
Arthur & Merlin: Knights of Camelot,2020-05-28,"12,36,28",5.3
Under the Yum-Yum Tree,1963-10-23,"35,10749",5.9
Lansky,2021-06-24,"80,18,53",6.1
Porch Pirates,2024-11-28,"35,10751,18",3.0
This Is Me…Now,2024-02-15,"18,10402",5.3
Spies Like Us,1985-12-06,"35,12",6.2
Stake Land,2010-09-30,"18,27,878",6.2
Monster Pets: A Hotel Transylvania Short,2021-04-02,"16,35,14",7.4
American Dreamz,2006-03-04,"35,18",5.0
Barbed Wire Dolls,1976-04-22,"80,18,27",4.6
Hollywood,1923-08-19,"35,18",7.0
Kuroko's Basketball - Movie: Winter Cup - Shadow and Light,2016-09-03,"16,35",7.0
Joy Ride 2: Dead Ahead,2009-01-23,"80,53,27",5.6
BOCCHI THE ROCK! Recap Part 2,2024-08-09,"16,35,10402",7.5
The Artifice Girl,2023-04-27,"878,53,9648",6.8
Bihter: A Forbidden Passion,2023-11-16,"18,10749",5.1
Doraemon: Nobita and the Kingdom of Clouds,1992-03-07,"16,14,10751",7.2
The Hole in the Ground,2019-03-01,27,5.6
Umamusume: Pretty Derby - Beginning of a New Era,2024-05-24,"16,18,35,14",8.7
Umamusume: Pretty Derby - Beginning of a New Era,2024-05-24,"16,18,35,14",8.7
Lizzie,2018-09-14,"80,18,53",6.2
Universal Soldier: Regeneration,2009-10-01,"12,28,878,53",5.6
The Double,2011-10-27,"28,18,80",5.8
The Hitcher,2007-01-19,"80,27,53",5.9
Minazuki,1999-10-23,18,5.7
Banshee,2006-06-24,"80,53,10770",7.0
Treasure Island,1990-01-22,"12,10751,10770",6.6
The Mighty,1998-06-01,"18,35",7.2
Superbabies: Baby Geniuses 2,2004-08-27,"35,10751",2.8
Marvel Studios' 2021 Disney+ Day Special,2021-11-12,99,7.0
Kidnapped,2023-05-25,"18,36",7.3
Frenzy,1972-05-25,"80,53,27",7.1
Vijay 69,2024-11-08,"18,35",7.1
Teen Witch,1989-04-28,"35,14,10749",6.1
Under Suspicion,1991-09-27,"80,53",5.9
Women on the Verge of a Nervous Breakdown,1988-03-25,"35,18",7.4
In Darkness,2018-05-25,"53,9648",6.1
Planet Dune,2021-10-29,"878,27,12",5.3
A Matter of Perspective,1987-01-01,35,6.1
The Merciless,2017-05-17,"28,80,9648",7.1
Henna,1991-06-28,"18,10749,10402",5.3
Damage,1992-12-02,"18,10749",6.6
The Devil's Candy,2016-12-15,"27,9648,18,53",6.3
Posse,1993-05-14,"28,12,37",5.4
Suck Me Shakespeer 3,2017-10-26,35,6.0
Accel World: Infinite Burst,2016-07-23,"878,16,28",6.7
If These Walls Could Talk,1996-09-11,"10770,18",6.6
Kuyang,2024-03-07,"27,18,53",5.8
Dark Secrets,2012-12-08,18,2.3
The Conspirator,2011-04-15,"80,18,36",6.6
Hot Frosty,2024-11-12,"10749,35",6.0
The Secret Life of Bees,2008-09-17,"10751,12,18",7.5
A Life Less Ordinary,1997-10-24,"14,35,10749",6.1
Old Shatterhand,1964-04-30,"37,12",6.2
Pusher,1996-08-30,"28,80,18",7.0
Dilution,2025-02-01,"16,9648,18",6.0
"Les Outre-mer, des terroirs en or",2024-03-05,"99,10770",7.5
Vesper,2022-08-17,"878,18,12,14",6.4
Checkmate,2024-01-25,"28,35",5.1
Jingle Jangle: A Christmas Journey,2020-11-06,"10751,14,10402",6.6
The Swarm,1978-07-14,"53,878,27",4.9
Niagara,1953-01-26,"53,80",6.8
Digimon Adventure 02: Hurricane Touchdown! The Golden Digimentals,2000-07-08,"16,12,878",7.0
Point Blank,1967-08-30,"80,53,18",7.0
Captive,2015-09-17,"80,18,53",5.7
Level 16,2018-02-20,"878,53",6.8
Big Miracle,2012-02-02,"12,18,10749,14",6.7
Paterson,2016-11-17,"18,35,10749",7.1
Kaka Boss,2024-08-29,"35,18",5.8
Celeste & Jesse Forever,2012-08-03,"35,18,10749",6.4
Tucker: The Man and His Dream,1988-08-12,18,6.7
The Journey of Natty Gann,1985-09-27,"12,10751,18",6.9
Explorers,1985-07-12,"878,12,10751",6.2
Young Adult,2011-11-11,"35,18",5.8
Irrational Man,2015-07-17,"18,35",6.5
Eve's Bayou,1997-11-07,18,6.4
Up Close & Personal,1996-03-01,"18,10749",6.3
Irrational Man,2015-07-17,"18,35",6.5
Eve's Bayou,1997-11-07,18,6.4
Up Close & Personal,1996-03-01,"18,10749",6.3
Stockings: Her Conspiracy,2021-10-25,10749,3.5
Hannah and Her Sisters,1986-02-07,"35,18",7.5
Death to Smoochy,2002-03-29,"35,80,18,53",5.9
Mass,2021-10-08,18,7.5
Last Holiday,2006-01-13,"12,35,18",7.2
Extreme Movie,2008-12-05,35,4.5
Family Guy Presents: Stewie Griffin: The Untold Story,2005-07-23,"12,16,35",7.0
Juggernaut,1974-09-25,"53,28",6.2
Emanuelle Around the World,1977-09-16,"12,18,27",5.7
The Radiator Springs 500½,2014-05-20,"16,10751,35",6.3
Loco por ella,2025-04-17,35,7.0
7500,2019-12-26,"18,53,28",6.1
King of Thieves,2018-09-04,"80,18",5.5
Shogun's Joy of Torture,1968-09-28,"27,18",5.9
Sex and Lucía,2001-08-24,"18,10749",6.7
Untraceable,2008-01-22,"53,80,9648,18,27",6.2
The Bookshop,2017-11-10,18,6.5
Roujin Z,1991-09-14,"16,18,878",6.5
Good People,2014-08-12,"53,80,28",5.5
The Children Act,2018-08-01,18,6.6
Teen Titans Go! See Space Jam,2021-06-20,"16,35,10751,14,878",6.1
Believer,2018-05-22,"80,28,53",7.2
Life on the Line,2016-11-18,"18,28,53",5.7
The One,2001-11-02,"28,878,53",6.1
Ox-Head Village,2022-02-18,"27,18,9648",5.7
How Green Was My Valley,1941-10-28,18,7.3
Flash Point,2007-07-26,28,6.9
The Outsider,2018-03-09,"80,18,9648",6.2
Little Nemo: Adventures in Slumberland,1989-07-15,"12,16,10751,14",6.9
King Kong Lives,1986-12-16,"14,28,12",5.1
Network,1976-11-14,18,7.8
Palm Trees in the Snow,2015-12-25,"18,36,10749",7.4
Invaders from Mars,1986-06-06,"27,878",5.5
The Day After,1983-11-20,"878,18,10770",6.7
Hundreds of Beavers,2024-01-26,"35,12,28",7.2
Saboteur,1942-04-24,53,6.9
I Origins,2014-07-18,"878,18",7.6
Saboteur,1942-04-24,53,6.9
I Origins,2014-07-18,"878,18",7.6
Pink Cadillac,1989-05-26,"28,12,35,18,10749",5.5
Chuck,2017-05-05,18,6.3
The Lost Prince,2020-02-12,"14,12,35",5.7
The Beverly Hillbillies,1993-10-15,"35,10751",6.3
Smoke and Mirrors: The Story of Tom Savini,2015-10-16,99,6.7
Amazonia: The Catherine Miles Story,1985-08-09,"12,18,27",6.0
Tales of Old Rumney,2005-01-01,36,10.0
Star 80,1983-11-10,18,6.4
Caddyshack,1980-07-25,35,6.6
GARO: Divine Flame,2016-04-01,"28,16",6.1
Star Trek IV: The Voyage Home,1986-11-26,"878,12",7.1
Resurrection,2021-03-27,"18,36",6.7
The Square,2017-08-25,18,6.8
Tales from the Crypt,1972-03-09,27,6.8
Shaft,1971-06-25,"28,80,53",6.4
Woodwalkers,2024-10-17,"10751,14",6.3
"Kaoru Kiri: The Best Lesbian In Japan, Authentic Account",1974-08-28,18,4.5
Friday,2023-03-01,"80,53",5.7
Marvel One-Shot: The Consultant,2011-09-13,"12,14,878,28",6.3
Blankman,1994-08-19,"12,35,10751,28,80",5.3
Superman II: The Richard Donner Cut,2006-11-02,"878,28,12",7.3
Jersey Girl,2004-03-25,"35,10749,18",6.2
Voyage to the Edge of the World,1976-09-01,99,6.9
10x10,2018-03-16,"18,9648,53",5.2
The Witches of Eastwick,1987-06-12,"35,14,27",6.6
Tiger 3,2023-11-12,"28,12,53",5.8
May-December-January,2022-10-12,"18,10749",6.0
Bad Ass,2012-04-12,"28,18",5.8
Cold Blood,2019-05-15,"53,28",5.3
Beauty of Beauties,1965-10-22,"36,18,10752",7.0
Inazuma Eleven GO The Movie: The Ultimate Bonds Gryphon,2011-12-23,"16,28",7.5
Never Back Down: Revolt,2021-11-15,28,6.4
Jim & Andy: The Great Beyond,2017-09-05,"99,18,35",7.5
The Glimmer Man,1996-10-04,"28,80,53",5.4
Bajrangi Bhaijaan,2015-07-17,"35,18,28",7.8
Officer on Duty,2025-02-20,"80,53",6.7
Only Yesterday,1991-07-20,"16,18,10749",7.4
All Star Superman,2011-01-01,"16,878,28,12",6.8
The Hole,2001-04-20,"80,18,27,53",6.2
Salon Kitty,1976-03-02,"18,10752",5.5
Miss Congeniality 2: Armed and Fabulous,2005-03-11,"28,35",5.8
An Innocent Man,1989-10-06,"80,18,53",6.1
The Manchurian Candidate,2004-07-30,"18,53,9648",6.5
Postal,2007-10-18,"35,28,12,80,53",4.6
The Marine 4: Moving Target,2015-04-10,28,6.3
Spellbound,1945-11-08,"53,9648,10749",7.4
Asterix at the Olympic Games,2008-01-25,"14,12,35,10751",5.2
The Brady Bunch Movie,1995-02-16,"10751,35",6.1
Love Between Teachers and Students,2018-08-02,10749,5.7
Spoiled Brats,2021-09-15,35,6.0
The Seventh Day,2021-03-26,27,5.3
Castaway,1986-03-05,"12,18",6.3
Buzz Lightyear of Star Command: The Adventure Begins,2000-08-08,"16,10751,35,878,12",6.4
The Duchess,2008-09-05,"18,36,10749",7.0
Harmony,2015-11-13,"53,16,878",6.9
Naked Poison,2000-09-23,"27,53",6.3
Celebrity Sex Tape,2012-02-02,35,4.4
Someone Great,2019-04-19,"35,10749",6.4
Meet Me in St. Louis,1944-11-28,"35,18,10749,10751",7.0
Call Me Marianna,2015-06-02,99,7.3
Paper Man,2009-06-15,"35,18",6.3
Joe Bell,2020-09-14,18,6.5
Midnight Express,1978-08-31,"18,80",7.5
Battlestar Galactica: Blood & Chrome,2012-12-09,"878,10770,28",6.8
Tag,2015-05-11,"28,14,27,18,878,53,9648",6.5
Richie Rich's Christmas Wish,1998-10-21,"10751,35,14",4.7
Deva,2025-03-28,"28,80,18,9648,53",3.5
Elton John: Never Too Late,2024-11-15,"99,10402",6.3
Murder at Yellowstone City,2022-06-24,"37,9648",5.4
100 Rifles,1969-03-26,"12,28,37,10752",5.9
Bullet Train Down,2022-08-01,28,5.5
Good One,2024-08-09,18,6.3
Don't Hang Up,2016-10-22,"27,53",6.3
Harlem Nights,1989-11-17,"35,80,18",6.1
War of the Worlds: The Attack,2023-04-21,"878,9648,53",5.0
Sorry If I Call You Love,2014-06-20,"10749,18",7.4
The Body,2012-12-21,"53,9648",7.5
Emmanuelle in Space 3: A Lesson in Love,1994-08-02,"878,10749",5.2
The Bad Seed,1956-09-12,"53,18,27",7.1
London,2005-09-03,"18,10749",6.0
Summer Ghost,2021-11-12,"16,18,9648,14",7.3
The Messenger,2009-11-13,"18,10749",6.7
Free! the Final Stroke the Second Volume,2022-04-22,"16,18,35",6.1
Ghost in the Shell: SAC_2045 Sustainable War,2021-12-21,"16,28,878",7.0
I'll See You in My Dreams,2015-05-15,"18,35",6.3
BanG Dream! Poppin'Dream!,2022-01-01,"16,10402",6.4
The Lost Boys,1987-07-31,"27,35,53",7.1
We Grown Now,2024-04-19,18,6.7
Love and the Frenchwoman,1960-09-16,"35,10749,18",4.9
The Crucifixion,2017-04-27,"27,9648,53",5.7
White Dog,1982-07-07,"18,27,53",6.7
El padrecito,1964-09-03,35,8.0
The Photograph,2020-02-14,"18,10749",6.4
White Dog,1982-07-07,"18,27,53",6.7
El padrecito,1964-09-03,35,8.0
The Photograph,2020-02-14,"18,10749",6.4
Real,2017-06-28,"28,80,53",5.4
An Affair: Kind Daughters-in-law,2018-01-25,10749,1.0
Seven Sundays,2017-10-11,"18,10751",8.1
Almost Heroes,1998-05-29,"12,35,37",5.4
If Looks Could Kill,1991-03-15,"28,35",6.2
The Man with the Iron Fists 2,2015-03-10,"28,12",5.5
Woman's World,1954-09-30,18,7.1
Good Kids,2016-07-29,35,6.3
Sweethearts,2024-10-31,35,5.7
Trapped,2002-09-20,"28,80,53,18",6.2
Killing Gunther,2017-09-22,"28,35",4.8
Blue Gender: The Warrior,2002-11-20,"16,878",5.6
The Moment You Fall in Love,2016-12-17,"18,16,10749,35",7.5
Thank You for Your Service,2017-10-26,"18,10752",6.5
Operation Mincemeat,2022-04-01,"10752,36,18",6.5
Born to Race,2011-03-19,28,6.9
Humanist Vampire Seeking Consenting Suicidal Person,2023-10-13,"10749,35,14,27",7.4
24 Hour Party People,2002-02-13,"35,18,10402",7.0
Kill Me If You Dare,2024-02-13,"35,10749",5.4
Payback,1999-02-05,"28,18,80,53",6.8
Attack on Titan,2022-09-30,"878,28",6.0
Muppets Haunted Mansion,2021-10-08,"35,10751,10770",6.4
Max Keeble's Big Move,2001-10-05,"35,10751",5.8
Dragons Forever,1988-02-11,"28,35,10749",7.3
Pink Flamingos,1972-03-17,"35,80",6.2
Kung Pow: Enter the Fist,2002-01-25,"35,28",6.4
Girls State,2024-01-18,99,7.2
Apt Pupil,1998-10-23,"18,53",6.5
The Dark Crystal,1982-12-17,"12,10751,14",7.1
She Came to Me,2023-10-06,"10749,35,18",6.2
Employee of the Month,2006-10-06,"35,10749",5.6
Rubber,2010-11-09,"35,18,14,27,9648",5.9
Hoodlum,1997-08-27,"80,18",6.4
The Guns of Navarone,1961-04-27,"10752,12,53,28",7.3
Grudge Match,2013-12-25,35,6.1
Jade,2024-05-05,"28,53",4.9
Grudge Match,2013-12-25,35,6.1
Jade,2024-05-05,"28,53",4.9
Godzilla vs. Hedorah,1971-07-24,"878,28,27",6.8
LEGO Scooby-Doo! Haunted Hollywood,2016-01-28,"16,10751,35,9648",7.3
Fruitvale Station,2013-07-26,18,7.4
Barbie Presents: Thumbelina,2009-02-24,"16,10751",6.6
Live Flesh,1997-10-10,"18,10749,53",7.1
Sgt. Bilko,1996-03-29,35,5.8
Little White Lies,2010-10-20,"35,18",7.1
Inheritance,2024-06-19,"35,9648",5.2
Outrage Coda,2017-10-07,"28,12,80,53,18",6.8
Grey Eyes,2018-05-11,"28,878",5.7
Scooby-Doo! and Kiss: Rock and Roll Mystery,2015-07-09,"10751,16,35,9648",8.0
Eden of the East Movie I: The King of Eden,2009-11-28,"16,18,9648,878",7.0
The Hills Have Eyes,1977-07-22,"27,53",6.2
Pay It Forward,2000-10-20,18,7.3
Fright Night,1985-08-02,"35,27",7.0
Between Two Ferns: The Movie,2019-09-20,35,6.0
Super Furball Saves the Future,2022-10-14,"10751,12",6.3
School Dance,2014-07-02,"35,10402,18",7.4
A Stork's Journey,2017-04-28,"16,10751,14,12,35",6.0
North Sea Hijack,1980-02-18,28,6.2
Bordertown,2007-02-22,"80,18,9648,53",6.3
A Chinese Ghost Story,1987-07-18,"14,28",7.3
Lake Placid 3,2010-10-06,"27,28,878,53",5.0
Paris Is Burning,1991-03-13,99,8.0
Alien from the Darkness,1997-01-24,"16,27,878",6.0
Munna Michael,2017-07-20,"10402,28",5.9
Notes on a Scandal,2006-12-25,"18,10749",7.1
Never Look Away,2018-10-03,"18,10749,36",7.8
Yojimbo,1961-04-25,"18,53",8.1
Wheelman,2017-10-20,"28,80,53",6.1
Wind,1992-09-11,"28,18",6.3
Mr. Jones,1993-10-08,"18,10749",5.8
Tim Dillon: I'm Your Mother,2025-04-14,35,5.8
Superman: Doomsday,2007-09-18,"28,16,878",6.7
Little Women,1949-03-10,"10749,18,10751",7.4
Trespass,2011-10-13,53,5.5
Alvin and the Chipmunks Meet the Wolfman,2000-08-29,"10751,14,35,16,10402",6.8
The Quiet Man,1952-07-21,"10749,35,18",7.3
Fat Slags,2004-10-15,35,3.1
3 Men and a Little Lady,1990-11-21,"10751,35",5.9
Jem and the Holograms,2015-10-22,"10402,10751,18",5.5
Wasabi,2001-10-31,"18,28,35",6.6
Bagdad Cafe,1987-11-12,"35,18",7.2
You're Not You,2014-10-10,18,7.4
Love... Reconsidered,2024-02-02,"10749,35",4.3
Into the Storm,2014-08-06,"28,53",6.1
Begin Again,2014-07-03,"35,10402,10749,18",7.2
The Hunting Party,1971-07-16,37,6.2
Marlowe,2023-02-15,80,5.7
The Enforcer,2022-09-22,"28,80,18",7.0
Evil Angels,1988-11-03,18,6.7
Cyrano,2021-04-14,"18,10749",6.4
Dungeons & Dragons: Wrath of the Dragon God,2005-09-01,"28,12,14,10770",4.6
The Gods Must Be Crazy II,1989-07-01,"28,35",7.1
Going Places,1974-03-20,"35,18",6.8
The Tonight Show Starring Jimmy Fallon: 10th Anniversary Special,2024-05-14,"35,99",6.0
Agnes,2021-12-10,"27,18",4.1
Contagion of Fear,2023-05-16,"878,53",6.1
Gone,2012-02-23,"53,18",6.2
The Party at Kitty and Stud's,1970-02-10,"35,18",3.8
Bad Genius,2024-09-12,"18,53",6.6
Deathstalker II,1987-06-03,"28,12,35,14",5.7
David and Goliath,2015-03-13,"28,12,18,14",5.8
Valley Girl,2020-05-08,"35,10749,10402",5.7
How I Live Now,2013-09-10,"18,28,53,10752",6.7
Foxcatcher,2014-11-14,"18,53",6.7
Jarhead 3: The Siege,2016-01-20,"10752,28,18",6.2
The Second Civil War,1997-12-04,"18,35,10770,10752",6.2
GREAT PRETENDER razbliuto,2024-01-09,"16,80,28",6.6
The French Revolution,1989-05-10,"18,10752,36,53",7.6
Butchers,2020-10-15,27,5.1
Beyond the Boundary: I'll Be Here – Past,2015-03-15,"16,14,28,18,35",6.8
The Baytown Outlaws,2012-08-27,"28,35,80",6.0
Matka,2024-11-14,"28,80",5.2
Dismay,2016-10-03,"18,10749",4.4
Central Station,1998-04-03,18,8.1
20th Century Boys: Beginning of the End,2008-08-19,"878,12,9648",6.7
2037,2022-06-08,18,7.4
Origin: Spirits of the Past,2006-01-07,"878,12,16,18,14,10749,28",6.9
Final Fantasy VII: On the Way to a Smile - Episode Denzel,2009-04-16,"16,14",5.6
Inside Man: Most Wanted,2019-09-24,"28,80,53",6.5
Invasión,2024-06-28,"878,18",5.5
Raging Fire,2021-07-28,"28,80,53,12,9648",6.9
The Wanderers,1979-07-13,18,7.0
Cahill: United States Marshal,1973-07-11,"18,37",6.1
Friday the 13th Part VIII: Jason Takes Manhattan,1989-07-28,"27,53",4.9
Suck Me Shakespeer,2013-11-07,35,7.0
The Pilgrim's Progress,2019-04-18,"16,12",7.6
TIGER & BUNNY: The Beginning,2012-09-22,"16,28,878",6.6
Death Note,2006-06-17,"14,9648,53",7.1
Sink or Swim,2018-10-24,"18,35",6.9
Brad's Status,2017-09-14,"35,18",6.2
Ricki and the Flash,2015-07-10,"35,18,10402",5.8
Braindead,1992-08-13,"27,35",7.4
Gangster Land,2017-12-01,"53,80,28,18,36",5.4
Scooby-Doo! Curse of the Lake Monster,2010-10-16,"9648,14,35,12",6.1
Crayon Shin-chan: The Legend Called Buri Buri 3 Minutes Charge,2005-04-16,"16,35",7.6
Crayon Shin-chan: The Legend Called Buri Buri 3 Minutes Charge,2005-04-16,"16,35",7.6
Where the Wild Things Are,2009-10-16,"10751,14,18,12",6.5
FX's A Christmas Carol,2019-12-19,"18,14",7.2
Irish Wish,2024-03-14,"10749,35,14",6.2
Demon City Shinjuku,1988-10-26,"28,14,16,27",6.0
The Man Who Would Be King,1975-12-03,"12,18",7.5
50 Greatest Harry Potter Moments,2011-07-27,99,7.5
Sorry We Missed You,2019-10-04,18,7.3
The Dirt on Soap,2000-01-01,"16,10751",10.0
The Mighty Quinn,1989-02-17,"28,80,18,9648,53",6.1
When I'm Ready,2025-02-07,"10749,18,878",7.7
All About Eve,1950-11-09,18,8.1
Dead Rising: Endgame,2016-06-20,"28,27",5.2
Crooklyn,1994-05-13,"35,18",6.8
Improper Conduct,1994-09-27,53,4.2
Private Obsession,1995-03-07,"18,53",4.0
Urusei Yatsura: Remember My Love,1985-01-26,"878,16,35,14,10749,10751",5.5
All Nighter,2017-03-10,"35,18",5.7
Bed Rest,2023-02-10,27,6.3
Good Luck Chuck,2007-09-21,"35,10749",5.9
The Rhythm Section,2020-01-31,"28,53",5.5
Bird Box Barcelona,2023-07-14,"53,878,27",5.9
Daddy Day Care,2003-05-09,"35,10751",5.9
ARQ,2016-09-16,"878,53",6.1
Snow White and 7 Wise Men,1982-04-03,35,5.0
All Monsters Attack,1969-12-20,"14,878,10751",5.1
Lover Come Back,1961-12-20,"35,10749",6.9
Who Finds a Friend Finds a Treasure,1981-12-09,"28,12,35",6.9
Johnson Family Vacation,2004-04-07,"35,10751",5.5
Metro,1997-01-16,"28,12,35,80,53",5.7
Valley of the Dolls,1967-12-27,"18,10749",6.0
Ghost in the Shell: Arise - Border 4: Ghost Stands Alone,2014-09-06,"28,16,878,80",7.0
Rogue Trader,1999-06-25,"18,36,53",5.9
Emma,1996-10-02,"35,18,10749,10770",6.6
The Whole Ten Yards,2004-04-07,"35,53,80",5.7
Pavada,2016-01-15,"35,18",5.8
Ulysses,1954-10-06,"12,14",6.5
All My Life,2020-10-23,"10749,18",7.8
Men in the City 2,2015-12-17,"10749,35",5.4
All My Life,2020-10-23,"10749,18",7.8
Men in the City 2,2015-12-17,"10749,35",5.4
Mobile Suit Gundam: The Origin IV – Eve of Destiny,2016-11-19,"16,878,28",7.4
Battlestar Galactica: Razor,2007-11-12,"878,28,18,53,10770",7.2
Night of the Hunted,2023-10-12,"27,9648,53",6.0
Johnny Mnemonic,1995-05-26,"878,28,12",5.8
I Am: Celine Dion,2024-06-18,"99,10402",7.8
Pretty in Pink,1986-02-28,"10749,18,35",6.7
All Saints,2017-08-25,"18,35",6.2
Wildling,2018-04-13,"27,14,53,18",5.4
The Order,2001-05-05,"12,28,35",5.1
The Gigolo: Dochinpira,1993-08-27,16,5.4
The Girl Next Door 2,2018-12-14,10749,6.9
Evangelion: 2.0 You Can (Not) Advance,2009-06-26,"16,878,28,18",7.8
Lennon or McCartney,2014-12-12,"99,10402",5.3
Sissi: The Fateful Years of an Empress,1957-12-18,"10749,18,36",7.2
High School Fleet Movie,2020-01-18,"16,28,18,878",4.3
An American Crime,2007-07-27,"80,18,27",7.3
The Substitute 2: School's Out,1998-08-01,"28,9648,53,80,10770",5.9
The Substitute 2: School's Out,1998-08-01,"28,9648,53,80,10770",5.9
Sniper: Legacy,2014-09-30,"53,28",5.9
Führer and Seducer,2024-07-11,"36,18",6.7
The Science of Interstellar,2014-11-13,99,6.8
Don't Kill It,2016-08-27,"14,27,28",6.0
Beyond The Sky,2018-09-21,"878,27,9648,53",5.0
My Fake Boyfriend,2022-06-10,"35,10749",5.9
The Comeback Trail,2020-11-12,"35,80",5.9
Hollow Man II,2006-05-23,"27,53,878",4.9
The Master and Margarita,2024-01-25,"18,14",7.0
Happy New Year,2014-10-24,"28,35,80,12",6.1
Grimcutty,2022-10-10,27,5.1
Persuasion,2022-07-01,"10749,18,35",6.0
"New York, I Love You",2008-09-06,"35,18,10749",5.9
Steel Magnolias,1989-11-15,"35,18,10749",7.2
From Beijing with Love,1994-10-13,"28,35",7.0
Foreign Correspondent,1940-08-16,"53,9648,28",7.0
AKA,2023-04-28,28,6.9
Joan of Arc,1948-12-22,"18,36",6.1
Hitpig!,2024-11-01,"16,35,12,10751",6.1
Spriggan,1998-09-05,"28,16,878",6.1
8-Bit Christmas,2021-11-24,"10751,35,14",6.4
Nova: Monster Of The Milky Way,2006-10-31,99,7.0
Honkytonk Man,1982-12-15,"18,10402",6.4
Scooby-Doo and the Alien Invaders,2000-10-03,"16,10751,35,9648,878",7.1
Family Business,1989-12-06,"80,18,35",5.7
My Home Hero the Movie,2024-03-08,"80,9648",8.4
Keanu,2016-04-29,"28,35,80",6.1
Slumber Party Massacre II,1987-10-16,"27,35",5.2
E N V O Y,2014-09-22,878,6.5
Do You See What I See,2024-05-16,"18,27,53",7.0
Acts of Violence,2018-01-12,"28,80,53",5.6
Rosaline,2022-10-11,"10749,18,35",7.1
End of the Road,2022-09-09,"18,53",6.0
Seeds of Yesterday,2015-04-12,"10770,53,18",6.6
Home Team,2022-01-28,"10751,35,18",6.7
Possession: Kerasukan,2024-05-08,"18,27,53",6.6
State and Main,2000-08-26,"35,18",6.3
The Last Legion,2007-04-19,"28,12,14,10752",5.6
Reversi,2024-12-19,"18,878,10749",7.5
Reversi,2024-12-19,"18,878,10749",7.5
Always for Pleasure,1978-05-02,99,7.3
The Amateurs,2006-04-28,35,5.6
Doubt,2008-12-12,18,7.2
The Bad Batch,2017-06-23,"18,27,878,28,9648,10749,53",5.3
A Happy Man,2023-03-25,99,6.2
The Celestine Prophecy,2006-06-01,"10749,18,12",5.0
The Lake House,2006-06-16,"18,9648,10749",7.0
Solarbabies,1986-11-26,"878,28,12",5.3
Three Wishes for Cinderella,2021-11-12,"14,10751",7.0
The Twelve Tasks of Asterix,1976-06-26,"10751,16,35,12",7.3
One Piece: Strong World Episode 0,2010-04-24,"28,16,35",7.3
Torque,2004-01-16,"28,35,80",5.3
Sofia the First: The Floating Palace,2013-11-24,"16,10751,14",7.1
Sudden Death,1995-10-27,"28,18,53,80",6.0
Romance on the High Seas,1948-06-25,"35,10749",6.7
Chocolat,2000-12-22,"35,18,10749",7.0
Dracula,1979-07-20,"27,10749",6.4
King Solomon's Mines,1985-11-22,"28,12,35",5.4
The Birth of a Nation,2016-09-09,18,6.6
In the Heat of the Night,1967-08-02,"80,18,9648,53",7.6
Crayon Shin-chan: Honeymoon Hurricane ~The Lost Hiroshi~,2019-04-19,"16,12,10751",7.1
Wild Hogs,2007-03-02,"28,12,35",6.0
Imperium,2016-08-19,"80,18",6.5
Lupin III: The First,2019-12-06,"12,28,16",7.3
The Hobbit,1977-11-27,"10751,14,16,12,10770",6.6
Over the Sky,2020-11-27,"16,18,14,10749",6.8
Call Northside 777,1948-02-13,"80,18",6.6
The Sleeping Dictionary,2003-01-31,"18,10749",6.5
Da 5 Bloods,2020-06-12,"10752,18",6.5
The Legend of Drunken Master,1994-02-03,"28,35",7.4
Stuart Little 2,2002-07-19,"10751,12,35",5.8
Rounders,1998-09-11,"18,80",7.0
The Keep,1983-12-16,"27,14",5.7
It's My Party,1996-03-22,18,6.3
Daylight,1996-12-06,"28,12,53",6.1
A Christmas Story,1983-11-18,"35,10751",7.2
Wildcat,2024-05-03,18,5.9
The White Crow,2018-08-31,18,6.6
The Most Hated Woman in America,2017-03-24,"80,18",6.2
Return to Halloweentown,2006-10-20,"10751,14,35,10770,28",6.7
Dogma,1999-11-12,"14,35,12",6.9
May the Devil Take You,2018-08-09,"27,9648,53",6.3
3 Ninjas,1992-08-07,"10751,28,12,35",5.7
Flavors of Youth,2018-08-04,"16,10749,18",6.9
West Side Story,1961-12-13,"80,18,10749",7.2
Wiener-Dog,2016-06-24,"35,18",5.6
Even Cowgirls Get the Blues,1994-05-13,"35,18,10749,37",4.4
Young Guns,1988-02-17,"37,28,12",6.7
Rang De Basanti,2006-01-26,"35,18,36,10749",7.1
Blood Brothers: Dragon's Embers,2025-04-10,"28,80,18,53",7.5
Reunion,2024-04-13,"35,9648",6.2
Day of the Dead,1985-07-03,"27,18,9648",7.0
Trance,2013-03-27,"53,80,18,9648",6.6
Crayon Shin-chan: Shrouded in Mystery! The Flowers of Tenkazu Academy,2021-04-23,16,7.8
Day of the Dead,1985-07-03,"27,18,9648",7.0
Trance,2013-03-27,"53,80,18,9648",6.6
Crayon Shin-chan: Shrouded in Mystery! The Flowers of Tenkazu Academy,2021-04-23,16,7.8
Excess Baggage,1997-08-29,"28,35,80",6.0
Tour de Pharmacy,2017-07-08,"35,10770",6.8
Star Trek V: The Final Frontier,1989-06-09,"878,28,12,53",5.7
The Times of Harvey Milk,1984-10-07,99,7.3
Magpie,2024-10-25,"53,18",6.2
Rocky Aur Rani Kii Prem Kahaani,2023-07-28,"35,18,10751,10749",6.3
Europa Report,2013-06-27,"878,53",6.3
The 39 Steps,1935-06-06,"9648,53",7.3
Scooby-Doo! Music of the Vampire,2012-03-07,"10751,16,9648,12,35,14",7.7
Wicked City,1987-04-19,"16,28,14,27",6.7
Trauma Center,2019-12-06,"28,53",5.5
Bade Miyan Chote Miyan,2024-04-11,"28,878,53",6.7
Barbershop 2: Back in Business,2004-01-20,"35,18",6.0
Real Life,1979-03-02,35,6.6
Just One of the Guys,1985-04-26,"35,10749",6.5
Doraemon: Nobita and the Winged Braves,2001-03-10,"10751,16,12,878,14",7.4
The Haunted Mansion,2003-11-26,"53,14,35,10751,9648",5.7
Kingdom 2: Far and Away,2022-07-15,"28,12,10752",7.2
100 Candles Game: The Last Possession,2023-11-09,27,6.2
Meet the Blacks,2016-04-01,35,4.7
How to Rob a Bank,2024-06-04,"99,80",6.6
Creep,2004-08-10,"27,53,9648",5.9
Parting Shots,1999-05-14,"10749,80,35",6.1
Wild Strawberries,1957-08-28,18,8.1
Harriet the Spy,1996-07-10,"35,18,10751",6.0
TIGER & BUNNY: The Rising,2014-02-08,"28,16,878",6.2
LEGO: The Adventures of Clutch Powers,2010-05-28,"28,12,16,10751",5.9
The Second Wife,1998-11-05,"35,10749",5.6
The Mercenary,2020-01-07,28,6.2
Looker,1981-10-30,"878,53",6.1
Winnie the Pooh: Springtime with Roo,2004-03-09,"12,16,35,10751",6.8
Hope Gap,2019-10-03,18,6.3
Two Moon Junction,1988-04-29,"18,10749",6.0
The Three Musketeers,1993-11-11,"28,12,35,10749",6.4
"To Sir, with Love",1967-06-14,18,7.5
Time Freak,2018-11-09,"878,35,10749",6.7
George of the Jungle,1997-07-15,"12,35,10751,10749",5.6
"To Sir, with Love",1967-06-14,18,7.5
Time Freak,2018-11-09,"878,35,10749",6.7
George of the Jungle,1997-07-15,"12,35,10751,10749",5.6
Spoiler Alert,2022-12-02,"10749,35,18",7.1
Just Friends,2005-11-23,"35,10749",6.2
Step Up All In,2014-07-16,"10749,18,10402",6.8
Unbroken: Path to Redemption,2018-09-14,18,6.6
Jack and the Cuckoo-Clock Heart,2014-02-05,"16,10749,12,18,14",7.2
Days of Wine and Roses,1963-02-04,"18,10749",7.5
Grafted,2024-09-12,27,5.2
Hellraiser: Judgment,2018-02-13,"27,53",5.2
The King of Fighters,2009-11-05,"28,53,878",4.8
A Chinese Torture Chamber Story,1994-05-19,"27,35,18",5.7
Cadillac Records,2008-12-05,"18,36,10402",7.1
Martian Successor Nadesico: The Motion Picture - Prince of Darkness,1998-08-08,"16,878,18,28",7.3
Shockwave: Countdown to Disaster,2017-09-02,"28,878,12,53",5.6
Falling Inn Love,2019-08-29,"10749,35",6.5
Space Brothers: Number Zero,2014-08-09,"16,18,878",7.8
Visions,2015-08-28,"27,9648",5.3
"White Planet, our South Pole",2013-06-01,"99,12",7.0
Spring Breakers,2013-03-06,"18,80",5.2
The White Tiger,2021-01-13,18,7.0
Uncle Boonmee Who Can Recall His Past Lives,2010-06-25,"18,14",6.6
Beastie Boys Story,2020-04-24,"10402,99",7.5
The Bad and the Beautiful,1952-12-25,"18,10749",7.3
The Twin,2022-04-06,"27,9648",5.8
Grosse Pointe Blank,1997-04-11,"28,35,53,10749",6.9
Empire of the Ants,1977-06-29,"27,878",4.9
Call Me Alma,2023-08-10,18,5.2
Last Vegas,2013-10-31,35,6.4
Once Upon a Snowman,2020-10-23,"16,10751,35,14",6.9
Killer Joe,2012-06-07,"80,53,18",6.5
Maggie's Plan,2016-04-27,"18,10749",5.7
Frank and Penelope,2022-06-03,"53,27,80",7.3
Brick Mansions,2014-04-22,"28,80,18",5.9
The Inheritance,2024-07-12,27,5.8
Have a Good Trip: Adventures in Psychedelics,2020-05-11,"99,35",6.7
Monkey Shines,1988-07-29,"27,878,18,53",6.3
The Last Sunset,1961-06-08,"37,18",6.8
The Taste of Money,2012-05-17,18,5.6
Tom and Jerry: The Lost Dragon,2014-07-27,"16,35,10751,14",6.0
Come Away,2020-11-12,"14,12",5.8
Abbé Pierre - A Century of Devotion,2023-11-08,36,6.5
"OOO, Den-O, All Riders: Let's Go Kamen Riders",2011-04-01,"28,12,878,18,14",6.0
"Hello, My Name Is Doris",2015-11-27,"35,18,10749",6.4
The Kid Detective,2020-10-16,"35,18,9648",6.6
Good Advice,2001-11-15,"35,10749",5.9
Cinderella,1997-11-02,"10770,10751,14,10402,10749",6.5
Six Degrees of Separation,1993-12-08,"9648,18,35",6.4
Q & A,1990-04-27,"28,53,80",5.8
In Dubious Battle,2016-10-08,18,5.9
Never Let Go,2015-08-28,"18,28,53",5.6
Granit,2021-12-29,"28,10752",7.2
Denial,2016-09-30,"18,36",6.9
Hunting & Gathering,2007-03-21,"10749,18",6.6
The Diary of Anne Frank,1959-03-18,"18,36",7.2
Denial,2016-09-30,"18,36",6.9
Hunting & Gathering,2007-03-21,"10749,18",6.6
The Diary of Anne Frank,1959-03-18,"18,36",7.2
Straw Dogs,2011-09-16,"18,53",5.9
Paul Blart: Mall Cop 2,2015-04-16,"28,35,10751",5.2
The Cincinnati Kid,1965-10-15,18,7.0
Body Snatchers,1993-06-09,"27,878",6.1
The Secret: Dare to Dream,2020-04-16,"18,10749",7.3
Holly's Holiday,2012-12-08,"35,10749,14,10770",5.3
The Loved Ones,2010-08-04,27,6.7
Häxan,1922-09-18,"99,27,36",7.6
The Darjeeling Limited,2007-09-07,"12,18,35",7.2
Archive,2020-08-13,"878,18,14,53",6.3
Emperor of the North,1973-05-23,"12,18,28,53",6.7
Something from Tiffany's,2022-12-08,"10749,35,18",6.7
Alex Strangelove,2018-04-16,"35,18",6.6
Extreme Prejudice,1987-04-24,"28,53,80,18,37",6.2
The 4:30 Movie,2024-09-13,"35,10749",5.5
LEGO Scooby-Doo! Blowout Beach Bash,2017-07-11,"16,35,10751,9648",7.3
Boarding House,2014-02-25,10749,4.5
Boarding House,2014-02-25,10749,4.5
Sacred Seven: Shirogane no Tsubasa,2012-06-07,"16,28",8.0
Donselya,2024-10-29,"18,10749",6.6
Hope,1997-10-19,"10770,18",5.2
Finders Keepers,2014-10-18,"9648,53,27",4.8
Lion of the Desert,1981-04-17,"36,10752,18",7.3
Friend Request,2016-01-07,"27,53",5.6
Vama Veche Retreat,2024-10-18,"35,18",6.7
Swung,2015-06-19,"10749,18",5.5
Youth in Revolt,2009-09-11,"35,10749,18",6.2
Praise This,2023-04-07,"10402,10749,35",7.0
Sacred Mask,2023-07-12,"18,28",10.0
Bhool Bhulaiyaa,2007-10-12,"35,27,53",6.6
Sweet and Lowdown,1999-12-03,"35,18,10402",6.8
Aquaman: Heroines of Atlantis,2019-03-26,99,6.2
Dead Heart,1996-09-08,"9648,53,18",6.0
Braddock: Missing in Action III,1988-01-22,"28,10752",5.7
Manjummel Boys,2024-02-22,"12,53,18",7.7
Aquamarine,2006-03-03,"14,10749,10751,35",6.4
Destination Wedding,2018-08-02,"10749,35,18",5.8
Amazon Hot Box,2018-06-15,"27,28,18",4.0
The Tiger,2015-12-16,"28,36,12,18",7.7
Hope Springs,2012-08-07,"18,35,10749",6.3
In the Middle of the Night,1984-03-09,"18,35",6.5
Path to War,2003-10-28,"18,36,10770",6.7
Hot Tamale,2006-04-23,"28,35,80,53",5.3
3 Days to Kill,2014-02-14,"28,18,53",6.1
Intrusion,2021-09-22,"18,9648,53",6.0
Jailer,2023-08-10,"28,80,53,35,12",6.7
Asphalt City,2024-03-28,"53,18",6.1
The Wrong Man,1956-12-22,"80,18",7.1
Vox Lux,2018-09-07,"18,10402",5.8
Maybe I Do,2023-01-27,"35,10749,18",5.5
Neon Genesis Evangelion: Death and Rebirth,1997-03-15,"16,18,878",7.4
Sexual Predator,2001-12-04,"18,53",4.9
Never Talk to Strangers,1995-10-20,"53,10749",5.2
My Depression (The Up and Down and Up of It),2014-04-17,"16,99,10402",7.4
The Big Blue,1988-05-10,"10749,18,12",7.5
Evaru,2019-08-15,"53,80",7.0
Beyond the Poseidon Adventure,1979-05-18,"28,12,18",5.0
Le Trou,1960-03-18,"18,53,80",8.2
The Exorcist III,1990-08-17,27,6.3
Glory Road,2006-01-13,"18,36",7.4
Asterix and the Vikings,2006-04-12,"10751,16,35,12",6.1
Senza vergogna,1986-03-19,18,5.0
Delusions of Grandeur,1971-12-08,"35,36",7.4
We're No Angels,1989-06-02,"35,80",6.1
Lord of the Flies,1963-08-13,"18,12,53",6.7
Troop Beverly Hills,1989-03-24,"10751,12,35",5.7
Embrace of the Serpent,2015-05-25,"18,12",7.7
Crayon Shin-chan: Very Tasty! B-class Gourmet Survival!!,2013-04-19,16,7.5
"Bah, Humduck!: A Looney Tunes Christmas",2006-11-14,"16,35,10751",7.2
Irma la Douce,1963-06-05,"10749,35",7.4
Crayon Shin-chan: Dengeki! Buta no Hizume Daisakusen,1998-04-18,"16,35",6.2
Zoombies,2016-04-29,"878,28,27",5.1
Yoga Hosers,2016-07-08,"35,14,27,28,9648",4.7
The Sky Is Everywhere,2022-02-11,"18,10749,10402",5.8
Mini's First Time,2006-07-14,"35,80,18",5.6
Disney 100: A Century of Dreams – A Special Edition of 20/20,2023-12-14,99,6.4
No Man of God,2021-08-19,"80,18,53,36",6.6
101 Dalmatians II: Patch's London Adventure,2003-03-02,"10751,16,12,35",6.0
Nowhere Boy,2009-12-25,18,7.2
I Married a Witch,1942-10-30,"35,10749,14,27",6.8
The Way West,1967-05-24,"28,12,18,37",6.0
An Egypt Affair,2023-04-27,"12,10749,9648",7.7
The Runaways,2010-03-19,"10402,18,36",6.5
The Queen's Corgi,2019-02-13,"10751,16,35",5.9
Air Buddies,2006-12-12,"12,35,10751",5.9
Paradise Hills,2019-08-29,"14,878,53",6.0
Everybody Knows,2018-05-09,"80,9648,53",6.5
A Sacrifice,2024-06-28,53,5.5
Another Happy Day,2011-11-18,"35,18",5.6
Pitch Black,2000-02-18,"53,878,28",6.8
Scrapper,2023-08-25,"35,18",6.7
The Bronze,2016-01-22,"18,35",6.1
Stratton,2017-07-06,"28,53",5.0
Hellfighters,1968-11-27,"28,12,10749",6.3
On a Magical Night,2019-10-09,"35,18",6.3
The Hot Spot,1990-10-12,"10749,80,53",6.3
With Byrd at the South Pole,1930-06-19,99,6.4
Congo,1995-06-09,"28,12,878",5.6
The Fearless Vampire Killers,1967-11-13,"35,27",7.0
The Mighty Macs,2011-10-21,18,5.3
Delicatessen,1991-04-17,"35,878,14",7.3
Full Speed,2016-11-11,"10751,35,28",6.0
Cloud,2024-09-27,"18,80,53",6.7
Hands of Stone,2016-08-26,18,6.6
The Survivalist,2015-04-15,"18,878,53",6.2
Silent Night,2021-12-03,"35,878,27",5.9
Mars Express,2023-11-22,"16,878,28,9648",7.5
Rita,2024-10-25,18,6.4
Scorpio Nights 3,2022-07-28,53,6.4
Piper,2016-06-16,"10751,16",8.1
Scooby-Doo! Frankencreepy,2014-08-05,"16,10751,9648,35,878",7.7
You Are the Apple of My Eye,2025-02-21,"10749,18,35",9.0
Brave Story,2006-05-22,"16,12,9648,14",6.3
Viceroy's House,2017-03-03,"18,36",6.7
Jeffrey,1995-08-18,"35,18,10749",6.3
Jeffrey,1995-08-18,"35,18,10749",6.3
eX-Driver the Movie,2002-04-20,"28,16",6.0
Young Lust,1984-04-27,35,1.0
"Rome, Open City",1945-10-08,"18,10752",8.0
Warlock,1959-05-15,37,6.7
STAR DRIVER: The Movie,2013-02-09,"16,28,12,10749,18,878",5.9
The Cellar,2022-03-25,"27,9648",6.5
Viral,2016-02-18,"18,27,878",5.6
Borg vs McEnroe,2017-09-08,"18,36",6.9
Attack of the Killer Tomatoes!,1978-10-01,"35,27,878",5.0
Trafficked,2017-10-06,18,6.8
Sunray: Fallen Soldier,2025-01-24,"28,53",5.3
What the Peeper Saw,1972-10-14,"27,18,53",5.9
A Place Called Silence,2024-07-03,"80,9648,53",6.7
The Hunchback of Notre Dame II,2002-02-06,"16,10751,35",5.4
The Last King of Scotland,2006-01-12,18,7.4
The War Wagon,1967-05-26,"37,28,80",6.8
IO,2019-01-18,878,5.0
Volcano,1997-04-25,"878,28,18,53",5.9
The Corruptor,1999-03-12,"28,80,53,18",6.1
UHF,1989-07-21,35,6.7
Spencer,2021-11-04,"18,36",6.8
Careful What You Wish For,2015-05-06,"18,53",6.1
The Brood,1979-05-25,"27,878",6.7
Fall in Love at First Kiss,2019-02-14,"10749,35",6.6
Mr. Blandings Builds His Dream House,1948-03-25,35,7.0
Night Cries: A Rural Tragedy,1990-12-31,18,4.7
Star Trek: Insurrection,1998-12-11,"878,28,12,53",6.4
A Snake of June,2003-06-13,"10749,18,53",6.8
The First Time,2012-10-19,"18,35,10749",7.0
The Alcove,1985-01-21,"18,10749,53",5.3
Day of the Woman,1978-11-02,"27,53",6.0
Dads,2019-09-06,99,6.7
Against All Odds,1984-03-02,"80,18,10749,53",5.7
Imitation of Life,1959-06-26,"18,10749",7.4
Adam,2009-07-07,"18,10749",6.8
Bosco,2024-02-02,"18,53",6.8
Eyes Without a Face,1960-01-11,"18,27,53",7.6
"Literally, Right Before Aaron",2017-04-22,"18,35",4.9
Puberty: Sexual Education For Boys and Girls,1991-01-01,99,6.5
Obsession,2015-06-04,"10749,53",6.3
Kill List,2011-09-02,"27,53,80",6.2
Betrayed,1988-08-26,"53,80,18",6.0
Kill the Jockey,2024-09-26,"35,80,18",6.5
Intolerance: Love's Struggle Throughout the Ages,1916-09-04,"18,36",7.1
Non Non Biyori: Vacation,2018-08-25,"35,16,12,18",7.8
"Justice League x RWBY: Super Heroes & Huntsmen, Part Two",2023-10-17,"16,28,14,12",6.7
Eyewitness,1981-02-13,53,5.6
Tom and Jerry's Giant Adventure,2013-08-04,"16,35,10751,14",5.8
A Woman Under the Influence,1974-11-18,"18,10749",7.8
Crayon Shin-chan: Intense Battle! Robo Dad Strikes Back,2014-04-19,"35,16",7.7
Secret Things,2002-10-16,18,5.7
Future World,2018-05-25,878,4.4
Little Shop of Horrors,1986-12-19,"27,35",7.0
Half Brothers,2020-12-04,"35,18",7.3
40 Days and 40 Nights,2002-03-01,"35,10749",5.5
Sonatine,1993-09-10,"28,80,53",7.5
Female Leopard,1985-12-27,18,5.4
Sonatine,1993-09-10,"28,80,53",7.5
Female Leopard,1985-12-27,18,5.4
The Vatican Tapes,2015-07-23,"53,27",5.3
Backcountry,2015-03-20,"27,53,18",5.9
The Hallow,2015-11-06,"14,27",5.7
My Week with Marilyn,2011-11-23,"18,10749",6.7
Fletch,1985-05-31,"35,80,9648",6.7
"The Long, Hot Summer",1958-05-17,18,7.1
Memory,2023-12-22,18,7.2
Meet the Browns,2008-03-21,"18,35,10749",6.7
Kung Fu Panda: Secrets of the Scroll,2016-01-05,"16,10751,35",6.8
Goon: Last of the Enforcers,2017-03-17,35,5.7
Shampoo,1975-02-11,"35,18",6.0
Farewell My Concubine,1993-01-01,18,7.9
Destroy All Monsters,1968-08-01,"878,28",6.9
Emma and Eddie: A Working Couple,2024-04-25,"99,18",5.5
What We Do in the Shadows,2014-06-19,"35,27",7.6
Pollyanna,1960-05-19,"35,18,10751",7.0
The Anderson Tapes,1971-06-17,"80,53,18,28",6.1
First Reformed,2018-05-18,18,7.0
The Adventures of Maid Marian,2022-05-09,"12,28",4.8
Doraemon: Nobita's Dorabian Nights,1991-03-09,"16,12,14,10751",7.3
Mobile Suit Zeta Gundam - A New Translation III: Love is the Pulse of the Stars,2006-03-04,"28,16,878,10752",6.5
La Classe américaine,1993-12-31,"35,10770",7.6
Relative Strangers,2006-05-01,35,5.2
The Great Hack,2019-01-26,99,6.9
The Perfect Match,2016-03-11,"10749,35",5.5
September Says,2025-02-19,18,5.8
The Last Man on Earth,1964-05-06,"27,878,18",6.6
A Fall from Grace,2020-01-17,"18,53,9648",7.0
Happy Birthday to Me,1981-05-15,"27,9648",6.0
Armour of God,1986-08-16,"12,28,35",7.1
The Score,2001-07-13,"28,80,53,9648,18",6.7
Digimon Adventure tri. Part 3: Confession,2016-09-24,"12,28,16,10751,14,878",7.0
Harry Potter: A History Of Magic,2017-10-28,99,7.3
Group Sex,2010-08-24,"35,10749",5.9
PERSONA3 THE MOVIE #2 Midsummer Knight's Dream,2014-06-07,"12,28,16,18,14,878",7.4
Haunting of the Queen Mary,2023-07-21,"27,53,9648",5.3
Perfect Romance,2004-06-07,"10749,35",5.8
Left Behind,2000-10-30,"18,14,878,53",4.2
Left Behind,2000-10-30,"18,14,878,53",4.2
The Invisible,2007-04-27,"14,53,9648",6.3
The Dive,2023-08-24,"53,12",6.3
Pariah,2011-12-27,18,6.9
A Part of You,2024-05-31,18,6.7
The Yellow Sea,2010-12-22,"18,53,80",7.3
Stonewall,1995-12-26,"10749,18,35,36",6.1
Doraemon: Nobita and the Tin Labyrinth,1993-03-06,"12,16,10751",7.2
Hunters,2021-09-13,28,6.0
The Dirty Dozen,1967-06-15,"28,12,10752",7.6
The Last Laugh,2016-04-18,99,6.9
The Poison Rose,2019-05-23,"53,80",4.7
The Marine 3: Homefront,2013-03-05,28,6.2
Curious George 2: Follow That Monkey!,2009-08-07,"16,10751",6.6
Succubus,2024-10-06,"27,53",9.6
The Replacements,2000-08-11,35,6.7
"Wake Up, Ron Burgundy: The Lost Movie",2004-12-28,35,6.0
World's Best,2023-06-23,"10402,10751,35",6.2
Books of Blood,2020-10-07,"27,878",6.3
Books of Blood,2020-10-07,"27,878",6.3
Only You,2019-07-12,"18,10749",6.7
Shadow Conspiracy,1997-01-25,53,5.0
Unconditional,2012-09-21,18,6.6
Battlefield Earth,2000-05-12,"878,28,12",3.3
Lucifer,2019-03-28,"28,18,53",7.1
Wild Orchid II: Two Shades of Blue,1991-10-31,"18,10749",5.2
The Taste of Tea,2004-07-17,"35,18",7.5
Jane Eyre,1996-01-20,"18,10749",6.9
8 Million Ways to Die,1986-04-25,"53,80",5.5
Waking the Dead,2000-03-24,"9648,18,10749",6.1
Wings of Desire,1987-09-23,"18,14,10749",7.8
Rookie of the Year,1993-07-07,"10751,35",6.2
Moving Violations,1985-04-19,35,5.5
The Big 4,2022-12-19,"28,35,80,53",6.8
Black Fox,2019-10-05,"16,28,18,878",6.8
Onegin,1999-12-22,"18,10749",6.2
Worth,2021-07-21,"36,18",6.7
King of Painting,2025-03-21,"12,878",5.8
Aunt's Temptation 2,2019-07-05,18,5.6
Balto: Wolf Quest,2002-04-30,"10751,16,12",6.3
Leave,2022-10-28,"27,53",5.8
Only God Forgives,2013-05-30,"18,53,80",5.8
The Pope of Greenwich Village,1984-06-22,"28,35,80",6.3
Long Gone Heroes,2024-09-20,"28,10752,80",5.5
The Journey,2021-06-25,"16,28,14",6.6
A Trip to the Moon,1902-06-15,"12,878",7.9
My Annoying Brother,2016-11-24,"18,35",8.0
They Cloned Tyrone,2023-06-14,"35,878,9648",6.6
The Making of a Japanese,2024-04-05,99,8.5
Scooby-Doo! and the Reluctant Werewolf,1988-11-13,"16,10751,10770,9648,35",7.4
Smokin' Aces 2: Assassins' Ball,2010-01-19,"28,35",5.3
Ozzy,2016-10-14,"16,10751",6.0
Meet Wally Sparks,1997-01-31,35,4.8
The Tuxedo,2002-09-27,"53,28,35,878",5.7
Lap Dance,2014-12-05,18,4.5
Bride Wars,2009-01-09,"35,10749",6.2
Why Did I Get Married?,2007-10-12,"35,18",6.6
Twilight Zone: The Movie,1983-06-24,"27,14,878",6.5
The Uninvited,2009-01-30,27,6.5
14 Blades,2010-02-04,"18,28,53",6.3
Zenon: Girl of the 21st Century,1999-01-23,"10751,12,35,878,10770",6.1
The Falcon and the Snowman,1985-01-25,"53,18,80",6.5
The Long Gray Line,1955-01-04,"35,18",7.0
Mad God,2021-09-17,"16,14,27,878,10752",6.9
Sex Doll,2016-12-07,"18,53,9648",5.8
Class Act,1992-06-05,"35,18",6.1
G-Force,2009-07-24,"16,10751,14,28,12,35,878",5.5
A Nonsense Christmas with Sabrina Carpenter,2024-12-05,10402,6.5
Mobile Suit Gundam F91,1991-03-16,"16,878",6.5
From Straight A's to XXX,2017-02-11,"18,10770",5.9
The Big Picture,1989-09-15,"35,10749,18",5.8
Being James Bond,2021-08-29,99,7.7
The Color of Pomegranates,1969-10-01,"18,36",7.4
"Torrente, the Dumb Arm of the Law",1998-03-13,"35,80",6.4
Gaia,2021-06-18,"27,14,18",5.9
When a Stranger Calls,1979-09-28,"27,53",6.2
TRON: The Next Day,2011-03-14,"878,53",5.6
Book Girl,2010-05-01,"16,18,10749",6.4
Book Girl,2010-05-01,"16,18,10749",6.4
Yowamushi Pedal: The Movie,2015-08-28,"28,16",7.5
Only Lovers Left Alive,2013-12-12,"18,10749",7.2
Turbulence,1997-01-09,"28,53,80",5.3
Penitentia,2023-10-06,"18,53,80",6.0
Dancer in the Dark,2000-09-01,"18,80",7.9
Whiteout,2009-09-09,"28,80,9648,53",5.6
Kakushigoto Theatrical Edition,2021-07-09,"16,35",7.6
Avatar: The Deep Dive - A Special Edition of 20/20,2022-12-13,99,7.1
Ice Age: A Mammoth Christmas,2011-11-24,"16,10751,10770",6.5
City Lights,1931-02-06,"35,18,10749",8.3
3 A.M.,2001-07-01,"80,18",5.5
We Have Always Lived in the Castle,2019-05-17,"9648,53",5.5
Friend Zone,2019-02-14,"10749,35",7.2
The Book Thief,2013-11-08,18,7.5
The Curse of Frankenstein,1957-05-20,"27,878",6.8
The Whole Nine Yards,2000-02-18,"35,80",6.4
Monster High: Haunted,2015-03-02,"16,10751,14",7.4
Invasion of Astro-Monster,1965-12-19,"878,28",6.8
My Wife Goes Back to School,1981-07-24,35,4.5
Greed,2019-09-07,"35,18",5.7
A Thin Line Between Love and Hate,1996-04-04,"35,53,80,10749",5.7
Kwaidan,1965-01-06,"27,14,18",7.7
Unconditional Love,2002-08-23,"18,35,53",6.0
Blazing Saddles,1974-02-07,"37,35",7.2
Galaxy of Terror,1981-10-01,"28,12,27,878",5.3
Upstream,2024-08-03,18,6.7
Inland Empire,2006-12-06,"27,53,9648,18,14",7.0
Morning Moon Is Cruel,1981-06-21,18,3.0
Taking Care of Business,1990-08-16,35,6.3
The Legend of the Nahuala,2007-10-31,"16,10751,14,27",7.8
Palmetto,1998-02-20,"80,9648,53",5.9
"Women, Maasai and rangers - The lionesses of Kenya",2022-11-06,99,8.0
Bazooka,2025-04-10,"28,53,80",4.0
Sound! Euphonium the Movie – Welcome to the Kitauji High School Concert Band,2016-04-23,"16,18,10402",5.9
The Hollars,2016-08-25,"35,18,10749",6.3
Save Me,1994-03-23,"9648,53",4.3
Meet Me in Paris,2023-02-10,"10749,35,99",6.6
Silent Trees,2024-12-06,99,8.0
Life-Size,2000-03-05,"10770,10751,35,14",6.4
My Dead Friend Zoe,2025-02-28,"18,35",6.6
Mainstream,2021-05-07,"35,18",6.3
Rampart,2011-11-23,"80,18",5.5
Stop! Or My Mom Will Shoot,1992-02-21,"28,35",5.3
Pup Star: Better 2Gether,2017-08-29,"10751,35,10402",6.2
Super Troopers 2,2018-04-19,"35,80,9648",5.9
Bucky Larson: Born to Be a Star,2011-09-09,35,4.3
First Desires,1983-12-11,"18,10749",4.3
All Eyes Off Me,2022-06-08,18,5.8
Young Hearts,2020-01-24,"10749,35",7.3
And the Oscar Goes To...,2014-02-01,"99,10770",7.0
Duplicity,2009-03-18,"10749,35,80",5.9
The Purity of Vengeance,2018-10-04,"80,53,9648,18",7.2
Persona,1966-10-18,18,8.2
Phantom of the Paradise,1974-10-31,"10402,35,27,14,18,10749,53",7.5
Come Along with Me,1982-02-16,"35,10770",6.0
The Agony and the Ecstasy,1965-09-16,"18,36",7.1
Tom and Jerry & The Wizard of Oz,2011-08-23,"16,35,12,10751,14",6.3
Wonder Park,2019-03-13,"35,16,12,10751,14",6.5
My Little Pony: Equestria Girls - Rainbow Rocks,2014-09-27,"10751,16,10402",8.0
Grumpy Old Santa,2023-09-12,"35,18,10751,10749",6.0
2048: Nowhere to Run,2017-09-14,"878,53,28",6.8
Gods and Generals,2003-02-21,"18,36,10752",6.3
Highlander II: The Quickening,1991-01-13,"14,28,12,878",4.7
Constantine: The House of Mystery,2022-05-02,"16,28,12,27",6.9
The Big Year,2011-10-13,35,6.0
Tabu,2012-04-05,"18,10749",7.1
Meteor,1979-10-19,"878,53,28",5.1
Paradise,1982-03-12,"10749,12",6.1
Audition,2000-03-03,"27,18",7.1
The Electrical Life of Louis Wain,2021-10-21,"18,36,35,10749",6.9
The Fury of a Patient Man,2016-09-09,53,6.6
In the Valley of Elah,2007-09-14,"36,18,53,80,9648",6.8
Trick 'r Treat,2007-12-09,"27,35",7.0
Good,2020-10-22,18,7.2
Hospitals: The White Mafia,1973-08-25,18,6.7
Elvis,1979-02-10,"18,10402,10770,36",6.8
Hospitals: The White Mafia,1973-08-25,18,6.7
Elvis,1979-02-10,"18,10402,10770,36",6.8
Succubus,2024-04-11,"27,53",5.8
Shrek the Musical,2013-09-17,"10402,35,14",7.2
Get Hard,2015-03-26,35,6.0
The End,2024-12-06,"18,14,878",4.9
Bitch Slap,2009-05-16,"18,28,35,53,80",4.8
Dead Dead Demon's Dededede Destruction Part 1,2024-03-22,"16,18,878",8.2
Justin Bieber: Never Say Never,2011-02-11,"10402,99,10751",5.2
All That Heaven Allows,1955-12-25,"18,10749",7.3
Homeward Bound II: Lost in San Francisco,1996-03-08,"12,35,18,10751",6.6
St Trinian's 2: The Legend of Fritton's Gold,2009-12-18,"35,12,10751",5.6
Citizen of a Kind,2024-01-24,"35,80",7.5
Sharpay's Fabulous Adventure,2011-04-19,"10751,10402",6.0
Rogue Warfare,2019-10-04,"10752,28",5.6
Grace of Monaco,2014-04-22,"10749,18",6.0
Twin Sitters,1994-10-01,"35,10751,53",6.3
Barbie Mariposa,2008-02-26,"16,14,10751",6.8
Hey Arnold! The Movie,2002-06-28,"16,35,10751,12,18,53",6.5
Black Girl,1972-11-09,18,7.0
High Plains Drifter,1973-04-19,"37,18,9648",7.3
Silver Skates,2020-12-10,"10749,12,18,10751",7.6
Southern Comfort,1981-09-24,"53,28",6.9
Ghilli,2004-04-17,"28,35,10751,10749",7.1
Barbie: A Fairy Secret,2011-03-01,"16,10751,14",6.9
A Conspiracy of Faith,2016-03-03,"80,18,9648,53",7.0
Sometimes They Come Back,1991-05-07,"27,10770",5.9
La Familia del Barrio: La Película,2024-06-28,"35,16,36,878",8.1
Godzilla vs. King Ghidorah,1991-12-14,"28,12,878",7.0
Divine Secrets of the Ya-Ya Sisterhood,2002-06-07,"35,18",6.1
Cube 2: Hypercube,2002-04-15,"53,878,9648",5.5
Marmaduke,2022-04-28,"16,10751,35,12",5.0
The Bride,1985-08-16,"18,27,10749,878",5.3
Picture of Beauty,2017-03-14,"18,10749",4.4
Bitter Lake,2015-01-24,99,7.6
A Kiss Before Dying,1991-04-26,"9648,53,80",5.6
Taxi 4,2007-02-10,"28,35",5.6
The Current War,2018-02-01,"18,36",6.7
Wolf Warrior,2015-04-02,"28,10752,53",6.2
The Long Walk Home,1990-12-21,"18,36",7.6
Trees Lounge,1996-05-11,"18,35",6.9
Young Adult Matters,2021-04-15,18,6.7
Werewolf: The Beast Among Us,2012-10-09,"18,27,53",5.9
The Confession,1999-03-26,"18,53",5.7
Godzilla vs. Mothra,1992-12-12,"28,12,14,878",6.9
Postcards from the Edge,1990-09-14,"35,18",6.6
The Diving Bell and the Butterfly,2007-05-23,"18,36",7.6
Pom Poko,1994-07-16,"12,16,14",7.2
The Deer King,2021-10-28,"16,18,12,14",6.4
The Discovery,2017-03-31,"18,10749,878,53,9648",6.3
A Good Person,2023-03-23,"18,35",7.1
Jason X,2001-11-09,"27,878",4.9
Little Blue,2022-11-04,18,5.1
Jesse Stone: Night Passage,2006-01-15,"18,53,10770",6.9
The Monuments Men,2014-01-24,"10752,18,36,28",6.1
Coming Home,1978-02-15,"18,10749,10752",7.0
Clerks II,2006-07-21,35,6.9
The Courier,2012-03-29,"28,80",5.0
Presumed Innocent,1990-07-27,"9648,80,53",6.8
Wonderland,2024-06-05,"878,18",7.1
The Phantom,1996-06-06,"12,28",5.3
Beautiful Girls,1996-02-09,"35,18,10749",6.7
Supercell,2023-03-17,"28,18",5.8
Animal Farm,1999-10-03,"10751,18,35",5.7
My Love,2021-04-30,"10749,18",6.9
Our Nationhood,2003-12-01,99,7.0
Killing Hasselhoff,2017-08-29,35,4.5
Darkland: The Return,2023-04-13,"53,28",6.4
50 Years of Star Trek,2016-08-14,99,6.6
The Swan Princess,1994-11-18,"10751,16,14,12,35",6.6
Dirty Pair: Project Eden,1986-11-28,"16,878,28,35,10749",7.2
She and Her Cat: Everything Flows,2016-05-21,"16,18",6.9
Losin' It,1983-04-08,35,5.0
The Bothersome Man,2006-05-26,"35,18,14",7.0
Operation Crossbow,1965-04-01,"18,10752,53",6.7
Tokyo Noir,2004-09-24,18,7.0
Eaten Alive,1976-12-25,"27,53",5.4
The Wedding Banquet,1993-03-01,"35,18,10749",7.2
Kindergarten Cop,1990-12-21,35,6.1
The St. Valentine's Day Massacre,1967-06-30,"36,80",6.3
The Matrix: Generation,2023-12-13,"99,10770",7.4
"Happy Halloween, Scooby-Doo!",2020-10-06,"10751,16,9648,35",7.8
I Kill Giants,2017-11-15,"14,18",6.2
Love Like the Falling Petals,2022-03-24,"18,10749",8.0
My Boss's Daughter,2003-08-21,"35,10749",5.0
Harper,1966-02-22,"9648,80,53",6.7
Anomalisa,2015-12-30,"16,18,10749,35",7.1
Space Battleship Yamato Resurrection,2009-12-12,"28,12,16,878",5.9
"Maggie Simpson in ""Rogue Not Quite One""",2023-05-03,"16,10751,878,35",5.9
Ted Bundy,2002-08-02,"80,27",5.7
Krippendorf's Tribe,1998-02-27,"35,10751",4.6
Nobody Knows Anything!,2004-08-24,"35,18",3.1
Apache,1954-07-09,"28,37",6.1
Kronk's New Groove,2005-12-05,"16,35,10751",6.4
Hollywoodgate,2024-07-19,"99,10752",8.0
Stargate: Continuum,2008-07-29,"28,12,878",7.1
Asura: The City of Madness,2016-09-28,"28,80,53",6.8
Stargate: Continuum,2008-07-29,"28,12,878",7.1
Asura: The City of Madness,2016-09-28,"28,80,53",6.8
Mothering Sunday,2021-11-12,"10749,18",5.4
Gods and Monsters,1998-09-12,18,7.0
Film Stars Don't Die in Liverpool,2017-11-17,"10749,18",6.4
Miracle Mile,1989-05-19,"10749,18,878,53,35,28",6.9
The Taking of Pelham One Two Three,1974-10-02,"80,53,28",7.5
The Damned,2025-01-03,"18,27,9648",5.9
The New Daughter,2009-12-18,"27,53",5.3
Door to Door,2002-07-14,"10770,18",7.6
Hardcore Henry,2015-09-12,"28,12,878",6.4
Sacramento,2025-04-11,"35,18",6.6
Everly,2014-09-20,"53,28",5.5
Out of the Furnace,2013-11-09,"53,18,80",6.6
Lullaby,2022-12-16,27,5.3
Biutiful,2010-10-20,18,7.2
Khanzab,2023-04-19,27,5.2
On Your Wedding Day,2018-08-22,"10749,18",7.5
Made in Dagenham,2010-10-01,"35,18,36",6.7
The Lost Daughter,2021-12-15,18,6.5
All-Time High,2023-11-17,"35,10749",5.8
Cosmopolis,2012-05-25,18,5.7
There's Still Tomorrow,2023-10-26,"18,35,36",8.1
Burning Palms,2010-04-23,"35,53",5.2
The Object of My Affection,1998-04-17,"35,18,10749",5.8
Kung Fu Panda Holiday,2010-11-26,"16,10751,10770,35,14",7.0
Pretty Cure All Stars DX3: Deliver the Future! The Rainbow-Colored Flower That Connects the World,2011-03-19,"16,28,14,35,12",8.1
The Machine,2013-04-25,"878,53",5.9
The Computer Wore Tennis Shoes,1969-12-29,"35,10751,18",6.0
Some Came Running,1958-12-25,"18,10749",6.9
Kalashnikov AK-47,2020-02-20,"10752,36,18",7.4
Hombre,2017-03-27,18,3.8
32 Malasana Street,2020-01-17,"18,27",6.4
A Tree of Palme,2002-03-16,"16,12,18,14",6.6
Kill the Irishman,2011-03-10,"28,80,53,18",6.8
One Piece: Chopper's Kingdom on the Island of Strange Animals,2002-03-02,"28,16,12",6.8
Black Sheep,2007-03-29,"27,35",5.8
One Piece: Chopper's Kingdom on the Island of Strange Animals,2002-03-02,"28,16,12",6.8
Black Sheep,2007-03-29,"27,35",5.8
The Story of Ruth,1960-06-17,"18,36",7.3
Kadhalikka Neramillai,2025-01-14,"10749,18,35",6.2
The Abyss,2023-09-15,"53,18,28",5.7
Hard Eight,1996-05-15,"18,80",6.9
Below Zero,2021-01-29,"28,80,53",6.4
Cold War,2018-06-08,"10749,10402,18",7.4
Hesher,2010-01-22,18,6.8
The Comedian,2016-12-09,35,5.7
The Second Best Exotic Marigold Hotel,2015-02-26,"18,35",6.4
Shady Chocolate,2012-12-08,99,5.8
Chestnut vs. Kobayashi: Unfinished Beef,2024-09-02,,3.5
Serial (Bad) Weddings,2014-04-16,35,6.7
Dolphin Tale,2011-09-22,"18,10751",6.9
Run Sweetheart Run,2020-01-27,"27,53",5.6
The Ladykillers,1955-12-08,"35,80",7.3
Romeo & Juliet,2013-09-12,"10749,18",6.7
Barry Munday,2010-03-13,"35,18,10749",5.8
Beyond the Boundary: I'll Be Here – Future,2015-04-25,"16,28,14,18,35",7.5
Land of Mine,2015-12-03,"10752,18,36",7.8
The Bunker,1981-04-15,"10752,18",6.3
A Writer's Odyssey,2021-02-12,"14,28,12,18",7.1
Monster High: Scaris City of Frights,2013-03-03,"16,14",7.9
Zoolander 2,2016-02-06,"35,12,28",4.9
Winter's Tale,2014-02-13,"18,14,9648,10749",6.3
Umjolo: There Is No Cure,2025-02-13,"10749,35,18",6.2
He Never Died,2015-12-18,"35,18,14,27",6.2
Damage,2009-10-05,"28,53,18",6.6
The Collection,2012-11-30,"27,53",6.4
The Waterboy,1998-11-06,35,6.0
The Laramie Project,2002-01-10,"80,18,10770",6.5
Halloweentown High,2004-10-08,"12,35,10751,14,10770",6.5
The Tiger Rising,2022-01-07,"12,10751,18",5.4
Reign Over Me,2007-03-22,18,7.2
The Greatest Show on Earth,1952-02-16,"18,10749",6.3
3000 Miles,2007-04-24,"28,35,99",5.0
Immortal Demon Slayer,2017-07-13,"14,28,12,10751",7.6
The Preacher's Wife,1996-12-13,"10751,14,18,35,10749",5.8
Psycho Beach Party,2000-08-06,"35,27",5.8
Psycho Beach Party,2000-08-06,"35,27",5.8
The Humans,2021-11-24,18,6.1
The UFO Movie THEY Don't Want You to See,2023-08-20,99,6.5
Beastmaster 2: Through the Portal of Time,1991-06-08,"28,12,14,878",4.7
Raanjhanaa,2013-06-21,"18,10749",6.6
The Silence of Marcos Tremmer,2024-11-29,"18,10749",7.1
The Battleship Island,2017-07-26,"28,36,18,10752",7.1
Wagons East!,1994-08-16,"12,35,37",4.9
JoJo's Bizarre Adventure: Diamond is Unbreakable – Chapter 1,2017-08-04,"28,12,14,53",6.6
Porno,2013-07-27,18,5.9
The Cat from Outer Space,1978-06-09,"35,10751,878",5.9
Romeo Is Bleeding,1993-09-13,"80,18,10749",6.3
Even Lambs Have Teeth,2015-10-03,"53,27",5.7
Stowaway,2021-06-24,"878,18,53,12",6.0
The Curse of the Jade Scorpion,2001-08-05,"35,80,10749",6.6
Tokyo Ghoul: Jack,2015-09-05,"27,28,16,18",7.6
RocknRolla,2008-09-04,"28,80,53",7.0
The Rewrite,2014-06-15,"10749,35",6.0
RocknRolla,2008-09-04,"28,80,53",7.0
The Rewrite,2014-06-15,"10749,35",6.0
Victoria & Abdul,2017-09-13,"18,36",6.9
Gokaiger Goseiger Super Sentai 199 Hero Great Battle,2011-06-11,"28,12,878",7.4
School for Scoundrels,2006-09-29,"35,10749",5.4
Superman/Batman: Public Enemies,2009-09-29,"878,16,12,18",7.1
Appassionata,1974-05-22,18,5.7
Catch That Kid,2004-02-06,"10751,28,12",5.6
Honey 2,2011-06-23,"10402,35,18",6.3
Calendar Girls,2003-09-02,"18,35",6.5
Warriors of Virtue,1997-05-02,"14,10751,28",4.7
The Yin Yang Master Zero,2024-04-19,"14,36,9648",5.6
La Querida,2023-02-10,18,4.2
Theater Camp,2023-07-13,35,6.6
Real Gangsters,2013-06-01,"18,80",2.8
Scooby-Doo! Abracadabra-Doo,2010-02-16,"16,35,10751,9648,14",7.7
Message from the King,2017-05-10,"28,9648,53",6.3
Naked Singularity,2021-08-06,"80,18",4.7
Mafia Mamma,2023-04-13,"35,80,28",6.1
The Frozen Ground,2013-07-11,"53,80",6.3
The One Percent,2006-04-29,99,5.9
GomBurZa,2023-12-25,"36,18",6.0
The Neon Demon,2016-05-31,"53,27",6.5
Hampstead,2017-06-23,"35,10749",6.0
Days of Thunder,1990-06-27,"12,28,18",6.4
Audacity,2015-06-18,"18,35",4.5
Shark Bait,2006-07-07,"16,10751",5.0
Battleship Potemkin,1925-12-24,"18,36,10752",7.6
Crossing Delancey,1988-08-17,"35,10749",5.8
Joe Dirt 2: Beautiful Loser,2015-07-16,35,4.9
The Fourth Protocol,1987-03-20,"28,53",6.3
The Scorpion King 4: Quest for Power,2015-01-09,"28,12,14",5.2
Read It and Weep,2006-07-21,"10751,35,18,10770",5.8
Me contro Te: Il film - Operazione spie,2024-06-01,"35,12,10751",5.0
Don't Think Twice,2016-07-22,"35,18",6.4
I'm a Porn Star: Gay 4 Pay,2016-08-11,99,7.2
OtherLife,2017-06-16,"878,80,9648",6.4
OtherLife,2017-06-16,"878,80,9648",6.4
Mercy Falls,2023-09-01,"53,27",5.9
Summertime,2015-08-19,"18,10749",6.7
The Warrior's Way,2010-12-01,"12,14,28,37,53",6.6
The Naughty Nine,2023-11-09,"10751,12,35,10770,80",6.2
The Road Within,2014-10-24,"35,18",6.9
Elisa & Marcela,2019-05-24,"18,10749",7.3
7 Days in Hell,2015-07-08,"10770,35",6.5
Detroit Rock City,1999-08-13,"35,10402,12",6.8
22 July,2018-10-04,"80,18,36,53",7.1
Pyewacket,2017-12-08,"53,27,18",5.9
Wonderland,2003-10-23,"80,9648,18",6.1
Un Chien Andalou,1929-06-05,27,7.4
Elephant,2003-09-20,"80,18",7.1
I Am Michael,2015-01-29,18,5.5
Down a Dark Hall,2018-08-01,"27,9648,53,14,18",5.6
Heavy Metal,1981-08-07,"16,878,12,14,10402",6.5
A Tale of Legendary Libido,2008-04-30,"35,14,18",5.8
Digimon Adventure 02: The Beginning,2023-04-01,"16,12,14",7.3
Sweet Sex and Love,2003-06-27,"10749,18",5.9
To the Wonder,2013-02-22,"18,10749",5.8
Slam Dunk 2: National Tournement,1994-07-09,"18,16,35",5.7
Digimon Tamers: Battle of Adventurers,2001-07-14,16,7.1
Spawn,1997-07-31,"28,12,14,27,878,53",5.4
Balloon,2018-09-27,"53,18,36",7.5
The Willoughbys,2020-04-22,"16,35,10751",7.1
Mia and the White Lion,2018-08-02,"12,10751,18",7.3
The Nanny Diaries,2007-08-24,"35,18,10749",6.4
Where Eagles Dare,1968-12-04,"28,12,10752",7.5
Baby Steps,2023-05-01,"18,35",2.0
Fumiko's Legs,2018-02-10,18,3.8
Help! I'm a Fish,2000-10-06,"12,16,35,10751,18",6.7
Monkey Trouble,1994-03-18,"35,10751",5.7
John and the Hole,2021-08-06,"18,53,27",5.3
"Love Me, Love Me Not",2020-09-18,"16,18,10749,35",7.2
Mom's Friend 4,2018-01-08,10749,5.7
"The Beast from 20,000 Fathoms",1953-06-13,"18,27,878",6.6
The Blind,2023-09-28,18,6.6
Ablaze,2022-05-26,99,7.5
Ablaze,2022-05-26,99,7.5
Hard Hunted,1992-09-11,"28,53",4.8
Run Lola Run,1998-08-20,"28,18,53",7.3
IKEA Rights - The Next Generation (Legal Edition),2018-06-19,"35,80,18,10749",10.0
Bad Hair Day,2015-02-13,"35,12,10770,10751",6.4
Swallow,2020-01-15,"18,53,27",6.6
Marvel Studios Assembled: The Making of Doctor Strange in the Multiverse of Madness,2022-07-07,99,7.2
Hack Your Health: The Secrets of Your Gut,2024-04-26,99,6.7
Monty Python Live at the Hollywood Bowl,1982-06-25,35,7.4
The Exterminator,1980-09-10,28,5.6
Jurassic World Camp Cretaceous: Hidden Adventure,2022-11-15,"28,12,16",5.8
Fame,2009-09-23,"10402,35,18,10749",5.7
Our Idiot Brother,2011-08-26,"35,18",6.2
The Doctor,1991-07-24,18,6.4
Operation: Endgame,2010-07-20,"12,28,35,53",5.0
Narrow Margin,1990-09-21,"28,53,80,9648",6.4
Les Misérables,2019-11-14,"80,18,53",7.6
South Park the Streaming Wars Part 2,2022-07-13,"16,35,10770",7.1
Fort Apache,1948-05-21,37,7.0
Small Engine Repair,2021-09-10,"80,18,53",6.2
Small Engine Repair,2021-09-10,"80,18,53",6.2
The War of the Roses,1989-12-08,"35,18",6.9
Secret Summer,2016-04-02,"10749,10751,35,10770",6.7
Red,2020-02-21,10749,4.7
American Factory,2019-08-21,99,7.2
A Guy Thing,2003-01-17,"35,10749",5.9
The November Man,2014-08-27,"80,28,53",6.1
Trash Humpers,2010-05-07,"35,27",5.3
The Perfect Game,2009-11-09,"18,10751",7.1
Godzilla vs. Megaguirus,2000-11-03,"28,878,53,27",6.7
The Stoning of Soraya M.,2009-06-26,"80,18",7.6
EKS,2024-03-01,18,3.7
Meatballs,1979-06-28,35,5.8
Confessions,2010-06-04,"18,53,9648",7.6
Murphy's Law,1986-04-18,"28,53,80",6.0
Gia,1998-01-31,"10749,18",7.1
Copycat,1995-10-27,"53,80,9648,27,18",6.5
Lean on Pete,2018-04-06,"18,12",6.9
Every Breath You Take,2021-04-02,"53,9648",5.9
Hot Target,1985-10-01,53,3.2
The Babymakers,2012-08-03,35,5.1
Once Were Warriors,1994-09-02,18,7.4
The Great Lillian Hall,2024-06-30,18,6.5
Out of the Past,1947-11-25,"80,53,9648",7.6
Welcome to the Space Show,2010-02-18,"16,878",6.5
Bright Star,2009-09-18,"18,10749",6.6
Thirteen Days,2000-12-25,"36,53",7.0
Resident Evil: Degeneration,2008-02-13,"16,27,28,878",6.8
Punchline,1988-10-07,"35,18",5.4
55 Days at Peking,1963-05-06,"36,10752,18",7.0
The Big Hit,1998-04-24,"28,12,35,80,53",6.0
White Fang,2018-03-28,"16,10751",7.4
The Taking of Pelham 1 2 3,2009-06-10,"80,53,28",6.3
THE iDOLM@STER MOVIE: Beyond the Brilliant Future!,2014-01-25,"16,18,10402",6.4
Appointment with Death,1988-04-15,"53,80,9648,18",6.1
Lady Bloodfight,2016-11-11,"28,53",6.6
Anchorman 2: The Legend Continues,2013-12-18,35,6.1
The Only Living Boy in New York,2017-07-27,18,6.4
In a Valley of Violence,2016-10-21,"37,28",6.1
Detective Dee and the Mystery of the Phantom Flame,2010-09-18,"28,12,18,9648",6.5
The United States vs. Billie Holiday,2021-03-31,"10402,18,36",6.5
Lawn Dogs,1997-11-21,18,7.1
Thawing Out,2009-01-31,"35,18",5.8
An Affair: My Wife's Friend,2018-05-17,10749,5.8
Jackass 3.5,2011-04-01,"35,99,28",6.3
The Case of the Bloody Iris,1972-08-04,"53,9648,27",6.3
Duel in the Sun,1946-12-31,"37,18,10749",6.3
The Bad Seed,2018-09-09,"18,27,53,10770",7.0
Luce,2019-08-02,"18,53",6.4
Kon-Tiki,2012-08-24,"12,36",6.9
AINBO: Spirit of the Amazon,2021-02-09,"12,16,10751,14",7.0
MacGruber,2010-05-21,"28,35",5.4
Pacto de Fuga,2020-01-23,"18,53",7.5
Mortal Kombat: Rebirth,2010-06-08,"28,14",6.5
Mobile Suit Gundam: The Origin II - Artesia's Sorrow,2015-10-31,"16,28,878",7.1
Tales of Halloween,2015-10-16,"27,53,12,35,14",5.8
Doraemon: Nobita's Great Battle of the Mermaid King,2010-03-06,"12,10751,16,14",7.1
Mere Husband Ki Biwi,2025-02-21,"18,35",7.2
The Rifleman of the Voroshilov Regiment,1999-04-19,"18,28,80",7.2
Waltz with Bashir,2008-06-12,"18,16,10752,99",7.7
The Curse of Bridge Hollow,2022-10-14,"12,35,27,10751",6.5
Iron Will,1994-01-14,"12,10751,28",6.7
The Secret Sex Life of a Single Mom,2014-05-31,"18,9648,10749,10770",5.0
Crying Freeman,1995-04-23,"28,80",6.3
Raid on Entebbe,1976-12-26,"18,53,10770,36",6.0
Freedomland,2006-02-17,"18,53,80,9648",5.2
My Life in Ruins,2009-06-05,"35,10749",6.1
Marvel Rising: Secret Warriors,2018-09-30,"10751,16,28,35,878,10770,12",6.6
Now & Later,2009-02-18,18,5.3
Casino Royale,1967-04-13,"12,28,35",5.3
Honor Society,2022-07-23,35,7.5
Tiny Toon Adventures: How I Spent My Vacation,1992-03-11,"16,35,10751",6.7
The Secret Life of Walter Mitty,1947-09-01,"35,14,10749",6.7
New York Stories,1989-03-10,"35,18",6.2
Coogan's Bluff,1968-10-02,"28,80,18,53",6.4
Live from Baghdad,2002-12-07,"18,10752,10770",6.7
Run Ronnie Run,2002-01-20,35,5.9
I'm in Love with a Church Girl,2013-10-18,"18,10749",6.0
Driven,2001-04-27,"28,18",5.1
The Portable Door,2023-03-23,"14,12,35",6.5
Dragonwyck,1946-04-19,"18,10749,53",6.6
Haunting on Fraternity Row,2018-11-02,"27,9648,53",5.4
The Marrying Man,1991-04-05,"28,35,10749,53,18",5.6
Leatherface: The Texas Chainsaw Massacre III,1990-01-12,"27,53",5.3
Mousa,2021-08-11,"28,12,878",6.6
Ala Vaikunthapurramuloo,2020-01-12,"28,35,18",6.7
Dude,2018-04-20,35,5.5
Temptation of Mother-in-Law,2019-02-22,10749,4.3
The Birdcage,1996-03-08,35,7.0
Damsel,2018-06-22,"37,18,35",5.4
Hachiko,2023-03-31,"18,10751",7.9
Adultery Alumni Association 2,2019-02-18,"18,10749",4.7
New Faces,1954-02-19,"10402,35",6.5
The Station Agent,2003-12-05,"18,35",7.4
Tokyo Phoenix,2017-05-20,"99,36,10770",7.3
The Weather Man,2005-10-20,"35,18",6.2
The Station Agent,2003-12-05,"18,35",7.4
Tokyo Phoenix,2017-05-20,"99,36,10770",7.3
The Weather Man,2005-10-20,"35,18",6.2
Cabin Fever,2016-02-12,27,4.7
Blue Steel,1990-03-16,53,5.8
"Scooby-Doo! and Krypto, Too!",2023-09-25,"16,10751,9648,14,35",7.6
Heavenly Touch,2009-05-12,"18,10749",5.8
Wild Orchid,1989-12-22,"18,10749",5.2
Just Cause,1995-02-17,"28,18,9648,53",6.2
El Camino Christmas,2017-12-08,"35,80,18",5.6
Santosh,2024-07-17,"80,18,53",7.1
"Merry Christmas, Drake & Josh",2008-12-05,"35,10751,10770",7.3
The Great Gilly Hopkins,2015-10-05,"35,18,10751",6.6
Sword of Lancelot,1963-06-02,"28,12,14,10749",4.5
Around the World in 80 Days,2004-06-16,"28,12,35",5.9
Survival of the Dead,2010-05-06,"27,35,18,53",4.9
Gabriel,2007-11-15,"14,27,28,878",6.0
Hanasaku Iroha the Movie: Home Sweet Home,2013-03-09,"16,18,35",6.2
HUGtto! Pretty Cure♡Futari wa Pretty Cure: All Stars Memories,2018-10-27,"16,14,28,35,12,10751",6.3
Neo Tokyo,1989-04-15,"878,16,12,14",6.7
Deadly Blessing,1981-08-14,"27,53",5.5
The Devil Comes at Night,2023-06-06,27,6.5
Bend of the River,1952-01-23,"37,12",6.9
Son of Frankenstein,1939-01-13,"27,878",6.7
Lore,2024-09-27,27,5.4
Baby Boy,2001-06-27,"80,18,10749,53",7.1
Bud Abbott and Lou Costello Meet the Invisible Man,1951-04-12,"35,80,27,878",6.4
Animal Crossing: The Movie,2006-12-16,"16,18,10751",6.8
Breezy,1973-11-18,"18,10749",6.8
Angels Fallen,2020-01-14,"27,14,28",5.8
Mindhorn,2016-10-09,35,6.1
Little Witch Academia: The Enchanted Parade,2015-07-03,"28,16,14,35",7.2
The Hunter,1980-08-01,"53,28,35",5.9
Girl 6,1996-03-22,"35,18",5.0
Pocket Listing,2016-03-23,"28,35,80",6.4
Blackboard Jungle,1955-03-25,"80,18",6.9
Intruders,2015-06-12,"18,53,27",5.9
The Captain,2018-02-02,"10752,18,36",7.2
Saaho,2019-08-29,"28,12,53",5.9
Deliver Us from Eva,2003-02-07,"10749,35",6.4
Lady and the Tramp II: Scamp's Adventure,2001-02-18,"10751,16,10749,12",6.3
Crypto,2019-04-12,"53,80,18",5.4
First Cow,2020-03-06,"18,37",7.1
Trouble Every Day,2001-07-11,"18,27,10749",5.8
Twisted,2004-02-27,"28,12,80,18,53",5.6
The Whole Truth,2021-12-02,"18,27,9648,53",6.5
Kitbull,2019-01-18,"16,10751,18",8.0
Relic,2020-07-03,"27,9648",6.1
Let Me Eat Your Pancreas,2017-07-28,"18,10749",7.0
The Luck of the Irish,2001-12-02,"10751,10770,35,12",6.1
The Wood,1999-07-16,"35,18,10749",6.8
The Brand New Adventures of Aladdin,2018-10-03,"35,14,12",4.8
Groot Takes a Bath,2022-08-10,"16,10751,35,878",7.1
House Arrest,1996-08-14,"35,10751",5.3
Stargirl,2020-03-10,"35,18,10749,10751",7.4
Soylent Green,1973-04-18,"878,53,80,9648",6.9
Just Getting Started,2017-12-01,"28,35",4.9
Love Clinic,2015-05-07,"18,35,10749",6.6
Star Trek: Nemesis,2002-12-13,"878,28,12,53",6.3
The Pirates: The Last Royal Treasure,2022-01-26,"28,12,35,14",6.5
The Diplomat,2025-03-07,"53,18",6.6
R.A.D.A.R.: The Adventures of the Bionic Dog,2023-06-27,"10751,878,35,12",7.2
Animal Instincts,1992-10-21,"18,53",5.1
Two Rode Together,1961-05-24,37,6.4
Outsource,2022-01-18,"28,35",5.6
White Bird in a Blizzard,2014-08-14,"53,18",6.2
The Shadow in the North,2007-09-15,"80,18,9648",6.7
The Inventor,2023-09-15,"16,18,10751,36",6.3
Ghost in the Shell: Arise - Border 1: Ghost Pain,2013-06-22,"28,16,80,878",7.1
The Jack Bull,1999-04-17,"37,10770",6.4
Beat Street,1984-06-08,"18,10402",6.9
Submission,2018-03-02,18,5.9
Quincy,2018-09-09,"99,10402",7.3
Conquest of the Planet of the Apes,1972-06-29,"28,878",6.2
Tom and Jerry Blast Off to Mars!,2005-01-18,"16,10751",6.5
Dead Heat,1988-05-06,"28,27,878,53,35",6.1
Knockaround Guys,2001-11-30,"80,53",6.0
Blood Work,2002-08-09,"53,80,28,9648",6.2
Ma Rainey's Black Bottom,2020-11-25,"18,10402",6.7
Risen,2021-08-20,"878,18,53",5.1
Amateur Night,2016-08-12,35,5.6
King Kong,1933-03-15,"12,14,27",7.6
Mobile Suit Gundam: The 08th MS Team - Miller's Report,1998-08-01,"16,28,878,10752",7.2
Take Down,2016-05-05,53,5.8
The Wild One,1953-12-30,18,6.6
Vina: Before 7 Days,2024-05-08,"80,27,18,9648,53",6.1
Zorro,1975-03-06,"12,28,35,37",6.6
Easter Sunday,2022-08-04,35,5.8
Dragon: The Bruce Lee Story,1993-05-07,"18,36,28",6.9
Pork Chop Hill,1959-05-29,"18,36,10752",6.5
Mobile Suit Gundam 00 Special Edition II: End of World,2009-12-23,"28,18,12,878,10752,16",6.1
Dream Horse,2021-05-21,"35,18",7.0
Godzilla 1985,1985-08-23,"28,878,53",6.8
SLY LIVES! (aka The Burden of Black Genius),2025-01-23,"99,10402",7.3
The Last American Hero,1973-07-27,18,5.7
Beloved,1998-10-16,"18,53,27",5.8
Meet the Deedles,1998-03-27,"35,10751",4.5
Beloved,1998-10-16,"18,53,27",5.8
Meet the Deedles,1998-03-27,"35,10751",4.5
The Counselor,2013-10-25,"53,80,18",5.3
Bromates,2022-10-07,35,4.8
Justice Society: World War II,2021-04-27,"16,10752,878",7.4
Invincible,2006-08-25,"18,36",7.0
13 Ghosts,1960-07-18,27,5.7
Hijacked: Flight 285,1996-02-04,"28,18,80,53,10770",5.3
6 Days,2025-01-15,"18,10749",8.8
Sweet Bean,2015-05-30,18,7.4
The Cookout,2004-09-03,35,4.6
Kabaneri of the Iron Fortress: Light That Gathers,2016-12-31,"16,18,28,878",7.8
Superdeep,2020-11-04,"27,878,53",6.0
Liberal Arts,2012-09-14,"10749,35,18",6.4
Heisei Rider vs. Showa Rider: Kamen Rider Wars feat. Super Sentai,2014-03-29,"28,12,878",6.7
Trainwreck,2015-07-17,"35,10749",5.8
The Main Event,2020-04-10,"10751,35",6.5
Aniara,2019-05-17,"878,18",6.1
Slaughtered Vomit Dolls,2006-02-14,"27,18",4.2
Bitter Moon,1992-09-02,"53,18,10749",7.1
Beethoven's 3rd,2000-07-25,"10751,35",5.2
Joshy,2016-08-12,"18,35",5.7
The Catcher Was a Spy,2018-06-22,"18,10752,53",6.2
The Big Bus,1976-06-23,"28,35",5.2
The Public Enemy,1931-04-23,"80,18",7.3
Megalodon,2018-08-10,"28,878,27,10770",5.5
The Vanishing,1988-10-27,"53,9648",7.5
Boo! A Madea Halloween,2016-10-21,35,5.8
Desperate Measures,1998-01-30,"28,18,53,80",6.0
Gomorrah,2008-05-16,"18,80",6.9
¡Que viva México!,2023-03-23,"18,35",7.3
Reprisal,2018-08-31,"28,12,53",5.2
Dead Like Me: Life After Death,2009-02-17,"18,14,35",6.3
Alice,1990-12-25,"14,18,10749,35",6.4
Antigang,2015-08-19,"28,18",5.8
Haider,2014-10-02,"80,18",7.2
Revolt,2017-07-01,"878,28",5.5
"20,000 Leagues Under the Sea",1954-12-23,"12,878,10751",7.0
Backdraft,1991-05-24,"18,53,28,80",6.7
Haider,2014-10-02,"80,18",7.2
Revolt,2017-07-01,"878,28",5.5
"20,000 Leagues Under the Sea",1954-12-23,"12,878,10751",7.0
Backdraft,1991-05-24,"18,53,28,80",6.7
Death to 2020,2020-12-27,35,6.5
Gloria,1999-01-22,"18,80,53",5.7
Nothing in Common,1986-07-29,"18,35,10749",5.8
MAL·MO·E: The Secret Mission,2019-01-09,"18,35,36",7.8
Mobile Suit Gundam 00 Special Edition III: Return The World,2010-02-23,"28,12,16,878,10752",6.7
Rendition,2007-09-07,"18,53",6.4
Royal Warriors,1986-06-26,"80,28",6.7
4 Moons,2014-03-21,"18,10749",7.1
I Give My First Love to You,2009-10-24,"18,10749",7.4
Time to Hunt,2020-02-22,"18,28,53",7.2
Rab Ne Bana Di Jodi,2008-12-11,"35,18,10749",7.1
The Conformist,1970-07-01,18,7.7
You'll Never Find Me,2023-03-14,"27,53",6.1
Resurrection,2022-07-29,"18,27,9648",6.0
The Rising Hawk,2019-10-10,"28,36,18",5.9
The Healer,2017-02-17,"10751,18,35",7.2
The Blessing Bracelet,2023-04-09,"10770,10749,18",6.2
Double Agent 73,1974-01-01,"35,80",3.8
Allan Quatermain and the Lost City of Gold,1986-12-17,"12,28,35,9648",4.7
Doraemon: Nobita and the Robot Kingdom,2002-03-09,"16,12,14,878,10751",6.8
Turbo: A Power Rangers Movie,1997-03-27,"28,12,10751,14,878",5.7
Crossing,2024-03-22,18,7.4
Midori,1992-05-02,"16,18,27,10749",6.2
Holding the Man,2015-08-27,18,7.7
Don't Look Up,2009-09-24,27,3.6
The Infernal Machine,2022-09-23,"53,9648",6.3
Apollo 18,2011-07-20,"27,53,878",5.3
The Soccer Football Movie,2022-11-09,"16,35,10751",5.8
DarkGame,2024-02-29,"27,53",5.2
Misconduct,2016-02-05,"18,53",5.6
The Immortal Wars: Rebirth,2021-11-02,878,7.8
Sixteen Candles,1984-05-04,"35,10749",6.8
Our Man Flint,1966-01-16,"28,35,12,878",6.4
The Photographer of Mauthausen,2018-10-26,"18,36,53",7.0
American Woman,2018-06-07,18,6.4
Law of Desire,1987-02-07,"18,10749,53,35",7.2
